-- phpMyAdmin SQL Dump
-- version 5.2.1
-- https://www.phpmyadmin.net/
--
-- 主機： 127.0.0.1
-- 產生時間： 2024-09-09 11:33:26
-- 伺服器版本： 10.4.32-MariaDB
-- PHP 版本： 8.2.12

SET SQL_MODE = "NO_AUTO_VALUE_ON_ZERO";
START TRANSACTION;
SET time_zone = "+00:00";


/*!40101 SET @OLD_CHARACTER_SET_CLIENT=@@CHARACTER_SET_CLIENT */;
/*!40101 SET @OLD_CHARACTER_SET_RESULTS=@@CHARACTER_SET_RESULTS */;
/*!40101 SET @OLD_COLLATION_CONNECTION=@@COLLATION_CONNECTION */;
/*!40101 SET NAMES utf8mb4 */;

--
-- 資料庫： `mahjong`
--

-- --------------------------------------------------------

--
-- 資料表結構 `booking_record`
--

CREATE TABLE `booking_record` (
  `id` int(11) NOT NULL,
  `numerical_order` varchar(30) NOT NULL,
  `table_id` int(11) NOT NULL,
  `user_id` int(11) NOT NULL,
  `date` date NOT NULL,
  `start_time` time NOT NULL,
  `end_time` time NOT NULL,
  `status` varchar(10) NOT NULL,
  `created_at` datetime NOT NULL DEFAULT current_timestamp(),
  `playroom_type` varchar(50) NOT NULL,
  `notes` text DEFAULT NULL,
  `total_price` decimal(10,2) DEFAULT NULL,
  `party_id` int(255) DEFAULT NULL
) ENGINE=InnoDB DEFAULT CHARSET=utf8mb4 COLLATE=utf8mb4_unicode_ci;

--
-- 傾印資料表的資料 `booking_record`
--

INSERT INTO `booking_record` (`id`, `numerical_order`, `table_id`, `user_id`, `date`, `start_time`, `end_time`, `status`, `created_at`, `playroom_type`, `notes`, `total_price`, `party_id`) VALUES
(1, 'ZdbLuQZKBS', 502, 15, '2024-09-10', '11:00:00', '12:00:00', 'booked', '2024-08-20 12:43:18', '1', '', 1000.00, 0),
(2, '2v5dTDGCQs', 66, 2, '2024-08-09', '20:00:00', '21:00:00', 'completed', '2024-08-20 12:43:18', '1', '', 1000.00, 0),
(3, 'PI9tvNHcKt', 1331, 45, '2024-08-06', '13:00:00', '14:00:00', 'completed', '2024-08-20 12:43:18', '0', '', 500.00, 0),
(4, 'vm75Yj8lcc', 1207, 18, '2024-09-04', '16:00:00', '18:00:00', 'booked', '2024-08-20 12:43:18', '1', '', 2000.00, 0),
(5, 'wFbWwOVzEf', 570, 10, '2024-08-01', '21:00:00', '23:00:00', 'completed', '2024-08-20 12:43:18', '1', '', 4000.00, 0),
(6, 'qZcFnQVp9j', 199, 23, '2024-08-14', '11:00:00', '12:00:00', 'cancelled', '2024-08-20 12:43:18', '1', '', 1000.00, 0),
(7, 'koEPdJcdRe', 941, 35, '2024-08-23', '19:00:00', '22:00:00', 'booked', '2024-08-20 12:43:18', '0', '', 1500.00, 0),
(8, 'a5QiAWGuvC', 1183, 13, '2024-08-08', '11:00:00', '14:00:00', 'cancelled', '2024-08-20 12:43:18', '1', '', 3000.00, 0),
(9, 'v904hkHfHJ', 164, 15, '2024-08-05', '20:00:00', '22:00:00', 'completed', '2024-08-20 12:43:18', '1', '', 2000.00, 0),
(10, 'hH5ZKLwFMI', 334, 24, '2024-08-07', '14:00:00', '18:00:00', 'cancelled', '2024-08-20 12:43:18', '1', '', 4000.00, 0),
(11, 'd7ADmzKQU8', 1248, 41, '2024-08-23', '13:00:00', '16:00:00', 'booked', '2024-08-20 12:43:18', '0', '', 1500.00, 0),
(12, 'b0QGKgA977', 553, 41, '2024-08-11', '12:00:00', '16:00:00', 'completed', '2024-08-20 12:43:18', '1', '', 4000.00, 0),
(13, 'fX2LY2jrpQ', 115, 15, '2024-09-14', '18:00:00', '20:00:00', 'booked', '2024-08-20 12:43:18', '1', '', 2000.00, 0),
(14, 'Oe0agSorVA', 433, 37, '2024-08-03', '16:00:00', '19:00:00', 'cancelled', '2024-08-20 12:43:18', '0', '', 1500.00, 0),
(15, 'YnE5HVL9yL', 1317, 30, '2024-08-21', '13:00:00', '17:00:00', 'booked', '2024-08-20 12:43:18', '1', '', 4000.00, 0),
(16, 'PHPeOqTdd7', 1198, 28, '2024-08-10', '12:00:00', '14:00:00', 'cancelled', '2024-08-20 12:43:18', '1', '', 2000.00, 0),
(17, 'nkmIpIlVjn', 284, 33, '2024-09-07', '16:00:00', '19:00:00', 'booked', '2024-08-20 12:43:18', '0', '', 1500.00, 0),
(18, '8pU8gPx0ha', 314, 41, '2024-09-01', '11:00:00', '12:00:00', 'booked', '2024-08-20 12:43:18', '0', '', 500.00, 0),
(19, '1X8pv3oxMd', 782, 39, '2024-08-11', '19:00:00', '20:00:00', 'cancelled', '2024-08-20 12:43:18', '1', '', 1000.00, 0),
(20, 'LaZ3T2LOP5', 235, 44, '2024-08-30', '18:00:00', '21:00:00', 'booked', '2024-08-20 12:43:18', '0', '', 1500.00, 0),
(21, 'mP5Nu7BCUd', 229, 19, '2024-09-04', '22:00:00', '23:00:00', 'booked', '2024-08-20 12:43:18', '1', '', 3000.00, 0),
(22, '5AYEZdJNB8', 540, 33, '2024-08-28', '12:00:00', '16:00:00', 'booked', '2024-08-20 12:43:18', '0', '', 2000.00, 0),
(23, 'BJDXsbdOAC', 314, 24, '2024-08-12', '23:00:00', '23:00:00', 'completed', '2024-08-20 12:43:18', '0', '', 1500.00, 0),
(24, 'unxBDlfSRc', 40, 8, '2024-08-11', '19:00:00', '22:00:00', 'completed', '2024-08-20 12:43:18', '1', '', 3000.00, 0),
(25, 'RPgtAfI0E2', 119, 16, '2024-08-24', '23:00:00', '23:00:00', 'booked', '2024-08-20 12:43:18', '0', '', 1500.00, 0),
(26, 'hPgm9N2NHe', 142, 49, '2024-09-06', '11:00:00', '12:00:00', 'booked', '2024-08-20 12:43:18', '1', '', 1000.00, 0),
(27, 'FK5g9Nh6tn', 974, 36, '2024-09-04', '22:00:00', '23:00:00', 'booked', '2024-08-20 12:43:18', '0', '', 1000.00, 0),
(28, 'biqAgZIjIL', 1105, 49, '2024-08-11', '18:00:00', '22:00:00', 'cancelled', '2024-08-20 12:43:18', '0', '', 2000.00, 0),
(29, 'xAzudUiO7b', 1331, 24, '2024-09-14', '13:00:00', '16:00:00', 'booked', '2024-08-20 12:43:18', '1', '', 3000.00, 0),
(30, 'tGRvdUZSM5', 508, 15, '2024-08-29', '18:00:00', '22:00:00', 'booked', '2024-08-20 12:43:18', '0', '', 2000.00, 0),
(31, 'z7M2IzxVeb', 15, 5, '2024-08-05', '10:00:00', '12:00:00', 'cancelled', '2024-08-20 12:43:18', '0', '', 1000.00, 0),
(32, 'p7X6lfdt33', 65, 22, '2024-09-10', '10:00:00', '12:00:00', 'booked', '2024-08-20 12:43:18', '0', '', 1000.00, 0),
(33, 'zuS8K5FeLb', 1105, 9, '2024-08-05', '14:00:00', '18:00:00', 'completed', '2024-08-20 12:43:18', '0', '', 2000.00, 0),
(34, 'Ym9not9RuM', 969, 27, '2024-09-06', '19:00:00', '23:00:00', 'booked', '2024-08-20 12:43:18', '0', '', 2000.00, 0),
(35, 'jIgVho4LwP', 868, 27, '2024-08-13', '11:00:00', '15:00:00', 'completed', '2024-08-20 12:43:18', '1', '', 4000.00, 0),
(36, '4a4jQdzTdF', 125, 26, '2024-08-30', '23:00:00', '23:00:00', 'booked', '2024-08-20 12:43:18', '0', '', 500.00, 0),
(37, 'PJeI27JYlY', 393, 13, '2024-08-22', '22:00:00', '23:00:00', 'booked', '2024-08-20 12:43:18', '0', '', 500.00, 0),
(38, '4b4CirRTlG', 376, 18, '2024-09-04', '17:00:00', '19:00:00', 'booked', '2024-08-20 12:43:18', '1', '', 2000.00, 0),
(39, 'fU3YbvQMIo', 1128, 7, '2024-08-30', '13:00:00', '14:00:00', 'booked', '2024-08-20 12:43:18', '1', '', 1000.00, 0),
(40, '6dXylw3Ftx', 833, 32, '2024-08-04', '11:00:00', '13:00:00', 'completed', '2024-08-20 12:43:18', '0', '', 1000.00, 0),
(41, 'S2q8ujT24l', 338, 25, '2024-08-31', '13:00:00', '17:00:00', 'booked', '2024-08-20 12:43:18', '0', '', 2000.00, 0),
(42, 'PIotMs05o0', 867, 45, '2024-08-01', '14:00:00', '18:00:00', 'cancelled', '2024-08-20 12:43:18', '1', '', 4000.00, 0),
(43, 'w7FFgvSgSr', 389, 19, '2024-09-05', '20:00:00', '23:00:00', 'booked', '2024-08-20 12:43:18', '0', '', 2000.00, 0),
(44, 'uqAiObgmUI', 118, 4, '2024-08-14', '19:00:00', '20:00:00', 'completed', '2024-08-20 12:43:18', '1', '', 1000.00, 0),
(45, 'oF5GkdNnjv', 1041, 6, '2024-09-07', '17:00:00', '19:00:00', 'booked', '2024-08-20 12:43:18', '0', '', 1000.00, 0),
(46, '8RT0EIs8o7', 827, 8, '2024-08-12', '19:00:00', '20:00:00', 'completed', '2024-08-20 12:43:18', '0', '', 500.00, 0),
(47, 'nZ7Pjl5w1O', 859, 43, '2024-09-06', '13:00:00', '14:00:00', 'booked', '2024-08-20 12:43:18', '0', '', 500.00, 0),
(48, '3LgENz2wcJ', 419, 43, '2024-09-07', '19:00:00', '22:00:00', 'booked', '2024-08-20 12:43:18', '1', '', 3000.00, 0),
(49, 'gFa16sWEe4', 269, 43, '2024-08-21', '13:00:00', '16:00:00', 'booked', '2024-08-20 12:43:18', '1', '', 3000.00, 0),
(51, 'bmCznvfAO7', 1102, 14, '2024-08-30', '19:00:00', '20:00:00', 'booked', '2024-08-20 12:43:18', '0', '', 500.00, 0),
(52, 'CBl7y4NO7m', 141, 16, '2024-09-02', '14:00:00', '16:00:00', 'booked', '2024-08-20 12:43:18', '1', '', 2000.00, 0),
(53, 'KmMEMZEJiO', 1113, 46, '2024-08-24', '14:00:00', '16:00:00', 'booked', '2024-08-20 12:43:18', '1', '', 2000.00, 0),
(54, 'pD7tosiwop', 276, 17, '2024-08-20', '20:00:00', '23:00:00', 'completed', '2024-08-20 12:43:18', '0', '', 1500.00, 0),
(55, '3x0F8KfZdR', 578, 39, '2024-08-08', '21:00:00', '23:00:00', 'completed', '2024-08-20 12:43:18', '1', '', 2000.00, 0),
(56, 'V2qMHNvf9j', 515, 4, '2024-08-14', '13:00:00', '16:00:00', 'cancelled', '2024-08-20 12:43:18', '1', '', 3000.00, 0),
(57, '08rsSIRMew', 8, 22, '2024-08-06', '23:00:00', '23:00:00', 'cancelled', '2024-08-20 12:43:18', '0', '', 1500.00, 0),
(58, 'Peog6uSxSz', 1149, 1, '2024-08-09', '12:00:00', '16:00:00', 'cancelled', '2024-08-20 12:43:18', '1', '', 4000.00, 0),
(59, 'G3KlKDWYiN', 757, 38, '2024-08-08', '21:00:00', '23:00:00', 'completed', '2024-08-20 12:43:18', '0', '', 1000.00, 0),
(60, 'uteSzYpJhH', 86, 20, '2024-09-05', '12:00:00', '16:00:00', 'booked', '2024-08-20 12:43:18', '0', '', 2000.00, 0),
(61, 'AEA9Rnmb5j', 431, 44, '2024-08-24', '22:00:00', '23:00:00', 'booked', '2024-08-20 12:43:18', '1', '', 1000.00, 0),
(62, 'kPY0ObfLPc', 485, 11, '2024-08-16', '15:00:00', '19:00:00', 'completed', '2024-08-20 12:43:18', '0', '', 2000.00, 0),
(63, 'uqwGRmA16l', 844, 43, '2024-08-12', '10:00:00', '12:00:00', 'cancelled', '2024-08-20 12:43:18', '1', '', 2000.00, 0),
(64, 'cVwooY9SRi', 80, 31, '2024-08-16', '12:00:00', '13:00:00', 'cancelled', '2024-08-20 12:43:18', '1', '', 1000.00, 0),
(65, '7DYwOu919o', 626, 15, '2024-08-15', '23:00:00', '23:00:00', 'completed', '2024-08-20 12:43:18', '1', '', 4000.00, 0),
(66, 'uQuTQtWvVk', 673, 18, '2024-08-15', '20:00:00', '22:00:00', 'completed', '2024-08-20 12:43:18', '1', '', 2000.00, 0),
(67, '6a9oe5n0MX', 57, 8, '2024-08-05', '15:00:00', '19:00:00', 'cancelled', '2024-08-20 12:43:18', '1', '', 4000.00, 0),
(68, 'GJLlQoXbwb', 223, 39, '2024-08-17', '19:00:00', '22:00:00', 'completed', '2024-08-20 12:43:18', '0', '', 1500.00, 0),
(69, 'dpaxzHnl3G', 1242, 33, '2024-08-28', '15:00:00', '18:00:00', 'booked', '2024-08-20 12:43:18', '1', '', 3000.00, 0),
(70, 'K6eufb0ARe', 91, 46, '2024-08-08', '19:00:00', '21:00:00', 'cancelled', '2024-08-20 12:43:18', '1', '', 2000.00, 0),
(71, 'bAZYvC9m6e', 884, 5, '2024-08-28', '10:00:00', '12:00:00', 'booked', '2024-08-20 12:43:18', '1', '', 2000.00, 0),
(72, 'N1l7zkR8Qq', 616, 33, '2024-09-12', '15:00:00', '18:00:00', 'booked', '2024-08-20 12:43:18', '0', '', 1500.00, 0),
(73, '7RNB2rY6Om', 1136, 9, '2024-08-20', '15:00:00', '19:00:00', 'cancelled', '2024-08-20 12:43:18', '1', '', 4000.00, 0),
(74, 'Jw8SYnq8nk', 1261, 37, '2024-08-13', '20:00:00', '23:00:00', 'cancelled', '2024-08-20 12:43:18', '0', '', 2000.00, 0),
(75, 'jnwj3PTuoB', 588, 14, '2024-08-20', '18:00:00', '19:00:00', 'cancelled', '2024-08-20 12:43:18', '1', '', 1000.00, 0),
(76, '6aOXRs540N', 905, 29, '2024-08-28', '22:00:00', '23:00:00', 'booked', '2024-08-20 12:43:18', '1', '', 3000.00, 0),
(77, '91RruTmFpd', 1350, 6, '2024-09-13', '13:00:00', '17:00:00', 'booked', '2024-08-20 12:43:18', '0', '', 2000.00, 0),
(78, '9qDlgzRCxV', 461, 13, '2024-08-19', '11:00:00', '13:00:00', 'cancelled', '2024-08-20 12:43:18', '1', '', 2000.00, 0),
(79, 'IBwPbMIXW8', 1252, 50, '2024-08-10', '10:00:00', '12:00:00', 'completed', '2024-08-20 12:43:18', '1', '', 2000.00, 0),
(80, 'P64BMrUoeB', 1013, 26, '2024-08-05', '16:00:00', '18:00:00', 'cancelled', '2024-08-20 12:43:18', '1', '', 2000.00, 0),
(81, 'nZgBVtOJSH', 871, 15, '2024-08-16', '20:00:00', '21:00:00', 'completed', '2024-08-20 12:43:18', '0', '', 500.00, 0),
(82, '2m8OZ5gnsk', 935, 9, '2024-08-12', '10:00:00', '12:00:00', 'cancelled', '2024-08-20 12:43:18', '0', '', 1000.00, 0),
(83, 'yB3bFq4lpQ', 1255, 47, '2024-08-30', '20:00:00', '23:00:00', 'booked', '2024-08-20 12:43:18', '1', '', 3000.00, 0),
(84, 'FzjnsJwTLg', 973, 29, '2024-09-02', '16:00:00', '20:00:00', 'booked', '2024-08-20 12:43:18', '0', '', 2000.00, 0),
(85, 'tayRn54oAu', 1284, 16, '2024-08-17', '23:00:00', '23:00:00', 'completed', '2024-08-20 12:43:18', '1', '', 3000.00, 0),
(86, 'AXaJKFrqZ4', 557, 22, '2024-08-18', '11:00:00', '14:00:00', 'cancelled', '2024-08-20 12:43:18', '0', '', 1500.00, 0),
(87, '5YhNmBJp0a', 309, 15, '2024-08-21', '18:00:00', '19:00:00', 'booked', '2024-08-20 12:43:18', '0', '', 500.00, 0),
(88, 'suVyvAINZC', 132, 27, '2024-08-25', '21:00:00', '23:00:00', 'booked', '2024-08-20 12:43:18', '0', '', 1000.00, 0),
(89, 'OyPXB0k1i6', 128, 14, '2024-08-27', '15:00:00', '19:00:00', 'booked', '2024-08-20 12:43:18', '1', '', 4000.00, 0),
(90, 'ZBDlGeG99J', 845, 1, '2024-08-27', '16:00:00', '17:00:00', 'booked', '2024-08-20 12:43:18', '1', '', 1000.00, 0),
(91, 'iGokaLLixK', 1103, 48, '2024-08-23', '14:00:00', '18:00:00', 'booked', '2024-08-20 12:43:18', '1', '', 4000.00, 0),
(92, 'Cxei0Od1mB', 450, 18, '2024-09-04', '22:00:00', '23:00:00', 'booked', '2024-08-20 12:43:18', '1', '', 2000.00, 0),
(93, '8Z9LDSCTqS', 689, 43, '2024-08-28', '17:00:00', '18:00:00', 'booked', '2024-08-20 12:43:18', '1', '', 1000.00, 0),
(94, 'PzbOgmMarB', 958, 9, '2024-09-13', '22:00:00', '23:00:00', 'booked', '2024-08-20 12:43:18', '0', '', 2000.00, 0),
(95, 'kSkk36du0r', 1213, 37, '2024-09-09', '18:00:00', '19:00:00', 'booked', '2024-08-20 12:43:18', '1', '', 1000.00, 0),
(96, '9PPLR1QsWH', 278, 30, '2024-09-12', '10:00:00', '11:00:00', 'booked', '2024-08-20 12:43:18', '1', '', 1000.00, 0),
(97, '1EQJJwZeYj', 434, 30, '2024-08-12', '14:00:00', '18:00:00', 'completed', '2024-08-20 12:43:18', '1', '', 4000.00, 0),
(98, 'VgNPME1s4B', 864, 17, '2024-08-21', '15:00:00', '19:00:00', 'booked', '2024-08-20 12:43:18', '1', '', 4000.00, 0),
(99, 'PSLDNa0ajY', 460, 42, '2024-08-06', '10:00:00', '11:00:00', 'cancelled', '2024-08-20 12:43:18', '1', '', 1000.00, 0),
(100, 'YqwmUS8otZ', 409, 2, '2024-08-05', '22:00:00', '23:00:00', 'completed', '2024-08-20 12:43:18', '0', '', 500.00, 0),
(101, 'NnH4xvVZ0Y', 970, 43, '2024-09-09', '12:00:00', '14:00:00', 'booked', '2024-08-20 12:43:18', '0', '', 1000.00, 0),
(102, 'EwCEckpFTi', 344, 39, '2024-08-08', '17:00:00', '20:00:00', 'completed', '2024-08-20 12:43:18', '1', '', 3000.00, 0),
(103, 'vvzyzxThMe', 638, 7, '2024-09-08', '21:00:00', '22:00:00', 'booked', '2024-08-20 12:43:18', '0', '', 500.00, 0),
(104, 'yTpMHCPiOJ', 813, 46, '2024-09-07', '10:00:00', '13:00:00', 'booked', '2024-08-20 12:43:18', '1', '', 3000.00, 0),
(105, 'PxpmBrSjQO', 618, 44, '2024-08-13', '19:00:00', '21:00:00', 'completed', '2024-08-20 12:43:18', '0', '', 1000.00, 0),
(106, 'Cc9EalfLBN', 712, 35, '2024-09-08', '22:00:00', '23:00:00', 'booked', '2024-08-20 12:43:18', '0', '', 500.00, 0),
(107, 'LVMvdxOFv6', 1037, 42, '2024-08-28', '20:00:00', '23:00:00', 'booked', '2024-08-20 12:43:18', '0', '', 1500.00, 0),
(108, '0OqAN21PeX', 217, 28, '2024-08-22', '10:00:00', '14:00:00', 'booked', '2024-08-20 12:43:18', '1', '', 4000.00, 0),
(109, '5bdZxx5KXY', 892, 12, '2024-08-24', '20:00:00', '23:00:00', 'booked', '2024-08-20 12:43:18', '0', '', 2000.00, 0),
(110, 'Zq8skCuK5L', 953, 28, '2024-09-03', '20:00:00', '23:00:00', 'booked', '2024-08-20 12:43:18', '1', '', 3000.00, 0),
(111, 'qA0i1TBJbs', 178, 18, '2024-09-07', '14:00:00', '17:00:00', 'booked', '2024-08-20 12:43:18', '0', '', 1500.00, 0),
(112, 'PYKHdaR6yI', 689, 2, '2024-08-29', '13:00:00', '17:00:00', 'booked', '2024-08-20 12:43:18', '1', '', 4000.00, 0),
(113, 'c4DsDyziR0', 999, 14, '2024-09-01', '23:00:00', '23:00:00', 'booked', '2024-08-20 12:43:18', '0', '', 1500.00, 0),
(114, 'vIFyCd5AYe', 573, 39, '2024-08-23', '22:00:00', '23:00:00', 'booked', '2024-08-20 12:43:18', '1', '', 3000.00, 0),
(115, 'UtyjnLewg3', 176, 16, '2024-09-14', '14:00:00', '15:00:00', 'booked', '2024-08-20 12:43:18', '0', '', 500.00, 0),
(116, 'wqKvZ6jTqh', 1323, 46, '2024-08-27', '17:00:00', '19:00:00', 'booked', '2024-08-20 12:43:18', '1', '', 2000.00, 0),
(117, 'GXL1YemO4O', 603, 15, '2024-09-01', '17:00:00', '18:00:00', 'booked', '2024-08-20 12:43:18', '0', '', 500.00, 0),
(118, 'DwPZOYaMU1', 1192, 24, '2024-08-26', '21:00:00', '23:00:00', 'booked', '2024-08-20 12:43:18', '1', '', 2000.00, 0),
(119, 'Lksskm8r4L', 1128, 22, '2024-08-31', '18:00:00', '21:00:00', 'booked', '2024-08-20 12:43:18', '1', '', 3000.00, 0),
(120, 'DvZDYEjCuj', 628, 17, '2024-08-23', '21:00:00', '23:00:00', 'booked', '2024-08-20 12:43:18', '1', '', 4000.00, 0),
(121, 'Xry07Ogc1B', 245, 48, '2024-08-15', '21:00:00', '23:00:00', 'completed', '2024-08-20 12:43:18', '1', '', 2000.00, 0),
(122, 'VzY2OrTlhN', 444, 48, '2024-09-04', '22:00:00', '23:00:00', 'booked', '2024-08-20 12:43:18', '0', '', 1000.00, 0),
(123, 'aglZb3vuN4', 398, 19, '2024-08-31', '14:00:00', '17:00:00', 'booked', '2024-08-20 12:43:18', '0', '', 1500.00, 0),
(124, 'tbuCauzKs9', 1094, 9, '2024-08-15', '12:00:00', '15:00:00', 'cancelled', '2024-08-20 12:43:18', '0', '', 1500.00, 0),
(125, 'DcXv74xd8E', 1307, 49, '2024-08-18', '10:00:00', '13:00:00', 'completed', '2024-08-20 12:43:18', '0', '', 1500.00, 0),
(126, '06gCu06BKm', 962, 31, '2024-09-01', '11:00:00', '12:00:00', 'booked', '2024-08-20 12:43:18', '1', '', 1000.00, 0),
(127, 'OqlBLfJNXT', 518, 31, '2024-08-29', '15:00:00', '17:00:00', 'booked', '2024-08-20 12:43:18', '0', '', 1000.00, 0),
(128, 'BUXUo0VpUy', 1182, 41, '2024-08-08', '16:00:00', '20:00:00', 'completed', '2024-08-20 12:43:18', '0', '', 2000.00, 0),
(129, '4enEkCe0mK', 1153, 20, '2024-09-13', '10:00:00', '12:00:00', 'booked', '2024-08-20 12:43:18', '0', '', 1000.00, 0),
(130, 'dLBmkOUz0D', 1071, 25, '2024-08-06', '11:00:00', '15:00:00', 'completed', '2024-08-20 12:43:18', '0', '', 2000.00, 0),
(131, 'rciNWQ5pn1', 626, 37, '2024-08-29', '17:00:00', '20:00:00', 'booked', '2024-08-20 12:43:18', '1', '', 3000.00, 0),
(132, 'BJsDGIWK9a', 1282, 14, '2024-09-09', '10:00:00', '11:00:00', 'booked', '2024-08-20 12:43:18', '0', '', 500.00, 0),
(133, '7sDJFIep1e', 1131, 5, '2024-08-17', '12:00:00', '14:00:00', 'completed', '2024-08-20 12:43:18', '0', '', 1000.00, 0),
(134, 'DGWXjUUTOU', 597, 3, '2024-08-11', '16:00:00', '20:00:00', 'completed', '2024-08-20 12:43:18', '1', '', 4000.00, 0),
(135, 'SXMYXbU0Sm', 146, 44, '2024-08-15', '21:00:00', '23:00:00', 'cancelled', '2024-08-20 12:43:18', '1', '', 3000.00, 0),
(136, 'WLzj706F1O', 236, 35, '2024-08-15', '22:00:00', '23:00:00', 'cancelled', '2024-08-20 12:43:18', '1', '', 2000.00, 0),
(137, 'klZtZrayXN', 123, 11, '2024-08-15', '14:00:00', '16:00:00', 'completed', '2024-08-20 12:43:18', '0', '', 1000.00, 0),
(138, 'Tbr8hpT2x6', 623, 45, '2024-08-20', '17:00:00', '18:00:00', 'cancelled', '2024-08-20 12:43:18', '1', '', 1000.00, 0),
(139, 'MIVWDRKBva', 165, 39, '2024-08-26', '14:00:00', '18:00:00', 'booked', '2024-08-20 12:43:18', '1', '', 4000.00, 0),
(140, '2L2x4tpjhs', 53, 6, '2024-08-03', '21:00:00', '23:00:00', 'cancelled', '2024-08-20 12:43:18', '1', '', 3000.00, 0),
(141, '64M5javDur', 359, 31, '2024-08-15', '22:00:00', '23:00:00', 'completed', '2024-08-20 12:43:18', '0', '', 1500.00, 0),
(142, 'XrRIA3CnTm', 372, 38, '2024-09-03', '20:00:00', '23:00:00', 'booked', '2024-08-20 12:43:18', '1', '', 4000.00, 0),
(143, 'IfTeF6lXQi', 963, 23, '2024-08-28', '20:00:00', '23:00:00', 'booked', '2024-08-20 12:43:18', '0', '', 2000.00, 0),
(144, 'oYUOEUCUPb', 330, 22, '2024-08-27', '15:00:00', '18:00:00', 'booked', '2024-08-20 12:43:18', '0', '', 1500.00, 0),
(145, 'ps4TEyZHtE', 821, 49, '2024-08-27', '21:00:00', '23:00:00', 'booked', '2024-08-20 12:43:18', '1', '', 4000.00, 0),
(146, '99pHoR1VBe', 645, 17, '2024-09-05', '10:00:00', '14:00:00', 'booked', '2024-08-20 12:43:18', '0', '', 2000.00, 0),
(147, '5YzRuSkUZ2', 1347, 35, '2024-08-21', '11:00:00', '15:00:00', 'booked', '2024-08-20 12:43:18', '0', '', 2000.00, 0),
(148, 'NwgK69cHGK', 1062, 24, '2024-08-30', '16:00:00', '17:00:00', 'booked', '2024-08-20 12:43:18', '0', '', 500.00, 0),
(149, 'bcjai8NnKg', 106, 14, '2024-09-09', '22:00:00', '23:00:00', 'booked', '2024-08-20 12:43:18', '1', '', 4000.00, 0),
(150, 'fH8CCOQweH', 249, 2, '2024-08-18', '14:00:00', '18:00:00', 'completed', '2024-08-20 12:43:18', '1', '', 4000.00, 0),
(151, 'feskYrtrXF', 637, 36, '2024-09-10', '19:00:00', '21:00:00', 'booked', '2024-08-20 12:43:18', '0', '', 1000.00, 0),
(152, 'h7RbeEERlB', 946, 8, '2024-08-01', '11:00:00', '13:00:00', 'cancelled', '2024-08-20 12:43:18', '0', '', 1000.00, 0),
(153, 'DH2guypgSw', 598, 33, '2024-09-11', '23:00:00', '23:00:00', 'booked', '2024-08-20 12:43:18', '1', '', 2000.00, 0),
(154, 'i1lWPWyWWx', 500, 30, '2024-08-18', '23:00:00', '23:00:00', 'cancelled', '2024-08-20 12:43:18', '1', '', 4000.00, 0),
(155, 'MYKOPI1rSs', 1228, 33, '2024-09-05', '12:00:00', '16:00:00', 'booked', '2024-08-20 12:43:18', '0', '', 2000.00, 0),
(156, 'XG4wtSvBya', 1040, 18, '2024-08-09', '14:00:00', '18:00:00', 'completed', '2024-08-20 12:43:18', '1', '', 4000.00, 0),
(157, '1dVkrcj1gI', 305, 29, '2024-08-01', '21:00:00', '23:00:00', 'cancelled', '2024-08-20 12:43:18', '1', '', 3000.00, 0),
(158, 'QVfQVhP6Hc', 1131, 49, '2024-09-04', '17:00:00', '20:00:00', 'booked', '2024-08-20 12:43:18', '1', '', 3000.00, 0),
(159, 'DbGDayelQi', 387, 45, '2024-09-04', '16:00:00', '20:00:00', 'booked', '2024-08-20 12:43:18', '1', '', 4000.00, 0),
(160, 'we7H0h1vt5', 652, 48, '2024-08-16', '13:00:00', '17:00:00', 'cancelled', '2024-08-20 12:43:18', '0', '', 2000.00, 0),
(161, '6N9plgz1Ll', 1336, 10, '2024-08-31', '21:00:00', '23:00:00', 'booked', '2024-08-20 12:43:18', '1', '', 4000.00, 0),
(162, 'Q6cSo9crx7', 206, 29, '2024-09-01', '10:00:00', '12:00:00', 'booked', '2024-08-20 12:43:18', '1', '', 2000.00, 0),
(163, 't9A3IqhbNc', 1341, 10, '2024-08-07', '10:00:00', '12:00:00', 'cancelled', '2024-08-20 12:43:18', '1', '', 2000.00, 0),
(164, 'HikqgxIBKj', 1277, 45, '2024-08-05', '22:00:00', '23:00:00', 'cancelled', '2024-08-20 12:43:18', '1', '', 3000.00, 0),
(165, 'c6L5PDuYUk', 1093, 25, '2024-08-26', '20:00:00', '21:00:00', 'booked', '2024-08-20 12:43:18', '1', '', 1000.00, 0),
(166, 'NcPT49nVGr', 1265, 5, '2024-08-21', '20:00:00', '23:00:00', 'booked', '2024-08-20 12:43:18', '0', '', 2000.00, 0),
(167, 'Xp6qwomBMC', 202, 49, '2024-08-16', '13:00:00', '14:00:00', 'cancelled', '2024-08-20 12:43:18', '1', '', 1000.00, 0),
(168, 'kNIKVeAoBW', 341, 45, '2024-09-10', '21:00:00', '22:00:00', 'booked', '2024-08-20 12:43:18', '1', '', 1000.00, 0),
(169, 'n4VSlIQtgx', 601, 23, '2024-08-20', '10:00:00', '13:00:00', 'completed', '2024-08-20 12:43:18', '0', '', 1500.00, 0),
(170, 'DvUGo2yx3c', 1088, 27, '2024-08-24', '16:00:00', '18:00:00', 'booked', '2024-08-20 12:43:18', '0', '', 1000.00, 0),
(171, 'kuPdmMg4Xu', 359, 6, '2024-09-06', '20:00:00', '22:00:00', 'booked', '2024-08-20 12:43:18', '0', '', 1000.00, 0),
(172, 'bw9pQeYFDH', 1020, 38, '2024-09-09', '23:00:00', '23:00:00', 'booked', '2024-08-20 12:43:18', '0', '', 2000.00, 0),
(173, 'hCTw71GYuv', 523, 43, '2024-08-10', '17:00:00', '20:00:00', 'completed', '2024-08-20 12:43:18', '1', '', 3000.00, 0),
(174, 'yJeQyPBuPt', 905, 23, '2024-08-01', '14:00:00', '16:00:00', 'cancelled', '2024-08-20 12:43:18', '0', '', 1000.00, 0),
(175, 'n2Sf5CI90t', 936, 20, '2024-09-07', '14:00:00', '18:00:00', 'booked', '2024-08-20 12:43:18', '1', '', 4000.00, 0),
(176, 'OB3h0Ifz25', 486, 25, '2024-08-13', '23:00:00', '23:00:00', 'cancelled', '2024-08-20 12:43:18', '0', '', 2000.00, 0),
(177, 'ZiF5xnwSUk', 45, 43, '2024-09-06', '15:00:00', '18:00:00', 'booked', '2024-08-20 12:43:18', '1', '', 3000.00, 0),
(178, 'xbS7jac3aC', 1242, 48, '2024-08-26', '14:00:00', '15:00:00', 'booked', '2024-08-20 12:43:18', '0', '', 500.00, 0),
(179, 'aRsu2kvQ1v', 1244, 23, '2024-09-01', '23:00:00', '23:00:00', 'booked', '2024-08-20 12:43:18', '0', '', 1500.00, 0),
(180, '9nGlFnyiJU', 1287, 7, '2024-08-15', '19:00:00', '22:00:00', 'completed', '2024-08-20 12:43:18', '0', '', 1500.00, 0),
(181, 'LqVSIoSQyP', 903, 3, '2024-09-10', '20:00:00', '21:00:00', 'booked', '2024-08-20 12:43:18', '1', '', 1000.00, 0),
(182, 'MKma0zGV4V', 605, 21, '2024-09-07', '15:00:00', '17:00:00', 'booked', '2024-08-20 12:43:18', '0', '', 1000.00, 0),
(183, '2cZtL5wtm1', 1105, 24, '2024-08-27', '12:00:00', '14:00:00', 'booked', '2024-08-20 12:43:18', '0', '', 1000.00, 0),
(184, 'lKKHpffIys', 527, 31, '2024-09-03', '18:00:00', '21:00:00', 'booked', '2024-08-20 12:43:18', '0', '', 1500.00, 0),
(185, 'b7Uk3omCzg', 155, 10, '2024-08-19', '22:00:00', '23:00:00', 'cancelled', '2024-08-20 12:43:18', '1', '', 1000.00, 0),
(186, 'm21JfThfoT', 809, 1, '2024-08-15', '23:00:00', '23:00:00', 'cancelled', '2024-08-20 12:43:18', '0', '', 1500.00, 0),
(187, 'Mn0TNgq2Y3', 1198, 25, '2024-08-17', '17:00:00', '20:00:00', 'completed', '2024-08-20 12:43:18', '1', '', 3000.00, 0),
(188, 'SzQ9hiNduZ', 966, 2, '2024-09-10', '15:00:00', '16:00:00', 'booked', '2024-08-20 12:43:18', '0', '', 500.00, 0),
(189, 'S516dMfBJX', 1327, 5, '2024-09-09', '18:00:00', '21:00:00', 'booked', '2024-08-20 12:43:18', '0', '', 1500.00, 0),
(190, 'r7F9JpAMDX', 1330, 27, '2024-09-10', '23:00:00', '23:00:00', 'booked', '2024-08-20 12:43:18', '1', '', 4000.00, 0),
(191, '8HnOeH1ydb', 1009, 8, '2024-08-08', '10:00:00', '11:00:00', 'completed', '2024-08-20 12:43:18', '1', '', 1000.00, 0),
(192, 'W38bRl3zWH', 930, 24, '2024-08-07', '18:00:00', '20:00:00', 'completed', '2024-08-20 12:43:18', '1', '', 2000.00, 0),
(193, 'CwROUfdVwN', 850, 42, '2024-09-12', '21:00:00', '23:00:00', 'booked', '2024-08-20 12:43:18', '0', '', 2000.00, 0),
(194, 'ZdJJ6G5cuI', 68, 45, '2024-08-07', '19:00:00', '23:00:00', 'cancelled', '2024-08-20 12:43:18', '1', '', 4000.00, 0),
(195, 'WmMOCHyLy1', 484, 24, '2024-08-24', '13:00:00', '17:00:00', 'booked', '2024-08-20 12:43:18', '1', '', 4000.00, 0),
(196, 'EHMaGDUtzh', 816, 18, '2024-08-07', '18:00:00', '21:00:00', 'cancelled', '2024-08-20 12:43:18', '0', '', 1500.00, 0),
(197, 'UlOuMjsojt', 435, 42, '2024-08-13', '23:00:00', '23:00:00', 'completed', '2024-08-20 12:43:18', '0', '', 2000.00, 0),
(198, 'NFnJmGf4Q9', 684, 16, '2024-09-10', '19:00:00', '20:00:00', 'booked', '2024-08-20 12:43:18', '0', '', 500.00, 0),
(199, 'xxZ1LrWUnI', 478, 22, '2024-08-09', '11:00:00', '13:00:00', 'completed', '2024-08-20 12:43:18', '0', '', 1000.00, 0),
(200, 'NEXW89FXOO', 1107, 17, '2024-08-10', '14:00:00', '16:00:00', 'completed', '2024-08-20 12:43:18', '0', '', 1000.00, 0),
(202, 'yROMBYf5XQ', 509, 1, '2024-09-09', '19:00:00', '21:00:00', 'completed', '2024-08-18 00:00:00', '1', '', 2000.00, 0),
(204, '4YRI9CZm7V', 1388, 1, '2024-09-07', '12:00:00', '15:00:00', 'completed', '2024-08-17 00:00:00', '0', '', 1000.00, 0),
(205, 'SpPbhAAQJe', 80, 1, '2024-08-01', '08:00:00', '11:00:00', 'completed', '2024-07-26 00:00:00', '0', '', 500.00, 0),
(206, '6y9pZktMha', 97, 1, '2024-08-13', '13:00:00', '15:00:00', 'cancelled', '2024-07-25 00:00:00', '1', '', 1000.00, 0),
(211, 'NkOlzRIgfK', 845, 1, '2024-09-07', '06:00:00', '07:00:00', 'booked', '2024-09-05 00:00:00', '0', '', 4000.00, 0),
(212, '3dOVHovKe7', 1080, 2, '2024-08-07', '07:00:00', '08:00:00', 'completed', '2024-07-25 00:00:00', '0', '', 1000.00, 0),
(213, 'MSJOnadNzX', 996, 2, '2024-09-05', '21:00:00', '00:00:00', 'completed', '2024-08-24 00:00:00', '0', '', 4000.00, 0),
(214, 'DkRykyyQyc', 1109, 2, '2024-08-14', '01:00:00', '02:00:00', 'completed', '2024-07-19 00:00:00', '1', '', 500.00, 0),
(215, 'lTKMqI9QXs', 27, 2, '2024-09-24', '13:00:00', '15:00:00', 'completed', '2024-09-04 00:00:00', '0', '', 4000.00, 0),
(216, 'UNFwConJoC', 739, 2, '2024-08-25', '21:00:00', '22:00:00', 'cancelled', '2024-07-30 00:00:00', '0', '', 4000.00, 0),
(217, 'uBViWtVVIt', 1421, 2, '2024-09-21', '06:00:00', '07:00:00', 'cancelled', '2024-09-11 00:00:00', '1', '', 1000.00, 0),
(218, 'bmLI3GcZFz', 1309, 2, '2024-09-16', '19:00:00', '20:00:00', 'cancelled', '2024-08-28 00:00:00', '1', '', 1000.00, 0),
(219, 'T8m0rh2R9o', 83, 2, '2024-09-08', '12:00:00', '14:00:00', 'booked', '2024-08-22 00:00:00', '0', '', 1000.00, 0),
(220, 'k9g5fIcxpq', 961, 2, '2024-09-25', '15:00:00', '17:00:00', 'booked', '2024-08-28 00:00:00', '1', '', 1000.00, 0),
(221, 'ZADXVaO7EH', 987, 2, '2024-09-08', '02:00:00', '05:00:00', 'booked', '2024-08-17 00:00:00', '0', '', 2000.00, 0),
(222, 'IBGzMKHkKB', 1257, 3, '2024-08-17', '06:00:00', '09:00:00', 'completed', '2024-07-25 00:00:00', '1', '', 1000.00, 0),
(223, 'wMulPkOuZC', 1166, 3, '2024-09-09', '22:00:00', '23:00:00', 'completed', '2024-08-29 00:00:00', '0', '', 1000.00, 0),
(224, 'L5sst6XvT6', 704, 3, '2024-09-21', '11:00:00', '12:00:00', 'completed', '2024-08-29 00:00:00', '0', '', 4000.00, 0),
(225, '4vCFTzChTT', 638, 3, '2024-08-24', '14:00:00', '17:00:00', 'completed', '2024-08-01 00:00:00', '0', '', 500.00, 0),
(226, 'ZNXOnPfCMp', 941, 3, '2024-09-21', '04:00:00', '05:00:00', 'completed', '2024-09-07 00:00:00', '1', '', 2000.00, 0),
(227, 'bttv41hYZs', 988, 3, '2024-08-06', '20:00:00', '21:00:00', 'cancelled', '2024-07-08 00:00:00', '0', '', 4000.00, 0),
(228, '4ZxXTbE9y1', 687, 3, '2024-08-23', '12:00:00', '14:00:00', 'cancelled', '2024-08-18 00:00:00', '1', '', 2000.00, 0),
(229, 'iBJKxcj4yQ', 596, 3, '2024-08-04', '13:00:00', '15:00:00', 'cancelled', '2024-07-07 00:00:00', '0', '', 1000.00, 0),
(230, 'vzSg7NcCvY', 1161, 3, '2024-09-02', '11:00:00', '13:00:00', 'booked', '2024-08-11 00:00:00', '1', '', 2000.00, 0),
(231, 'oQZGnHb55t', 1068, 3, '2024-09-17', '06:00:00', '07:00:00', 'booked', '2024-09-05 00:00:00', '1', '', 1000.00, 0),
(232, 'Bh5Q70QRdX', 1480, 3, '2024-09-21', '12:00:00', '14:00:00', 'booked', '2024-08-31 00:00:00', '1', '', 4000.00, 0),
(233, 'NiMap1HxSp', 875, 3, '2024-08-13', '08:00:00', '10:00:00', 'booked', '2024-07-25 00:00:00', '0', '', 2000.00, 0),
(234, 'rwDYuu1EFx', 1147, 4, '2024-08-03', '20:00:00', '23:00:00', 'completed', '2024-07-13 00:00:00', '0', '', 2000.00, 0),
(235, 'm0eqYYSH6E', 595, 4, '2024-09-02', '03:00:00', '05:00:00', 'completed', '2024-08-09 00:00:00', '0', '', 500.00, 0),
(236, 'Hnnj2nrVjQ', 656, 4, '2024-08-02', '04:00:00', '06:00:00', 'completed', '2024-07-20 00:00:00', '0', '', 2000.00, 0),
(237, 'F4hkeAYfXt', 212, 4, '2024-09-10', '09:00:00', '10:00:00', 'completed', '2024-08-30 00:00:00', '1', '', 1000.00, 0),
(238, 'HwW4l40LNY', 897, 4, '2024-08-27', '22:00:00', '00:00:00', 'completed', '2024-08-18 00:00:00', '0', '', 2000.00, 0),
(239, 'AhW2nTRhXg', 496, 4, '2024-08-07', '16:00:00', '18:00:00', 'cancelled', '2024-07-28 00:00:00', '1', '', 4000.00, 0),
(240, 'ovQvSwBfS2', 264, 4, '2024-08-07', '01:00:00', '04:00:00', 'cancelled', '2024-08-02 00:00:00', '1', '', 1000.00, 0),
(241, 'M4fNeAzdxF', 283, 4, '2024-08-17', '12:00:00', '13:00:00', 'cancelled', '2024-08-05 00:00:00', '0', '', 500.00, 0),
(242, 'nRrpdrHqql', 279, 4, '2024-09-24', '06:00:00', '08:00:00', 'booked', '2024-09-11 00:00:00', '0', '', 2000.00, 0),
(243, 'zeSWUyrhNr', 1101, 4, '2024-08-10', '04:00:00', '07:00:00', 'booked', '2024-07-23 00:00:00', '0', '', 4000.00, 0),
(244, 'cvBb0XVOJ9', 1224, 4, '2024-09-23', '12:00:00', '13:00:00', 'booked', '2024-09-09 00:00:00', '0', '', 500.00, 0),
(245, 'fEwrTwqzAQ', 564, 4, '2024-09-03', '05:00:00', '06:00:00', 'booked', '2024-08-23 00:00:00', '1', '', 1000.00, 0),
(246, 'e5UtIfts36', 985, 4, '2024-09-13', '01:00:00', '02:00:00', 'booked', '2024-08-19 00:00:00', '0', '', 4000.00, 0),
(247, 'y1k93ohGsi', 644, 5, '2024-08-29', '10:00:00', '11:00:00', 'completed', '2024-08-22 00:00:00', '0', '', 2000.00, 0),
(248, '2wnGX1107m', 392, 5, '2024-08-07', '05:00:00', '06:00:00', 'completed', '2024-07-27 00:00:00', '1', '', 2000.00, 0),
(249, 'GWkzx5WZon', 561, 5, '2024-08-11', '20:00:00', '22:00:00', 'completed', '2024-07-19 00:00:00', '0', '', 2000.00, 0),
(250, 'a0bk0bOmc0', 174, 5, '2024-08-02', '13:00:00', '15:00:00', 'completed', '2024-07-03 00:00:00', '1', '', 500.00, 0),
(251, 'BTWQiMg69T', 1013, 5, '2024-08-13', '18:00:00', '21:00:00', 'cancelled', '2024-08-04 00:00:00', '1', '', 4000.00, 0),
(252, 'zZ2VcyUALF', 50, 5, '2024-08-22', '20:00:00', '21:00:00', 'cancelled', '2024-08-06 00:00:00', '1', '', 2000.00, 0),
(253, 'JqX94GHAG6', 1484, 5, '2024-09-26', '23:00:00', '01:00:00', 'cancelled', '2024-09-17 00:00:00', '0', '', 4000.00, 0),
(254, 'bTZuC9hurc', 639, 5, '2024-09-04', '21:00:00', '23:00:00', 'cancelled', '2024-08-14 00:00:00', '1', '', 2000.00, 0),
(255, 'Yyb0cLeOPw', 377, 5, '2024-08-18', '11:00:00', '13:00:00', 'cancelled', '2024-07-20 00:00:00', '0', '', 500.00, 0),
(256, 'IXvLED5fvU', 1140, 5, '2024-08-06', '07:00:00', '08:00:00', 'booked', '2024-08-01 00:00:00', '0', '', 1000.00, 0),
(257, 'LQQcNdgBW3', 394, 5, '2024-08-28', '18:00:00', '19:00:00', 'booked', '2024-08-12 00:00:00', '1', '', 500.00, 0),
(258, 'nPgM0TacjT', 605, 5, '2024-08-09', '15:00:00', '18:00:00', 'booked', '2024-07-11 00:00:00', '1', '', 500.00, 0),
(259, 'kT6GSlpVlh', 348, 5, '2024-09-05', '11:00:00', '14:00:00', 'booked', '2024-08-19 00:00:00', '0', '', 2000.00, 0),
(260, 'mQzZ1cZUdK', 1278, 6, '2024-09-27', '15:00:00', '16:00:00', 'completed', '2024-09-21 00:00:00', '1', '', 500.00, 0),
(261, 'lQvuzD08a1', 1341, 6, '2024-09-14', '06:00:00', '07:00:00', 'completed', '2024-09-04 00:00:00', '1', '', 1000.00, 0),
(262, 'Ub0PFdfMLp', 1062, 6, '2024-08-17', '22:00:00', '23:00:00', 'completed', '2024-07-26 00:00:00', '1', '', 4000.00, 0),
(263, 'MayT1z61RF', 1320, 6, '2024-08-14', '19:00:00', '21:00:00', 'cancelled', '2024-08-01 00:00:00', '1', '', 4000.00, 0),
(264, 'U2gkjGvFhw', 31, 6, '2024-08-01', '21:00:00', '23:00:00', 'cancelled', '2024-07-13 00:00:00', '0', '', 500.00, 0),
(265, '9CRWZTEtsZ', 697, 6, '2024-09-05', '01:00:00', '02:00:00', 'cancelled', '2024-08-08 00:00:00', '1', '', 2000.00, 0),
(266, '9fEoKcdSZF', 972, 6, '2024-09-30', '05:00:00', '06:00:00', 'cancelled', '2024-09-23 00:00:00', '1', '', 4000.00, 0),
(267, 'a2bCyX0zXK', 616, 6, '2024-09-19', '09:00:00', '11:00:00', 'cancelled', '2024-08-24 00:00:00', '0', '', 500.00, 0),
(268, 'OdIJopZaij', 824, 6, '2024-08-24', '05:00:00', '06:00:00', 'booked', '2024-08-16 00:00:00', '1', '', 4000.00, 0),
(269, 'QbDAkoPzJi', 838, 6, '2024-08-27', '15:00:00', '17:00:00', 'booked', '2024-08-05 00:00:00', '0', '', 500.00, 0),
(270, 'BQHfAR4XVX', 817, 6, '2024-09-19', '13:00:00', '15:00:00', 'booked', '2024-08-31 00:00:00', '0', '', 500.00, 0),
(271, 'qVvm6BJVV6', 1015, 7, '2024-09-03', '13:00:00', '14:00:00', 'completed', '2024-08-25 00:00:00', '1', '', 2000.00, 0),
(272, 'qGRtrfyeAe', 1218, 7, '2024-08-27', '23:00:00', '00:00:00', 'completed', '2024-07-30 00:00:00', '1', '', 2000.00, 0),
(273, 'QNRJWpIx6y', 1149, 7, '2024-08-07', '20:00:00', '23:00:00', 'completed', '2024-08-01 00:00:00', '1', '', 2000.00, 0),
(274, 'JNqaSxsBT8', 8, 7, '2024-09-01', '19:00:00', '22:00:00', 'completed', '2024-08-13 00:00:00', '1', '', 1000.00, 0),
(275, 't0uUrGYxPk', 1202, 7, '2024-08-09', '20:00:00', '21:00:00', 'cancelled', '2024-07-17 00:00:00', '1', '', 2000.00, 0),
(276, '991uqvVYVe', 918, 7, '2024-09-15', '19:00:00', '21:00:00', 'cancelled', '2024-08-16 00:00:00', '0', '', 2000.00, 0),
(277, 'Sf1V7GHi0v', 1139, 7, '2024-09-14', '07:00:00', '10:00:00', 'cancelled', '2024-08-30 00:00:00', '0', '', 500.00, 0),
(278, 'ZgEbkMEKr3', 347, 7, '2024-09-10', '09:00:00', '12:00:00', 'cancelled', '2024-08-20 00:00:00', '0', '', 2000.00, 0),
(279, 'xWmZyRyJnM', 542, 7, '2024-09-20', '01:00:00', '04:00:00', 'cancelled', '2024-08-28 00:00:00', '1', '', 2000.00, 0),
(280, 'B29W4Y82oK', 68, 7, '2024-08-12', '21:00:00', '00:00:00', 'booked', '2024-07-21 00:00:00', '0', '', 2000.00, 0),
(281, 'Ui8EB6UQtY', 1134, 7, '2024-09-02', '02:00:00', '05:00:00', 'booked', '2024-08-06 00:00:00', '0', '', 500.00, 0),
(282, 'TgVgXIH0ST', 239, 7, '2024-08-09', '03:00:00', '06:00:00', 'booked', '2024-07-28 00:00:00', '0', '', 4000.00, 0),
(283, 'tehCFjOtYx', 195, 7, '2024-08-29', '11:00:00', '12:00:00', 'booked', '2024-08-08 00:00:00', '0', '', 4000.00, 0),
(284, '8oTgG56W4m', 281, 7, '2024-08-22', '06:00:00', '08:00:00', 'booked', '2024-08-06 00:00:00', '0', '', 2000.00, 0),
(285, 'LKrIkdxrsZ', 729, 8, '2024-08-09', '09:00:00', '10:00:00', 'completed', '2024-08-07 00:00:00', '0', '', 2000.00, 0),
(286, 'fXRvOYNNRw', 495, 8, '2024-09-02', '05:00:00', '07:00:00', 'completed', '2024-08-21 00:00:00', '0', '', 1000.00, 0),
(287, 'hbsuPIrGDE', 818, 8, '2024-08-17', '13:00:00', '15:00:00', 'completed', '2024-07-30 00:00:00', '1', '', 1000.00, 0),
(288, 'UCNyzv2kOh', 592, 8, '2024-09-05', '00:00:00', '02:00:00', 'cancelled', '2024-08-16 00:00:00', '0', '', 500.00, 0),
(289, '3DsPbZjsXC', 900, 8, '2024-09-15', '01:00:00', '04:00:00', 'cancelled', '2024-08-21 00:00:00', '0', '', 4000.00, 0),
(290, 'LJLJMqsM1T', 1239, 8, '2024-09-10', '03:00:00', '04:00:00', 'cancelled', '2024-08-18 00:00:00', '1', '', 1000.00, 0),
(291, 'DkcOsqJ7Yj', 1227, 8, '2024-09-22', '13:00:00', '16:00:00', 'cancelled', '2024-08-24 00:00:00', '1', '', 500.00, 0),
(292, '5HOUg9sEiP', 681, 8, '2024-09-16', '17:00:00', '19:00:00', 'booked', '2024-08-18 00:00:00', '0', '', 4000.00, 0),
(293, '5uDzvqOFat', 313, 8, '2024-08-26', '16:00:00', '19:00:00', 'booked', '2024-07-27 00:00:00', '0', '', 2000.00, 0),
(294, 'kZCbDFgv8d', 729, 8, '2024-09-21', '00:00:00', '02:00:00', 'booked', '2024-08-30 00:00:00', '0', '', 2000.00, 0),
(295, '5VBZmMbA2r', 902, 9, '2024-08-21', '02:00:00', '05:00:00', 'completed', '2024-08-19 00:00:00', '1', '', 1000.00, 0),
(296, 'jlC220h9LW', 282, 9, '2024-08-07', '21:00:00', '23:00:00', 'completed', '2024-07-09 00:00:00', '1', '', 1000.00, 0),
(297, '9gfSDnIayz', 1053, 9, '2024-08-27', '18:00:00', '20:00:00', 'completed', '2024-08-22 00:00:00', '0', '', 4000.00, 0),
(298, 'tMKHPQBQqc', 922, 9, '2024-08-31', '11:00:00', '14:00:00', 'completed', '2024-08-20 00:00:00', '0', '', 4000.00, 0),
(299, 'FjWBe7kMF5', 406, 9, '2024-08-12', '01:00:00', '02:00:00', 'completed', '2024-07-25 00:00:00', '1', '', 500.00, 0),
(300, 'wcwTRLfxv4', 1270, 9, '2024-09-13', '23:00:00', '01:00:00', 'cancelled', '2024-08-20 00:00:00', '0', '', 500.00, 0),
(301, '2ELbGHfSYC', 672, 9, '2024-09-14', '15:00:00', '16:00:00', 'cancelled', '2024-08-21 00:00:00', '1', '', 2000.00, 0),
(302, 'kcQ7i683J9', 966, 9, '2024-09-11', '23:00:00', '00:00:00', 'cancelled', '2024-09-08 00:00:00', '0', '', 2000.00, 0),
(303, '7GtdgSb1sl', 144, 9, '2024-08-05', '12:00:00', '14:00:00', 'cancelled', '2024-08-01 00:00:00', '0', '', 4000.00, 0),
(304, 'WoagVW808l', 288, 9, '2024-09-04', '03:00:00', '06:00:00', 'booked', '2024-08-08 00:00:00', '1', '', 4000.00, 0),
(305, '98XVgxC4Tt', 701, 9, '2024-08-20', '12:00:00', '13:00:00', 'booked', '2024-08-16 00:00:00', '1', '', 4000.00, 0),
(306, '4Rc9RBpUeW', 1062, 9, '2024-08-14', '01:00:00', '02:00:00', 'booked', '2024-07-24 00:00:00', '0', '', 4000.00, 0),
(307, 'QWVlRBpKjJ', 1289, 9, '2024-09-21', '20:00:00', '22:00:00', 'booked', '2024-09-04 00:00:00', '1', '', 500.00, 0),
(308, 'Nxb6j5UctO', 288, 9, '2024-09-27', '10:00:00', '13:00:00', 'booked', '2024-09-22 00:00:00', '0', '', 2000.00, 0),
(309, '1QTqwIg5Mk', 108, 10, '2024-09-07', '04:00:00', '06:00:00', 'completed', '2024-09-05 00:00:00', '1', '', 500.00, 0),
(310, 'VGlmxDMhPr', 543, 10, '2024-09-24', '19:00:00', '20:00:00', 'completed', '2024-08-27 00:00:00', '0', '', 2000.00, 0),
(311, 'VOcTvVL353', 566, 10, '2024-08-09', '05:00:00', '08:00:00', 'completed', '2024-07-26 00:00:00', '0', '', 500.00, 0),
(312, '2AdoZkLB8t', 1021, 10, '2024-09-11', '18:00:00', '20:00:00', 'completed', '2024-09-03 00:00:00', '1', '', 500.00, 0),
(313, '1wtXe1lIRm', 840, 10, '2024-08-02', '15:00:00', '16:00:00', 'cancelled', '2024-07-29 00:00:00', '1', '', 500.00, 0),
(314, 'ntI7Wrr92Q', 707, 10, '2024-08-23', '18:00:00', '21:00:00', 'cancelled', '2024-07-24 00:00:00', '1', '', 4000.00, 0),
(315, 'fXwabbAG1w', 466, 10, '2024-08-22', '10:00:00', '13:00:00', 'cancelled', '2024-08-09 00:00:00', '1', '', 4000.00, 0),
(316, 'lJpPxcl8hs', 1425, 10, '2024-09-24', '07:00:00', '10:00:00', 'cancelled', '2024-09-05 00:00:00', '1', '', 2000.00, 0),
(317, 'pzcLDSemcK', 515, 10, '2024-09-13', '04:00:00', '06:00:00', 'booked', '2024-09-06 00:00:00', '1', '', 500.00, 0),
(318, 'FJ8nlDcCWw', 1139, 10, '2024-08-06', '16:00:00', '17:00:00', 'booked', '2024-07-21 00:00:00', '1', '', 2000.00, 0),
(319, 'Qpy4CCEvtw', 431, 10, '2024-08-28', '22:00:00', '00:00:00', 'booked', '2024-08-08 00:00:00', '1', '', 2000.00, 0),
(320, 'K5aLJgsWdd', 94, 10, '2024-08-14', '00:00:00', '03:00:00', 'booked', '2024-08-10 00:00:00', '0', '', 2000.00, 0),
(321, 'pfNNipib08', 490, 11, '2024-09-26', '08:00:00', '11:00:00', 'completed', '2024-09-07 00:00:00', '1', '', 4000.00, 0),
(322, 'RYBDAJjTfx', 135, 11, '2024-08-06', '04:00:00', '06:00:00', 'completed', '2024-07-19 00:00:00', '0', '', 500.00, 0),
(323, 'Ent9QbeGsl', 463, 11, '2024-09-20', '19:00:00', '20:00:00', 'completed', '2024-09-03 00:00:00', '0', '', 2000.00, 0),
(324, '6dvwxWsrQN', 1372, 11, '2024-09-06', '00:00:00', '01:00:00', 'cancelled', '2024-08-10 00:00:00', '1', '', 1000.00, 0),
(325, 'vdlJkZ7Jto', 1477, 11, '2024-09-14', '16:00:00', '18:00:00', 'cancelled', '2024-09-07 00:00:00', '0', '', 500.00, 0),
(326, 'qd0ZySX6gB', 254, 11, '2024-08-09', '06:00:00', '08:00:00', 'cancelled', '2024-07-27 00:00:00', '0', '', 1000.00, 0),
(327, 'BuYo72Cud2', 429, 11, '2024-09-04', '23:00:00', '02:00:00', 'booked', '2024-09-03 00:00:00', '1', '', 2000.00, 0),
(328, 'fjCYirNYwW', 615, 11, '2024-09-06', '03:00:00', '05:00:00', 'booked', '2024-08-24 00:00:00', '1', '', 4000.00, 0),
(329, 'flTvReKG5m', 356, 11, '2024-09-01', '20:00:00', '23:00:00', 'booked', '2024-08-05 00:00:00', '0', '', 500.00, 0),
(330, 'xs4yUvKvRa', 498, 12, '2024-09-24', '19:00:00', '20:00:00', 'completed', '2024-08-26 00:00:00', '1', '', 1000.00, 0),
(331, 'ttIWSMy5co', 823, 12, '2024-09-11', '15:00:00', '16:00:00', 'completed', '2024-09-07 00:00:00', '0', '', 4000.00, 0),
(332, '4cdFoCjcNP', 346, 12, '2024-08-31', '20:00:00', '21:00:00', 'completed', '2024-08-06 00:00:00', '0', '', 500.00, 0),
(333, 'rDICsCGRDi', 1419, 12, '2024-08-18', '06:00:00', '08:00:00', 'completed', '2024-08-07 00:00:00', '1', '', 4000.00, 0),
(334, 'CBDS2LtpWD', 1318, 12, '2024-08-05', '22:00:00', '00:00:00', 'cancelled', '2024-07-10 00:00:00', '0', '', 1000.00, 0),
(335, 'CxXrqqrvrJ', 389, 12, '2024-09-07', '11:00:00', '14:00:00', 'cancelled', '2024-08-30 00:00:00', '0', '', 1000.00, 0),
(336, '58Pax8Hi86', 404, 12, '2024-08-27', '07:00:00', '10:00:00', 'cancelled', '2024-08-23 00:00:00', '1', '', 4000.00, 0),
(337, '6nam0Nv0cR', 626, 12, '2024-09-27', '21:00:00', '00:00:00', 'cancelled', '2024-08-31 00:00:00', '1', '', 500.00, 0),
(338, '3yNXnYVLgI', 636, 12, '2024-08-20', '06:00:00', '08:00:00', 'cancelled', '2024-07-31 00:00:00', '0', '', 500.00, 0),
(339, 'AlR5fenw7a', 1211, 12, '2024-08-06', '08:00:00', '11:00:00', 'booked', '2024-07-08 00:00:00', '1', '', 1000.00, 0),
(340, 'wnZBUf7ZfK', 445, 12, '2024-09-30', '22:00:00', '00:00:00', 'booked', '2024-09-20 00:00:00', '0', '', 4000.00, 0),
(341, 'OZ2hP9JuMs', 228, 12, '2024-09-06', '20:00:00', '23:00:00', 'booked', '2024-09-04 00:00:00', '0', '', 2000.00, 0),
(342, 'kAr0hLu8zr', 1229, 12, '2024-08-24', '22:00:00', '01:00:00', 'booked', '2024-08-07 00:00:00', '1', '', 500.00, 0),
(343, '2KdwzpOrlR', 1014, 12, '2024-09-03', '23:00:00', '00:00:00', 'booked', '2024-08-21 00:00:00', '0', '', 1000.00, 0),
(344, 'uMtnNrR9ih', 257, 13, '2024-09-29', '13:00:00', '16:00:00', 'completed', '2024-09-06 00:00:00', '0', '', 4000.00, 0),
(345, 'Xv8OlVkRZX', 692, 13, '2024-09-03', '04:00:00', '06:00:00', 'completed', '2024-08-15 00:00:00', '0', '', 2000.00, 0),
(346, 'BrIGjXZwtO', 824, 13, '2024-09-11', '08:00:00', '10:00:00', 'completed', '2024-09-01 00:00:00', '0', '', 2000.00, 0),
(347, '2c2sq2KLwM', 743, 13, '2024-08-23', '04:00:00', '06:00:00', 'completed', '2024-07-24 00:00:00', '1', '', 4000.00, 0),
(348, 'ezpYcYsGAZ', 1261, 13, '2024-09-16', '17:00:00', '19:00:00', 'cancelled', '2024-09-04 00:00:00', '1', '', 2000.00, 0),
(349, 'qtjjIL24Qr', 1264, 13, '2024-08-07', '22:00:00', '23:00:00', 'cancelled', '2024-07-24 00:00:00', '0', '', 4000.00, 0),
(350, '2vg4ZDmO3P', 96, 13, '2024-08-27', '19:00:00', '22:00:00', 'cancelled', '2024-07-29 00:00:00', '1', '', 2000.00, 0),
(351, 'yqxsG7VDBx', 304, 13, '2024-09-24', '12:00:00', '15:00:00', 'cancelled', '2024-09-03 00:00:00', '0', '', 1000.00, 0),
(352, 'zRBQRzHl1u', 971, 13, '2024-09-13', '21:00:00', '00:00:00', 'booked', '2024-08-26 00:00:00', '0', '', 4000.00, 0),
(353, 'pCVX9UShmx', 299, 13, '2024-09-15', '13:00:00', '15:00:00', 'booked', '2024-09-09 00:00:00', '1', '', 2000.00, 0),
(354, '9fnH5ornfx', 386, 13, '2024-09-28', '16:00:00', '18:00:00', 'booked', '2024-09-07 00:00:00', '0', '', 500.00, 0),
(355, 'P3i3Nn7rWK', 1160, 13, '2024-09-06', '10:00:00', '11:00:00', 'booked', '2024-08-24 00:00:00', '0', '', 1000.00, 0),
(356, '3S9YUMeaWm', 1273, 14, '2024-09-13', '19:00:00', '22:00:00', 'completed', '2024-09-01 00:00:00', '0', '', 4000.00, 0),
(357, 'FcipAKaQzA', 536, 14, '2024-09-18', '14:00:00', '17:00:00', 'completed', '2024-08-25 00:00:00', '1', '', 4000.00, 0),
(358, '2RZBkLSyJ4', 472, 14, '2024-08-13', '06:00:00', '07:00:00', 'completed', '2024-07-16 00:00:00', '0', '', 4000.00, 0),
(359, 'OWKy7YI2xi', 608, 14, '2024-09-20', '02:00:00', '04:00:00', 'completed', '2024-08-29 00:00:00', '1', '', 4000.00, 0),
(360, 'bvws8iXInY', 456, 14, '2024-08-17', '21:00:00', '22:00:00', 'cancelled', '2024-07-29 00:00:00', '1', '', 2000.00, 0),
(361, 'Ych37lQGH5', 226, 14, '2024-08-12', '07:00:00', '08:00:00', 'cancelled', '2024-08-02 00:00:00', '1', '', 500.00, 0),
(362, 'wtoOKK4zSr', 232, 14, '2024-08-13', '00:00:00', '02:00:00', 'cancelled', '2024-07-23 00:00:00', '1', '', 1000.00, 0),
(363, 'H6zKf9YCQf', 395, 14, '2024-09-24', '16:00:00', '19:00:00', 'cancelled', '2024-09-01 00:00:00', '0', '', 4000.00, 0),
(364, 'NGzn3OvC9c', 269, 14, '2024-08-01', '04:00:00', '05:00:00', 'cancelled', '2024-07-25 00:00:00', '1', '', 4000.00, 0),
(365, 's8pxL0yIne', 1132, 14, '2024-09-10', '19:00:00', '21:00:00', 'booked', '2024-08-11 00:00:00', '1', '', 1000.00, 0),
(366, 'kGV9RbcRs8', 114, 14, '2024-08-30', '23:00:00', '02:00:00', 'booked', '2024-07-31 00:00:00', '1', '', 1000.00, 0),
(367, 'zA9EoyMqCX', 527, 14, '2024-08-20', '21:00:00', '23:00:00', 'booked', '2024-07-25 00:00:00', '1', '', 1000.00, 0),
(368, 'WuTeeFf6VC', 1004, 14, '2024-08-21', '08:00:00', '11:00:00', 'booked', '2024-08-16 00:00:00', '0', '', 2000.00, 0),
(369, 'A2dvMiaqeC', 650, 14, '2024-09-06', '18:00:00', '21:00:00', 'booked', '2024-08-21 00:00:00', '0', '', 2000.00, 0),
(370, 'Z2OiBSTuOD', 1285, 15, '2024-09-30', '02:00:00', '04:00:00', 'completed', '2024-09-15 00:00:00', '0', '', 1000.00, 0),
(371, 'C52IhFwXFx', 736, 15, '2024-08-24', '07:00:00', '10:00:00', 'completed', '2024-08-12 00:00:00', '1', '', 2000.00, 0),
(372, 'dm3j5aEbC7', 726, 15, '2024-09-29', '19:00:00', '22:00:00', 'completed', '2024-09-16 00:00:00', '0', '', 2000.00, 0),
(373, '0YvtHnO2ca', 399, 15, '2024-09-05', '00:00:00', '01:00:00', 'completed', '2024-08-09 00:00:00', '1', '', 4000.00, 0),
(374, 'LvKrmFgxyM', 1134, 15, '2024-09-30', '02:00:00', '05:00:00', 'completed', '2024-09-22 00:00:00', '1', '', 2000.00, 0),
(375, 'YnPXaIqR6l', 1473, 15, '2024-09-06', '04:00:00', '07:00:00', 'cancelled', '2024-08-07 00:00:00', '0', '', 4000.00, 0),
(376, 'qvZPl8mHsF', 426, 15, '2024-09-08', '06:00:00', '09:00:00', 'cancelled', '2024-08-20 00:00:00', '1', '', 4000.00, 0),
(377, 'BSxX8zYhfb', 538, 15, '2024-09-26', '06:00:00', '08:00:00', 'cancelled', '2024-09-15 00:00:00', '0', '', 500.00, 0),
(378, 'poTGL6Oq9C', 1366, 15, '2024-08-23', '14:00:00', '17:00:00', 'cancelled', '2024-07-24 00:00:00', '1', '', 1000.00, 0),
(379, 'DYtzVPA1o7', 1057, 15, '2024-09-01', '17:00:00', '18:00:00', 'cancelled', '2024-08-29 00:00:00', '1', '', 1000.00, 0),
(380, 'C2M3VzyV7b', 1173, 15, '2024-09-30', '18:00:00', '21:00:00', 'booked', '2024-08-31 00:00:00', '1', '', 1000.00, 0),
(381, '3n5MdzAp8T', 1150, 15, '2024-08-21', '03:00:00', '04:00:00', 'booked', '2024-08-12 00:00:00', '1', '', 1000.00, 0),
(382, 'TKJIn8jfwC', 1409, 15, '2024-08-08', '08:00:00', '09:00:00', 'booked', '2024-07-25 00:00:00', '1', '', 4000.00, 0),
(383, 'ymQFD15Pr7', 1076, 15, '2024-09-15', '18:00:00', '20:00:00', 'booked', '2024-08-25 00:00:00', '1', '', 4000.00, 0),
(384, 'mDeb5Lj42J', 975, 15, '2024-09-12', '02:00:00', '03:00:00', 'booked', '2024-09-07 00:00:00', '0', '', 4000.00, 0),
(385, 'jXTNnpxrTM', 795, 16, '2024-09-01', '02:00:00', '04:00:00', 'completed', '2024-08-31 00:00:00', '0', '', 4000.00, 0),
(386, 'YCoKHI7hfJ', 678, 16, '2024-08-17', '01:00:00', '04:00:00', 'completed', '2024-07-22 00:00:00', '1', '', 500.00, 0),
(387, 'tRM6Oi5sTo', 703, 16, '2024-09-09', '08:00:00', '09:00:00', 'completed', '2024-08-16 00:00:00', '1', '', 1000.00, 0),
(388, 'eocd4JKseX', 171, 16, '2024-08-06', '11:00:00', '12:00:00', 'cancelled', '2024-07-21 00:00:00', '0', '', 4000.00, 0),
(389, 'q1gSJS8s6S', 1450, 16, '2024-09-15', '13:00:00', '16:00:00', 'cancelled', '2024-09-11 00:00:00', '0', '', 2000.00, 0),
(390, 'bODs8ZZ8YG', 1274, 16, '2024-09-11', '13:00:00', '15:00:00', 'cancelled', '2024-08-14 00:00:00', '0', '', 4000.00, 0),
(391, 'NnyN2vefQc', 617, 16, '2024-08-14', '04:00:00', '05:00:00', 'booked', '2024-07-29 00:00:00', '0', '', 1000.00, 0),
(392, 'pzVEzlUIjT', 951, 16, '2024-08-09', '14:00:00', '17:00:00', 'booked', '2024-07-15 00:00:00', '0', '', 4000.00, 0),
(393, 'SCNHm0A0QI', 761, 16, '2024-09-29', '17:00:00', '18:00:00', 'booked', '2024-09-17 00:00:00', '1', '', 500.00, 0),
(394, 'q6DbPsfG06', 1366, 17, '2024-09-22', '06:00:00', '09:00:00', 'completed', '2024-09-10 00:00:00', '1', '', 2000.00, 0),
(395, 'icrGZ9gPDX', 842, 17, '2024-08-22', '21:00:00', '23:00:00', 'completed', '2024-08-03 00:00:00', '1', '', 1000.00, 0),
(396, 'ObbHmbzilW', 1198, 17, '2024-09-23', '16:00:00', '19:00:00', 'completed', '2024-08-25 00:00:00', '1', '', 500.00, 0),
(397, 'kr7kOGtwWk', 1133, 17, '2024-08-29', '02:00:00', '03:00:00', 'completed', '2024-08-10 00:00:00', '0', '', 2000.00, 0),
(398, 'YzOLgcT2FZ', 356, 17, '2024-09-21', '15:00:00', '18:00:00', 'cancelled', '2024-09-20 00:00:00', '0', '', 4000.00, 0),
(399, 'P7CObKs99p', 1362, 17, '2024-08-23', '22:00:00', '00:00:00', 'cancelled', '2024-07-27 00:00:00', '1', '', 4000.00, 0),
(400, 'FwPfEstOGX', 1194, 17, '2024-09-14', '07:00:00', '08:00:00', 'cancelled', '2024-08-28 00:00:00', '1', '', 4000.00, 0),
(401, 'oEEpuklr9M', 602, 17, '2024-09-21', '11:00:00', '13:00:00', 'cancelled', '2024-08-26 00:00:00', '1', '', 4000.00, 0),
(402, 'a8ucLXGrEP', 1309, 17, '2024-09-22', '04:00:00', '07:00:00', 'cancelled', '2024-09-04 00:00:00', '0', '', 500.00, 0),
(403, '1KWkpvI7eL', 1313, 17, '2024-08-31', '20:00:00', '22:00:00', 'booked', '2024-08-26 00:00:00', '1', '', 500.00, 0),
(404, 'hx5gH2b5E4', 530, 17, '2024-08-02', '11:00:00', '13:00:00', 'booked', '2024-07-22 00:00:00', '0', '', 500.00, 0),
(405, 'skE7lgQwBp', 458, 17, '2024-09-03', '02:00:00', '05:00:00', 'booked', '2024-08-13 00:00:00', '1', '', 2000.00, 0),
(406, 'ECZbFE20gr', 193, 18, '2024-09-07', '11:00:00', '12:00:00', 'completed', '2024-08-24 00:00:00', '1', '', 4000.00, 0),
(407, 'xuM8zikmP5', 346, 18, '2024-09-05', '20:00:00', '21:00:00', 'completed', '2024-08-17 00:00:00', '0', '', 1000.00, 0),
(408, 'YYAYvt81Od', 883, 18, '2024-09-03', '19:00:00', '21:00:00', 'completed', '2024-08-23 00:00:00', '1', '', 2000.00, 0),
(409, 'cffQOhd3xO', 339, 18, '2024-08-12', '21:00:00', '22:00:00', 'cancelled', '2024-08-10 00:00:00', '0', '', 4000.00, 0),
(410, 'Ag6CpJ3UBd', 241, 18, '2024-08-01', '00:00:00', '02:00:00', 'cancelled', '2024-07-20 00:00:00', '0', '', 500.00, 0),
(411, '4i9ev0Tx0i', 1228, 18, '2024-08-30', '02:00:00', '05:00:00', 'cancelled', '2024-08-07 00:00:00', '0', '', 4000.00, 0),
(412, 'qqzzscl5au', 593, 18, '2024-08-05', '00:00:00', '03:00:00', 'booked', '2024-08-04 00:00:00', '1', '', 500.00, 0),
(413, 'xdzN7xlWnd', 611, 18, '2024-09-22', '05:00:00', '08:00:00', 'booked', '2024-09-07 00:00:00', '0', '', 1000.00, 0),
(414, 'xpOvuLHvwR', 475, 18, '2024-08-04', '15:00:00', '18:00:00', 'booked', '2024-07-11 00:00:00', '0', '', 4000.00, 0),
(415, 'bCysPOLMdu', 126, 18, '2024-09-23', '09:00:00', '11:00:00', 'booked', '2024-08-29 00:00:00', '1', '', 2000.00, 0),
(416, 'BzD5iGeLFT', 12, 18, '2024-08-30', '15:00:00', '16:00:00', 'booked', '2024-08-11 00:00:00', '1', '', 2000.00, 0),
(417, 'qpMr4YMoeT', 763, 19, '2024-08-01', '15:00:00', '18:00:00', 'completed', '2024-07-10 00:00:00', '0', '', 1000.00, 0),
(418, 'hJ7vjotmeG', 715, 19, '2024-09-19', '16:00:00', '17:00:00', 'completed', '2024-09-05 00:00:00', '1', '', 500.00, 0);
INSERT INTO `booking_record` (`id`, `numerical_order`, `table_id`, `user_id`, `date`, `start_time`, `end_time`, `status`, `created_at`, `playroom_type`, `notes`, `total_price`, `party_id`) VALUES
(419, 'QeCo0UdPr7', 431, 19, '2024-09-27', '03:00:00', '05:00:00', 'completed', '2024-09-24 00:00:00', '1', '', 1000.00, 0),
(420, 'S1rpzJh0Xx', 687, 19, '2024-08-15', '18:00:00', '21:00:00', 'completed', '2024-08-04 00:00:00', '0', '', 2000.00, 0),
(421, 'M803hQkjfE', 1113, 19, '2024-09-13', '18:00:00', '19:00:00', 'cancelled', '2024-08-14 00:00:00', '0', '', 2000.00, 0),
(422, 'XJlIK4oXTR', 474, 19, '2024-09-24', '21:00:00', '23:00:00', 'cancelled', '2024-09-21 00:00:00', '1', '', 500.00, 0),
(423, '6RKowirSoO', 874, 19, '2024-08-04', '19:00:00', '20:00:00', 'cancelled', '2024-07-18 00:00:00', '1', '', 1000.00, 0),
(424, 'KH6556AHL2', 1195, 19, '2024-09-08', '10:00:00', '12:00:00', 'booked', '2024-08-31 00:00:00', '0', '', 4000.00, 0),
(425, 'nXSKMgqVxo', 441, 19, '2024-09-19', '20:00:00', '23:00:00', 'booked', '2024-08-26 00:00:00', '0', '', 4000.00, 0),
(426, 'Ewm2iHNzAR', 793, 19, '2024-08-14', '20:00:00', '21:00:00', 'booked', '2024-07-23 00:00:00', '0', '', 4000.00, 0),
(427, 'erBKxizRft', 1285, 19, '2024-09-21', '11:00:00', '14:00:00', 'booked', '2024-08-30 00:00:00', '1', '', 4000.00, 0),
(428, 'NSBO54d09K', 1198, 19, '2024-09-15', '05:00:00', '07:00:00', 'booked', '2024-08-16 00:00:00', '0', '', 4000.00, 0),
(429, 'FVoechrMtB', 868, 20, '2024-09-05', '12:00:00', '13:00:00', 'completed', '2024-08-15 00:00:00', '1', '', 1000.00, 0),
(430, '0Ds7fMzFqq', 959, 20, '2024-09-01', '00:00:00', '03:00:00', 'completed', '2024-08-20 00:00:00', '1', '', 2000.00, 0),
(431, 'yLjAeIFV4g', 587, 20, '2024-08-04', '18:00:00', '20:00:00', 'completed', '2024-07-22 00:00:00', '0', '', 2000.00, 0),
(432, 'WO6zmmHqdW', 1338, 20, '2024-08-08', '08:00:00', '09:00:00', 'completed', '2024-07-22 00:00:00', '0', '', 1000.00, 0),
(433, 'KGR8uWmEuy', 1371, 20, '2024-09-21', '22:00:00', '01:00:00', 'cancelled', '2024-08-26 00:00:00', '0', '', 500.00, 0),
(434, 'sw4F34wL8r', 1050, 20, '2024-09-26', '16:00:00', '17:00:00', 'cancelled', '2024-09-19 00:00:00', '1', '', 500.00, 0),
(435, 'jSxRgIUF5w', 50, 20, '2024-08-04', '08:00:00', '11:00:00', 'cancelled', '2024-07-23 00:00:00', '0', '', 2000.00, 0),
(436, 'yzPzkiYaqH', 1458, 20, '2024-08-11', '08:00:00', '11:00:00', 'booked', '2024-07-31 00:00:00', '0', '', 2000.00, 0),
(437, 'Ug1n0varup', 871, 20, '2024-09-04', '05:00:00', '07:00:00', 'booked', '2024-08-30 00:00:00', '1', '', 500.00, 0),
(438, 'gA2iABNSjF', 850, 20, '2024-09-17', '12:00:00', '13:00:00', 'booked', '2024-09-13 00:00:00', '0', '', 500.00, 0),
(439, 'iK4aYRU2xx', 18, 20, '2024-08-17', '10:00:00', '12:00:00', 'booked', '2024-07-26 00:00:00', '0', '', 500.00, 0),
(440, 'fldSfuiJ5d', 637, 21, '2024-09-15', '06:00:00', '08:00:00', 'completed', '2024-08-17 00:00:00', '1', '', 2000.00, 0),
(441, '1AzvRuZBNM', 1245, 21, '2024-08-27', '12:00:00', '13:00:00', 'completed', '2024-08-20 00:00:00', '1', '', 1000.00, 0),
(442, 'jJybOYQQDO', 107, 21, '2024-09-05', '15:00:00', '17:00:00', 'completed', '2024-08-06 00:00:00', '0', '', 1000.00, 0),
(443, 'WyyPGfToq9', 366, 21, '2024-08-31', '14:00:00', '16:00:00', 'completed', '2024-08-02 00:00:00', '1', '', 2000.00, 0),
(444, 'pELHUtQIVb', 1121, 21, '2024-08-31', '14:00:00', '17:00:00', 'completed', '2024-08-07 00:00:00', '1', '', 4000.00, 0),
(445, '44plN9yLfa', 1465, 21, '2024-09-01', '09:00:00', '12:00:00', 'cancelled', '2024-08-26 00:00:00', '0', '', 1000.00, 0),
(446, 'Ni2T5jaKCz', 1331, 21, '2024-08-05', '19:00:00', '20:00:00', 'cancelled', '2024-07-15 00:00:00', '0', '', 1000.00, 0),
(447, 'Tfxria7CdP', 153, 21, '2024-09-08', '18:00:00', '19:00:00', 'cancelled', '2024-08-15 00:00:00', '0', '', 500.00, 0),
(448, 'XKFS5ioJ6n', 1075, 21, '2024-09-25', '06:00:00', '07:00:00', 'cancelled', '2024-09-08 00:00:00', '1', '', 1000.00, 0),
(449, 'LD5eLi5ey4', 1482, 21, '2024-09-13', '11:00:00', '12:00:00', 'cancelled', '2024-08-23 00:00:00', '0', '', 4000.00, 0),
(450, 'qgvhAJShID', 516, 21, '2024-09-02', '22:00:00', '23:00:00', 'booked', '2024-08-23 00:00:00', '0', '', 4000.00, 0),
(451, 'r5V3PevVDp', 798, 21, '2024-08-19', '08:00:00', '10:00:00', 'booked', '2024-08-15 00:00:00', '0', '', 2000.00, 0),
(452, 'lV5UeE4DOy', 1134, 21, '2024-08-17', '17:00:00', '20:00:00', 'booked', '2024-07-18 00:00:00', '0', '', 1000.00, 0),
(453, 'tQu3uWSIhU', 1319, 21, '2024-09-20', '04:00:00', '06:00:00', 'booked', '2024-08-27 00:00:00', '1', '', 2000.00, 0),
(454, 'dJqnK6e31K', 1180, 21, '2024-08-26', '22:00:00', '01:00:00', 'booked', '2024-07-30 00:00:00', '1', '', 2000.00, 0),
(455, 'Tpd5VEL5Yz', 797, 22, '2024-09-21', '12:00:00', '13:00:00', 'completed', '2024-08-22 00:00:00', '0', '', 4000.00, 0),
(456, '4zQY5a922k', 779, 22, '2024-09-27', '00:00:00', '02:00:00', 'completed', '2024-09-18 00:00:00', '0', '', 2000.00, 0),
(457, 'lIoEtyIjKC', 1461, 22, '2024-09-05', '19:00:00', '22:00:00', 'completed', '2024-08-30 00:00:00', '0', '', 2000.00, 0),
(458, 'jLQQsG5Lfu', 582, 22, '2024-09-23', '04:00:00', '07:00:00', 'completed', '2024-09-10 00:00:00', '0', '', 2000.00, 0),
(459, 'dBUnG53L1m', 1318, 22, '2024-09-18', '23:00:00', '00:00:00', 'completed', '2024-09-14 00:00:00', '0', '', 2000.00, 0),
(460, 'ZuxSCCu8U8', 1000, 22, '2024-09-03', '17:00:00', '18:00:00', 'cancelled', '2024-09-02 00:00:00', '1', '', 4000.00, 0),
(461, '0jDEXSXo7c', 1067, 22, '2024-09-15', '05:00:00', '06:00:00', 'cancelled', '2024-09-02 00:00:00', '0', '', 4000.00, 0),
(462, '4i0lYcMs2w', 233, 22, '2024-08-15', '23:00:00', '01:00:00', 'cancelled', '2024-07-19 00:00:00', '0', '', 2000.00, 0),
(463, '1jSrZTLOtb', 844, 22, '2024-08-14', '08:00:00', '11:00:00', 'cancelled', '2024-07-22 00:00:00', '0', '', 1000.00, 0),
(464, 'ckEpvf2zrQ', 874, 22, '2024-08-03', '18:00:00', '20:00:00', 'booked', '2024-07-05 00:00:00', '1', '', 4000.00, 0),
(465, 'w6FCqeGalA', 1380, 22, '2024-09-06', '08:00:00', '11:00:00', 'booked', '2024-08-15 00:00:00', '0', '', 2000.00, 0),
(466, 'E7Y8AldqNl', 139, 22, '2024-09-21', '19:00:00', '22:00:00', 'booked', '2024-09-17 00:00:00', '1', '', 4000.00, 0),
(467, '05M1vFTYoR', 441, 22, '2024-09-18', '06:00:00', '07:00:00', 'booked', '2024-08-28 00:00:00', '1', '', 2000.00, 0),
(468, '9frzFFjJu1', 1398, 23, '2024-08-02', '06:00:00', '08:00:00', 'completed', '2024-07-03 00:00:00', '0', '', 1000.00, 0),
(469, 'W8PH5pBk2m', 103, 23, '2024-09-30', '11:00:00', '13:00:00', 'completed', '2024-09-10 00:00:00', '0', '', 1000.00, 0),
(470, 'uqME4vaOzD', 1069, 23, '2024-08-31', '18:00:00', '21:00:00', 'completed', '2024-08-19 00:00:00', '1', '', 1000.00, 0),
(471, 'DP6sOkuykP', 162, 23, '2024-09-02', '14:00:00', '17:00:00', 'completed', '2024-08-05 00:00:00', '0', '', 2000.00, 0),
(472, 'gtgoCVeCl5', 887, 23, '2024-09-11', '08:00:00', '10:00:00', 'cancelled', '2024-09-08 00:00:00', '1', '', 500.00, 0),
(473, 'BYacJwSmyZ', 1370, 23, '2024-08-13', '15:00:00', '18:00:00', 'cancelled', '2024-07-20 00:00:00', '0', '', 1000.00, 0),
(474, 'SJoH8raiVO', 692, 23, '2024-08-31', '03:00:00', '05:00:00', 'cancelled', '2024-08-07 00:00:00', '1', '', 500.00, 0),
(475, 'hfsb6xOnxF', 136, 23, '2024-08-24', '14:00:00', '15:00:00', 'cancelled', '2024-08-14 00:00:00', '0', '', 500.00, 0),
(476, 'B0bX38sYAq', 1338, 23, '2024-08-01', '15:00:00', '17:00:00', 'cancelled', '2024-07-15 00:00:00', '1', '', 4000.00, 0),
(477, 'IogGCr2xG8', 111, 23, '2024-08-13', '18:00:00', '21:00:00', 'booked', '2024-08-03 00:00:00', '1', '', 1000.00, 0),
(478, '4Eg4lbbA8L', 920, 23, '2024-09-20', '15:00:00', '16:00:00', 'booked', '2024-09-13 00:00:00', '0', '', 500.00, 0),
(479, 'SFhVnr9XCB', 253, 23, '2024-08-05', '06:00:00', '09:00:00', 'booked', '2024-07-21 00:00:00', '1', '', 1000.00, 0),
(480, 'DllAK6GKm8', 392, 24, '2024-08-28', '13:00:00', '15:00:00', 'completed', '2024-08-07 00:00:00', '1', '', 500.00, 0),
(481, 'XqqoUZPfJL', 1013, 24, '2024-08-09', '20:00:00', '21:00:00', 'completed', '2024-07-31 00:00:00', '0', '', 4000.00, 0),
(482, 'Wshsp3yteX', 715, 24, '2024-08-26', '09:00:00', '10:00:00', 'completed', '2024-08-09 00:00:00', '0', '', 2000.00, 0),
(483, 'lsd8gR1Z4g', 204, 24, '2024-09-11', '03:00:00', '06:00:00', 'completed', '2024-08-26 00:00:00', '0', '', 1000.00, 0),
(484, 'Ptd231X8i6', 81, 24, '2024-09-27', '22:00:00', '23:00:00', 'cancelled', '2024-09-21 00:00:00', '0', '', 1000.00, 0),
(485, 'Gke1tBIUWi', 352, 24, '2024-08-27', '02:00:00', '04:00:00', 'cancelled', '2024-08-07 00:00:00', '0', '', 4000.00, 0),
(486, 'Ujxb6l86QX', 697, 24, '2024-09-26', '13:00:00', '15:00:00', 'cancelled', '2024-08-27 00:00:00', '1', '', 1000.00, 0),
(487, 'aEzk23S3z9', 171, 24, '2024-08-25', '22:00:00', '23:00:00', 'booked', '2024-08-13 00:00:00', '1', '', 1000.00, 0),
(488, 'IHQi0asbos', 74, 24, '2024-08-03', '02:00:00', '03:00:00', 'booked', '2024-07-23 00:00:00', '0', '', 4000.00, 0),
(489, 'tAUOIyvefO', 1245, 24, '2024-09-14', '06:00:00', '09:00:00', 'booked', '2024-08-21 00:00:00', '0', '', 1000.00, 0),
(490, 'K83M3iOEUk', 635, 25, '2024-08-14', '13:00:00', '16:00:00', 'completed', '2024-08-05 00:00:00', '1', '', 1000.00, 0),
(491, 'rwza4mvmwJ', 698, 25, '2024-08-11', '03:00:00', '05:00:00', 'completed', '2024-07-29 00:00:00', '0', '', 500.00, 0),
(492, 'fllYxGf2IQ', 351, 25, '2024-08-12', '02:00:00', '05:00:00', 'completed', '2024-07-20 00:00:00', '1', '', 1000.00, 0),
(493, 'EY8gM5XxUM', 33, 25, '2024-09-06', '05:00:00', '07:00:00', 'cancelled', '2024-08-23 00:00:00', '0', '', 4000.00, 0),
(494, '2e6d0m3Kp0', 1354, 25, '2024-08-23', '19:00:00', '21:00:00', 'cancelled', '2024-08-19 00:00:00', '0', '', 4000.00, 0),
(495, 'R18vPVfTvs', 797, 25, '2024-09-27', '06:00:00', '07:00:00', 'cancelled', '2024-09-20 00:00:00', '1', '', 1000.00, 0),
(496, 'QzLChX53H1', 1252, 25, '2024-09-23', '20:00:00', '21:00:00', 'booked', '2024-09-14 00:00:00', '1', '', 1000.00, 0),
(497, 'Fm9eVF02dV', 830, 25, '2024-08-24', '19:00:00', '21:00:00', 'booked', '2024-08-19 00:00:00', '0', '', 2000.00, 0),
(498, 'f8gZH6u1UW', 1014, 25, '2024-09-30', '03:00:00', '05:00:00', 'booked', '2024-09-19 00:00:00', '1', '', 500.00, 0),
(499, '72TcUr7Ryf', 1026, 25, '2024-09-17', '03:00:00', '06:00:00', 'booked', '2024-08-18 00:00:00', '1', '', 500.00, 0),
(500, 'tku4OkKtCI', 689, 26, '2024-08-25', '18:00:00', '19:00:00', 'completed', '2024-08-13 00:00:00', '0', '', 1000.00, 0),
(501, '0cA4ZusbIG', 326, 26, '2024-09-19', '23:00:00', '00:00:00', 'completed', '2024-08-29 00:00:00', '1', '', 500.00, 0),
(502, 'LSIS9ehfvR', 1445, 26, '2024-08-20', '23:00:00', '01:00:00', 'completed', '2024-07-29 00:00:00', '1', '', 2000.00, 0),
(503, 'Vcfm5tiFOb', 750, 26, '2024-08-01', '13:00:00', '14:00:00', 'completed', '2024-07-19 00:00:00', '1', '', 4000.00, 0),
(504, 'fTQTeNdTg7', 292, 26, '2024-09-30', '19:00:00', '21:00:00', 'cancelled', '2024-09-08 00:00:00', '1', '', 1000.00, 0),
(505, 'isyq5yWbHY', 286, 26, '2024-08-14', '03:00:00', '04:00:00', 'cancelled', '2024-08-06 00:00:00', '0', '', 500.00, 0),
(506, 'VaJx1uiLoc', 488, 26, '2024-08-17', '23:00:00', '02:00:00', 'cancelled', '2024-07-22 00:00:00', '0', '', 2000.00, 0),
(507, 'VXr6QkSJ7b', 603, 26, '2024-09-03', '09:00:00', '10:00:00', 'booked', '2024-08-12 00:00:00', '1', '', 500.00, 0),
(508, '44kD3RGozE', 766, 26, '2024-08-08', '05:00:00', '07:00:00', 'booked', '2024-07-29 00:00:00', '0', '', 2000.00, 0),
(509, 'MMhNdQHg4W', 518, 26, '2024-09-17', '02:00:00', '03:00:00', 'booked', '2024-09-04 00:00:00', '0', '', 2000.00, 0),
(510, 'qDzNDJmHR4', 1383, 27, '2024-08-05', '06:00:00', '08:00:00', 'completed', '2024-07-28 00:00:00', '1', '', 1000.00, 0),
(511, 'EOmo8EvvK8', 1262, 27, '2024-09-02', '07:00:00', '09:00:00', 'completed', '2024-09-01 00:00:00', '0', '', 4000.00, 0),
(512, 'ysSf9hWLxQ', 1408, 27, '2024-08-14', '17:00:00', '18:00:00', 'completed', '2024-08-11 00:00:00', '1', '', 500.00, 0),
(513, 'gjbnv8RFe5', 554, 27, '2024-09-17', '01:00:00', '04:00:00', 'cancelled', '2024-08-21 00:00:00', '0', '', 1000.00, 0),
(514, 'vLgfn4tAwa', 1135, 27, '2024-09-09', '04:00:00', '05:00:00', 'cancelled', '2024-09-05 00:00:00', '0', '', 4000.00, 0),
(515, 'jgeDzvrPBS', 1028, 27, '2024-08-29', '10:00:00', '11:00:00', 'cancelled', '2024-08-13 00:00:00', '1', '', 1000.00, 0),
(516, '4VA5WSdOhU', 492, 27, '2024-08-25', '12:00:00', '13:00:00', 'cancelled', '2024-08-19 00:00:00', '1', '', 1000.00, 0),
(517, 'IB0Pgxgqac', 1091, 27, '2024-09-19', '10:00:00', '13:00:00', 'booked', '2024-08-22 00:00:00', '1', '', 1000.00, 0),
(518, 'qE1qogn3xV', 518, 27, '2024-09-16', '21:00:00', '00:00:00', 'booked', '2024-08-20 00:00:00', '1', '', 2000.00, 0),
(519, 'Yy6Vu1n32b', 568, 27, '2024-08-14', '01:00:00', '02:00:00', 'booked', '2024-07-17 00:00:00', '0', '', 2000.00, 0),
(520, '0K2FFVwYJH', 849, 27, '2024-08-07', '13:00:00', '15:00:00', 'booked', '2024-07-11 00:00:00', '1', '', 1000.00, 0),
(521, 'l7lsfozEYX', 1144, 28, '2024-08-15', '21:00:00', '23:00:00', 'completed', '2024-07-19 00:00:00', '0', '', 2000.00, 0),
(522, 'wlm0elF2H1', 1287, 28, '2024-09-01', '04:00:00', '06:00:00', 'completed', '2024-08-25 00:00:00', '1', '', 1000.00, 0),
(523, 'BXZ1ex3QI5', 837, 28, '2024-09-15', '18:00:00', '19:00:00', 'completed', '2024-08-31 00:00:00', '0', '', 500.00, 0),
(524, 'wGjMEnzKki', 188, 28, '2024-08-31', '02:00:00', '04:00:00', 'completed', '2024-08-14 00:00:00', '0', '', 1000.00, 0),
(525, 'TJK13Y1Ibx', 220, 28, '2024-09-14', '02:00:00', '04:00:00', 'completed', '2024-08-20 00:00:00', '1', '', 2000.00, 0),
(526, '4y7yQQbUbQ', 1126, 28, '2024-08-20', '11:00:00', '12:00:00', 'cancelled', '2024-08-18 00:00:00', '1', '', 1000.00, 0),
(527, 'x0hKQUN3vp', 370, 28, '2024-09-07', '18:00:00', '20:00:00', 'cancelled', '2024-08-28 00:00:00', '1', '', 2000.00, 0),
(528, 'pP5M9zPNOe', 993, 28, '2024-08-04', '09:00:00', '11:00:00', 'cancelled', '2024-07-19 00:00:00', '1', '', 4000.00, 0),
(529, 'MbYL9Ud6VV', 960, 28, '2024-09-10', '00:00:00', '02:00:00', 'cancelled', '2024-09-02 00:00:00', '1', '', 2000.00, 0),
(530, '4CArbfNkv9', 925, 28, '2024-09-12', '02:00:00', '03:00:00', 'cancelled', '2024-08-14 00:00:00', '0', '', 2000.00, 0),
(531, 'pcO6ofYAAM', 56, 28, '2024-09-29', '22:00:00', '23:00:00', 'booked', '2024-09-21 00:00:00', '1', '', 1000.00, 0),
(532, 'XBCfeBd7Ei', 193, 28, '2024-09-27', '21:00:00', '22:00:00', 'booked', '2024-09-20 00:00:00', '0', '', 1000.00, 0),
(533, 'hFVzV30bQf', 184, 28, '2024-09-12', '03:00:00', '05:00:00', 'booked', '2024-08-19 00:00:00', '0', '', 1000.00, 0),
(534, 'UfbGt8xR8c', 673, 29, '2024-08-26', '11:00:00', '12:00:00', 'completed', '2024-07-30 00:00:00', '1', '', 500.00, 0),
(535, '2GoUa3NIKJ', 292, 29, '2024-09-05', '21:00:00', '00:00:00', 'completed', '2024-09-02 00:00:00', '1', '', 500.00, 0),
(536, '0AUP4soWMs', 1087, 29, '2024-08-25', '13:00:00', '14:00:00', 'completed', '2024-08-09 00:00:00', '1', '', 1000.00, 0),
(537, 'GibCRmeEKn', 851, 29, '2024-09-28', '16:00:00', '19:00:00', 'completed', '2024-08-31 00:00:00', '0', '', 2000.00, 0),
(538, 'GdsyYrBj5d', 1239, 29, '2024-09-17', '19:00:00', '22:00:00', 'completed', '2024-09-10 00:00:00', '0', '', 4000.00, 0),
(539, 'K4ylK6aPar', 5, 29, '2024-09-01', '05:00:00', '07:00:00', 'cancelled', '2024-08-23 00:00:00', '1', '', 4000.00, 0),
(540, 'DGUdyA4Nfo', 293, 29, '2024-08-26', '09:00:00', '12:00:00', 'cancelled', '2024-08-07 00:00:00', '1', '', 1000.00, 0),
(541, 'qI73F25dy5', 177, 29, '2024-08-03', '14:00:00', '15:00:00', 'cancelled', '2024-07-17 00:00:00', '0', '', 2000.00, 0),
(542, 'Amvnkx2Rhe', 902, 29, '2024-09-21', '20:00:00', '23:00:00', 'cancelled', '2024-09-13 00:00:00', '0', '', 1000.00, 0),
(543, '778L00qfiE', 1354, 29, '2024-08-22', '05:00:00', '06:00:00', 'cancelled', '2024-07-23 00:00:00', '1', '', 2000.00, 0),
(544, 'yhcBnDO325', 565, 29, '2024-09-20', '03:00:00', '05:00:00', 'booked', '2024-09-10 00:00:00', '0', '', 500.00, 0),
(545, 'd3WK6OuYej', 1150, 29, '2024-08-01', '23:00:00', '02:00:00', 'booked', '2024-07-08 00:00:00', '1', '', 1000.00, 0),
(546, '8Mercgm3b1', 196, 29, '2024-09-29', '06:00:00', '07:00:00', 'booked', '2024-09-18 00:00:00', '0', '', 1000.00, 0),
(547, '9XMlPM1KRh', 1227, 29, '2024-09-15', '03:00:00', '05:00:00', 'booked', '2024-08-31 00:00:00', '1', '', 2000.00, 0),
(548, 'SEp7R45Krk', 186, 30, '2024-09-11', '20:00:00', '22:00:00', 'completed', '2024-08-15 00:00:00', '0', '', 4000.00, 0),
(549, 'xoFihfi2se', 293, 30, '2024-08-19', '05:00:00', '06:00:00', 'completed', '2024-07-26 00:00:00', '1', '', 2000.00, 0),
(550, 'awIoL1r0a0', 1392, 30, '2024-08-06', '18:00:00', '20:00:00', 'completed', '2024-07-22 00:00:00', '1', '', 4000.00, 0),
(551, 'qsydguh2Xs', 1338, 30, '2024-09-03', '04:00:00', '07:00:00', 'completed', '2024-08-24 00:00:00', '1', '', 500.00, 0),
(552, 'T2PRFMJqjA', 1139, 30, '2024-09-17', '17:00:00', '19:00:00', 'cancelled', '2024-08-18 00:00:00', '0', '', 1000.00, 0),
(553, 'SIeZdHVcnO', 732, 30, '2024-09-03', '19:00:00', '21:00:00', 'cancelled', '2024-08-25 00:00:00', '1', '', 1000.00, 0),
(554, 'y4B8PbOX6G', 748, 30, '2024-09-18', '13:00:00', '14:00:00', 'cancelled', '2024-09-01 00:00:00', '0', '', 1000.00, 0),
(555, '9KVQgue0sO', 700, 30, '2024-09-22', '03:00:00', '06:00:00', 'booked', '2024-09-15 00:00:00', '1', '', 1000.00, 0),
(556, '56A1anjjlN', 514, 30, '2024-09-28', '21:00:00', '22:00:00', 'booked', '2024-09-27 00:00:00', '0', '', 2000.00, 0),
(557, 'cyNGGt1j4Y', 1354, 30, '2024-08-17', '09:00:00', '10:00:00', 'booked', '2024-07-18 00:00:00', '0', '', 2000.00, 0),
(558, 'bW3GQkwfiM', 191, 30, '2024-08-18', '06:00:00', '09:00:00', 'booked', '2024-08-04 00:00:00', '0', '', 2000.00, 0),
(559, 'VgKC2l3pHs', 1013, 31, '2024-08-07', '23:00:00', '02:00:00', 'completed', '2024-07-26 00:00:00', '1', '', 1000.00, 0),
(560, 'DdMJv2RQ6i', 1306, 31, '2024-09-01', '18:00:00', '19:00:00', 'completed', '2024-08-23 00:00:00', '0', '', 500.00, 0),
(561, 'QOWvfPfkbR', 412, 31, '2024-08-12', '01:00:00', '02:00:00', 'completed', '2024-08-06 00:00:00', '0', '', 4000.00, 0),
(562, 'HhXoLylqZE', 25, 31, '2024-09-16', '10:00:00', '13:00:00', 'completed', '2024-09-04 00:00:00', '0', '', 2000.00, 0),
(563, 'gUWRVmkCoP', 214, 31, '2024-09-16', '19:00:00', '20:00:00', 'completed', '2024-08-21 00:00:00', '0', '', 1000.00, 0),
(564, 'lFu6c3qW1V', 940, 31, '2024-09-24', '10:00:00', '12:00:00', 'cancelled', '2024-08-29 00:00:00', '0', '', 2000.00, 0),
(565, 'Dcq0V9tkMb', 566, 31, '2024-08-10', '11:00:00', '12:00:00', 'cancelled', '2024-07-27 00:00:00', '0', '', 500.00, 0),
(566, 'BNlMtBYi1e', 295, 31, '2024-08-19', '04:00:00', '07:00:00', 'cancelled', '2024-07-25 00:00:00', '0', '', 2000.00, 0),
(567, 'zY9BKvY2Nc', 1048, 31, '2024-09-16', '04:00:00', '05:00:00', 'booked', '2024-08-27 00:00:00', '0', '', 1000.00, 0),
(568, 'wmM4M2xCWQ', 49, 31, '2024-09-09', '22:00:00', '01:00:00', 'booked', '2024-09-01 00:00:00', '1', '', 2000.00, 0),
(569, 'wijCJlNWt9', 1450, 31, '2024-08-18', '14:00:00', '16:00:00', 'booked', '2024-08-09 00:00:00', '1', '', 2000.00, 0),
(570, 'R23gpVxieY', 829, 32, '2024-09-11', '14:00:00', '15:00:00', 'completed', '2024-08-27 00:00:00', '0', '', 1000.00, 0),
(571, 'ZQiNwAI6u0', 1232, 32, '2024-08-30', '23:00:00', '02:00:00', 'completed', '2024-08-14 00:00:00', '1', '', 2000.00, 0),
(572, 'PNKpc0JrPf', 645, 32, '2024-09-02', '17:00:00', '18:00:00', 'completed', '2024-08-26 00:00:00', '0', '', 500.00, 0),
(573, 'FUHAdybduN', 1417, 32, '2024-09-28', '13:00:00', '14:00:00', 'completed', '2024-09-17 00:00:00', '1', '', 2000.00, 0),
(574, '8nyAlxHFGR', 596, 32, '2024-08-31', '02:00:00', '05:00:00', 'cancelled', '2024-08-23 00:00:00', '1', '', 4000.00, 0),
(575, 'MixFWAyTXP', 890, 32, '2024-09-02', '16:00:00', '17:00:00', 'cancelled', '2024-08-10 00:00:00', '1', '', 2000.00, 0),
(576, 'YoglJneaeq', 362, 32, '2024-09-17', '16:00:00', '19:00:00', 'cancelled', '2024-08-27 00:00:00', '1', '', 500.00, 0),
(577, 'KfxYn0zJRl', 215, 32, '2024-08-23', '03:00:00', '05:00:00', 'cancelled', '2024-07-30 00:00:00', '1', '', 1000.00, 0),
(578, 'm9FDPiixoD', 1406, 32, '2024-08-17', '02:00:00', '03:00:00', 'cancelled', '2024-08-01 00:00:00', '0', '', 2000.00, 0),
(579, 'RSDTy7fNmY', 1207, 32, '2024-09-30', '04:00:00', '06:00:00', 'booked', '2024-09-23 00:00:00', '0', '', 2000.00, 0),
(580, 'ealgt93mhI', 933, 32, '2024-08-04', '09:00:00', '10:00:00', 'booked', '2024-07-09 00:00:00', '1', '', 1000.00, 0),
(581, '0aBi6qyA0A', 552, 32, '2024-08-15', '11:00:00', '14:00:00', 'booked', '2024-08-09 00:00:00', '0', '', 1000.00, 0),
(582, '9Fqxe85yr0', 180, 32, '2024-08-19', '16:00:00', '19:00:00', 'booked', '2024-07-31 00:00:00', '1', '', 2000.00, 0),
(583, 'q2HIEgoTNm', 228, 33, '2024-09-12', '20:00:00', '21:00:00', 'completed', '2024-08-31 00:00:00', '1', '', 4000.00, 0),
(584, 'UMpfnbxQ9L', 201, 33, '2024-09-29', '16:00:00', '19:00:00', 'completed', '2024-09-27 00:00:00', '1', '', 1000.00, 0),
(585, '6J7aitWlKP', 589, 33, '2024-08-28', '14:00:00', '17:00:00', 'completed', '2024-08-01 00:00:00', '0', '', 4000.00, 0),
(586, 'qe9dvQ3Jp1', 255, 33, '2024-09-21', '18:00:00', '19:00:00', 'cancelled', '2024-09-08 00:00:00', '1', '', 4000.00, 0),
(587, 'Z4nhdElotj', 463, 33, '2024-08-02', '09:00:00', '12:00:00', 'cancelled', '2024-07-11 00:00:00', '1', '', 4000.00, 0),
(588, 'M4DHs9FDEv', 410, 33, '2024-08-22', '14:00:00', '17:00:00', 'cancelled', '2024-07-28 00:00:00', '0', '', 500.00, 0),
(589, 'G0cGkrKJSl', 829, 33, '2024-08-26', '14:00:00', '17:00:00', 'cancelled', '2024-08-24 00:00:00', '1', '', 500.00, 0),
(590, 'vdXbOrlduL', 936, 33, '2024-09-22', '15:00:00', '18:00:00', 'cancelled', '2024-09-09 00:00:00', '0', '', 500.00, 0),
(591, 'GYNVDm1FO5', 499, 33, '2024-09-29', '21:00:00', '22:00:00', 'booked', '2024-09-02 00:00:00', '1', '', 2000.00, 0),
(592, 'cxF9Hl8bui', 894, 33, '2024-09-28', '11:00:00', '14:00:00', 'booked', '2024-09-05 00:00:00', '0', '', 4000.00, 0),
(593, 'LHku33C4H7', 1426, 33, '2024-09-05', '08:00:00', '09:00:00', 'booked', '2024-09-03 00:00:00', '1', '', 4000.00, 0),
(594, '7UOP4HS2MO', 1496, 34, '2024-09-18', '03:00:00', '06:00:00', 'completed', '2024-08-20 00:00:00', '1', '', 500.00, 0),
(595, '1anABp0Lbq', 1354, 34, '2024-08-04', '10:00:00', '13:00:00', 'completed', '2024-07-17 00:00:00', '0', '', 500.00, 0),
(596, '4j33fgx3Fu', 194, 34, '2024-09-13', '03:00:00', '04:00:00', 'completed', '2024-09-10 00:00:00', '0', '', 1000.00, 0),
(597, 'kVwOlJrirE', 1180, 34, '2024-08-30', '16:00:00', '17:00:00', 'cancelled', '2024-08-17 00:00:00', '1', '', 4000.00, 0),
(598, 'Fm5kBoATnU', 786, 34, '2024-09-23', '07:00:00', '09:00:00', 'cancelled', '2024-09-11 00:00:00', '0', '', 1000.00, 0),
(599, 'DW2zn8wcVu', 397, 34, '2024-08-03', '07:00:00', '08:00:00', 'cancelled', '2024-07-28 00:00:00', '1', '', 500.00, 0),
(600, '7YuUHJ2Hjb', 340, 34, '2024-09-09', '07:00:00', '08:00:00', 'cancelled', '2024-08-22 00:00:00', '0', '', 500.00, 0),
(601, 'UKjwjUoflz', 1066, 34, '2024-08-28', '23:00:00', '02:00:00', 'booked', '2024-08-23 00:00:00', '0', '', 4000.00, 0),
(602, '0zwoxWiUBI', 246, 34, '2024-09-27', '23:00:00', '01:00:00', 'booked', '2024-09-11 00:00:00', '0', '', 1000.00, 0),
(603, 'Q0FWWULXXP', 1169, 34, '2024-09-12', '20:00:00', '22:00:00', 'booked', '2024-09-09 00:00:00', '1', '', 500.00, 0),
(604, '9pnQL6hkHF', 103, 34, '2024-08-31', '06:00:00', '09:00:00', 'booked', '2024-08-09 00:00:00', '0', '', 1000.00, 0),
(605, 'BnCXpn2tKu', 624, 35, '2024-08-30', '15:00:00', '18:00:00', 'completed', '2024-08-26 00:00:00', '1', '', 2000.00, 0),
(606, 'wH8E63QEIx', 1473, 35, '2024-08-06', '21:00:00', '22:00:00', 'completed', '2024-07-18 00:00:00', '0', '', 1000.00, 0),
(607, 'ZJtRO4H3Gc', 399, 35, '2024-09-19', '21:00:00', '00:00:00', 'completed', '2024-08-31 00:00:00', '1', '', 500.00, 0),
(608, 'Zi82qrh0yH', 460, 35, '2024-09-19', '09:00:00', '11:00:00', 'completed', '2024-09-15 00:00:00', '1', '', 2000.00, 0),
(609, 'nJNdu1u6Pf', 45, 35, '2024-08-25', '04:00:00', '07:00:00', 'cancelled', '2024-08-12 00:00:00', '0', '', 4000.00, 0),
(610, 'IANQwe8VP0', 1185, 35, '2024-08-22', '02:00:00', '05:00:00', 'cancelled', '2024-07-23 00:00:00', '0', '', 1000.00, 0),
(611, 'HwHceTGMjT', 243, 35, '2024-08-25', '11:00:00', '12:00:00', 'cancelled', '2024-08-24 00:00:00', '1', '', 4000.00, 0),
(612, 'Q06HKZsBYY', 66, 35, '2024-08-28', '12:00:00', '14:00:00', 'booked', '2024-08-07 00:00:00', '0', '', 4000.00, 0),
(613, 'XychyGCxIu', 1181, 35, '2024-09-09', '03:00:00', '05:00:00', 'booked', '2024-08-12 00:00:00', '0', '', 1000.00, 0),
(614, 'JwwjRae4PV', 672, 35, '2024-09-09', '01:00:00', '04:00:00', 'booked', '2024-09-03 00:00:00', '0', '', 2000.00, 0),
(615, '8iVcmJEIBH', 1361, 35, '2024-08-28', '05:00:00', '06:00:00', 'booked', '2024-08-20 00:00:00', '1', '', 2000.00, 0),
(616, 'NxKs1yRAZG', 503, 35, '2024-09-07', '02:00:00', '03:00:00', 'booked', '2024-08-16 00:00:00', '0', '', 1000.00, 0),
(617, '1nNWYUfV7w', 1003, 36, '2024-08-26', '23:00:00', '02:00:00', 'completed', '2024-07-29 00:00:00', '1', '', 4000.00, 0),
(618, 'USGD2jnXlH', 377, 36, '2024-09-26', '09:00:00', '12:00:00', 'completed', '2024-09-24 00:00:00', '0', '', 1000.00, 0),
(619, '7tvIFAG4iF', 1154, 36, '2024-09-09', '19:00:00', '22:00:00', 'completed', '2024-08-24 00:00:00', '0', '', 1000.00, 0),
(620, '5rTlitsxe1', 559, 36, '2024-09-02', '17:00:00', '18:00:00', 'completed', '2024-08-23 00:00:00', '0', '', 500.00, 0),
(621, 'aRe0txziNi', 572, 36, '2024-09-21', '21:00:00', '00:00:00', 'cancelled', '2024-08-31 00:00:00', '1', '', 1000.00, 0),
(622, 'E9SpuWoUEC', 781, 36, '2024-09-14', '20:00:00', '23:00:00', 'cancelled', '2024-09-02 00:00:00', '1', '', 1000.00, 0),
(623, '9Zq5NflzhS', 1014, 36, '2024-09-07', '09:00:00', '11:00:00', 'cancelled', '2024-08-17 00:00:00', '1', '', 1000.00, 0),
(624, 'ieg89LFhGV', 492, 36, '2024-08-27', '23:00:00', '02:00:00', 'cancelled', '2024-08-22 00:00:00', '0', '', 1000.00, 0),
(625, 'CqEe85hJLy', 1225, 36, '2024-09-14', '01:00:00', '03:00:00', 'booked', '2024-08-29 00:00:00', '0', '', 500.00, 0),
(626, 'y4cI3tZYa3', 313, 36, '2024-08-10', '17:00:00', '20:00:00', 'booked', '2024-07-17 00:00:00', '0', '', 2000.00, 0),
(627, 'cLVjehrAVt', 345, 36, '2024-08-21', '23:00:00', '01:00:00', 'booked', '2024-08-10 00:00:00', '1', '', 4000.00, 0),
(628, '4cxmLY2eSV', 899, 37, '2024-09-15', '20:00:00', '22:00:00', 'completed', '2024-09-04 00:00:00', '1', '', 2000.00, 0),
(629, 'BLEVVBJvSq', 132, 37, '2024-09-14', '06:00:00', '07:00:00', 'completed', '2024-08-31 00:00:00', '1', '', 500.00, 0),
(630, 'skn5IxAaVr', 787, 37, '2024-09-23', '02:00:00', '05:00:00', 'completed', '2024-09-21 00:00:00', '0', '', 1000.00, 0),
(631, 'gCwXk5jyOO', 1129, 37, '2024-08-27', '15:00:00', '18:00:00', 'completed', '2024-07-30 00:00:00', '1', '', 4000.00, 0),
(632, 'qQRZIHdG3M', 1151, 37, '2024-09-25', '11:00:00', '12:00:00', 'completed', '2024-09-24 00:00:00', '1', '', 4000.00, 0),
(633, 'nmYWQcrtiC', 503, 37, '2024-08-25', '11:00:00', '14:00:00', 'cancelled', '2024-08-02 00:00:00', '0', '', 2000.00, 0),
(634, '71uX49Ymgd', 1202, 37, '2024-09-14', '13:00:00', '15:00:00', 'cancelled', '2024-09-06 00:00:00', '1', '', 2000.00, 0),
(635, 'k1dLltWGYr', 1271, 37, '2024-08-10', '18:00:00', '21:00:00', 'cancelled', '2024-07-31 00:00:00', '0', '', 2000.00, 0),
(636, 'WxoRRDMHNR', 657, 37, '2024-08-11', '08:00:00', '10:00:00', 'cancelled', '2024-08-06 00:00:00', '0', '', 500.00, 0),
(637, 'eVPxsxI1eM', 1352, 37, '2024-08-16', '21:00:00', '00:00:00', 'booked', '2024-08-06 00:00:00', '0', '', 1000.00, 0),
(638, 'hg0QnXhEcB', 903, 37, '2024-08-14', '02:00:00', '04:00:00', 'booked', '2024-07-15 00:00:00', '0', '', 4000.00, 0),
(639, 'W81UKMOK78', 1240, 37, '2024-08-03', '20:00:00', '22:00:00', 'booked', '2024-07-23 00:00:00', '1', '', 2000.00, 0),
(640, 'akmZwvtJ4D', 1478, 37, '2024-08-01', '18:00:00', '19:00:00', 'booked', '2024-07-30 00:00:00', '0', '', 500.00, 0),
(641, '4GMIqdYJsc', 318, 37, '2024-08-31', '18:00:00', '20:00:00', 'booked', '2024-08-28 00:00:00', '0', '', 1000.00, 0),
(642, 'isvGTijvGG', 268, 38, '2024-09-20', '11:00:00', '14:00:00', 'completed', '2024-08-27 00:00:00', '1', '', 2000.00, 0),
(643, 'Ns2Dd9O6rm', 1262, 38, '2024-08-15', '01:00:00', '04:00:00', 'completed', '2024-08-13 00:00:00', '0', '', 2000.00, 0),
(644, '3rtGUVw4Z1', 429, 38, '2024-08-24', '21:00:00', '23:00:00', 'completed', '2024-07-28 00:00:00', '1', '', 1000.00, 0),
(645, 'dh3tYE5ldM', 215, 38, '2024-09-16', '02:00:00', '04:00:00', 'cancelled', '2024-09-07 00:00:00', '1', '', 1000.00, 0),
(646, 'GDTmzHS3XF', 179, 38, '2024-08-17', '04:00:00', '07:00:00', 'cancelled', '2024-08-15 00:00:00', '1', '', 1000.00, 0),
(647, 'm26APhXGcN', 1031, 38, '2024-09-27', '22:00:00', '23:00:00', 'cancelled', '2024-09-12 00:00:00', '0', '', 1000.00, 0),
(648, 'rwlsig73RV', 732, 38, '2024-08-14', '02:00:00', '05:00:00', 'cancelled', '2024-08-10 00:00:00', '1', '', 4000.00, 0),
(649, 'fTBMakiSY1', 1227, 38, '2024-08-08', '04:00:00', '07:00:00', 'cancelled', '2024-07-25 00:00:00', '1', '', 2000.00, 0),
(650, 'pTrWC2MZmR', 263, 38, '2024-09-07', '06:00:00', '07:00:00', 'booked', '2024-08-14 00:00:00', '0', '', 1000.00, 0),
(651, 'SlmnIazlhc', 933, 38, '2024-08-14', '22:00:00', '23:00:00', 'booked', '2024-08-10 00:00:00', '1', '', 4000.00, 0),
(652, 'i7boE6fg91', 994, 38, '2024-08-23', '17:00:00', '18:00:00', 'booked', '2024-07-28 00:00:00', '0', '', 1000.00, 0),
(653, '7GTmmtUyyZ', 955, 38, '2024-09-18', '10:00:00', '11:00:00', 'booked', '2024-09-05 00:00:00', '1', '', 1000.00, 0),
(654, 'QfU4lra7kl', 1405, 39, '2024-09-12', '08:00:00', '09:00:00', 'completed', '2024-09-07 00:00:00', '1', '', 500.00, 0),
(655, 'g6AoE6qwcA', 852, 39, '2024-09-20', '19:00:00', '20:00:00', 'completed', '2024-09-01 00:00:00', '1', '', 1000.00, 0),
(656, 'gEJT5Z8dLW', 407, 39, '2024-09-16', '04:00:00', '07:00:00', 'completed', '2024-09-13 00:00:00', '0', '', 4000.00, 0),
(657, 'j0mOKjl1Of', 566, 39, '2024-09-10', '12:00:00', '14:00:00', 'completed', '2024-08-12 00:00:00', '1', '', 2000.00, 0),
(658, '3a3BjiwC5n', 324, 39, '2024-08-03', '23:00:00', '01:00:00', 'completed', '2024-07-08 00:00:00', '1', '', 500.00, 0),
(659, 'b7RisOEoRw', 385, 39, '2024-08-31', '01:00:00', '03:00:00', 'cancelled', '2024-08-29 00:00:00', '0', '', 500.00, 0),
(660, '7yTQDIcdnN', 880, 39, '2024-09-17', '20:00:00', '21:00:00', 'cancelled', '2024-08-29 00:00:00', '0', '', 2000.00, 0),
(661, 'ONE0CLHwbg', 1259, 39, '2024-08-26', '07:00:00', '08:00:00', 'cancelled', '2024-08-06 00:00:00', '0', '', 4000.00, 0),
(662, 'zqxvRIK3rN', 127, 39, '2024-09-14', '08:00:00', '09:00:00', 'booked', '2024-08-29 00:00:00', '0', '', 1000.00, 0),
(663, 'xOsqkwmfPf', 515, 39, '2024-09-26', '17:00:00', '18:00:00', 'booked', '2024-09-09 00:00:00', '0', '', 4000.00, 0),
(664, 'x32CUDWyAB', 787, 39, '2024-09-19', '19:00:00', '22:00:00', 'booked', '2024-09-15 00:00:00', '0', '', 4000.00, 0),
(665, 'sZgbnK3upb', 1064, 39, '2024-08-05', '01:00:00', '03:00:00', 'booked', '2024-07-19 00:00:00', '0', '', 4000.00, 0),
(666, 'qfESe9NoY5', 1232, 40, '2024-08-13', '09:00:00', '12:00:00', 'completed', '2024-07-23 00:00:00', '0', '', 1000.00, 0),
(667, 'stYwvBIqtN', 501, 40, '2024-09-19', '18:00:00', '19:00:00', 'completed', '2024-08-22 00:00:00', '0', '', 500.00, 0),
(668, '0eD2ujqxxK', 1396, 40, '2024-08-02', '10:00:00', '11:00:00', 'completed', '2024-07-12 00:00:00', '0', '', 4000.00, 0),
(669, 'fZf5qRd4H2', 1029, 40, '2024-08-06', '08:00:00', '09:00:00', 'completed', '2024-07-22 00:00:00', '0', '', 2000.00, 0),
(670, '0oa8Mw3Zf6', 1247, 40, '2024-09-21', '10:00:00', '13:00:00', 'cancelled', '2024-09-09 00:00:00', '0', '', 4000.00, 0),
(671, 'KByfWBrHN6', 1345, 40, '2024-09-25', '11:00:00', '14:00:00', 'cancelled', '2024-09-08 00:00:00', '1', '', 500.00, 0),
(672, 'UUIC90O1j6', 289, 40, '2024-09-24', '23:00:00', '01:00:00', 'cancelled', '2024-09-20 00:00:00', '1', '', 4000.00, 0),
(673, 'kOfnrZUBjc', 218, 40, '2024-09-01', '07:00:00', '08:00:00', 'booked', '2024-08-13 00:00:00', '1', '', 4000.00, 0),
(674, 'P9BMLDewXv', 456, 40, '2024-08-29', '02:00:00', '03:00:00', 'booked', '2024-08-16 00:00:00', '1', '', 4000.00, 0),
(675, 'oQI23HGa4w', 432, 40, '2024-09-30', '03:00:00', '04:00:00', 'booked', '2024-09-19 00:00:00', '1', '', 4000.00, 0),
(676, 'ouZx2QcjJJ', 292, 40, '2024-09-07', '05:00:00', '08:00:00', 'booked', '2024-08-11 00:00:00', '0', '', 500.00, 0),
(677, '1DrxQgdvhl', 1342, 40, '2024-08-08', '20:00:00', '22:00:00', 'booked', '2024-08-03 00:00:00', '1', '', 2000.00, 0),
(678, 'X825CREa0K', 1074, 41, '2024-08-11', '04:00:00', '07:00:00', 'completed', '2024-07-24 00:00:00', '1', '', 4000.00, 0),
(679, 'T82cjzf4Qc', 1408, 41, '2024-08-10', '05:00:00', '07:00:00', 'completed', '2024-08-06 00:00:00', '0', '', 1000.00, 0),
(680, 'wPdDXClZcP', 843, 41, '2024-09-03', '14:00:00', '17:00:00', 'completed', '2024-09-01 00:00:00', '1', '', 500.00, 0),
(681, 'suxCzq29QM', 76, 41, '2024-09-09', '19:00:00', '21:00:00', 'completed', '2024-08-20 00:00:00', '1', '', 1000.00, 0),
(682, 'w0rEpN6fHm', 18, 41, '2024-09-12', '03:00:00', '05:00:00', 'completed', '2024-09-01 00:00:00', '0', '', 500.00, 0),
(683, 'USjSg6rtwk', 935, 41, '2024-09-11', '17:00:00', '18:00:00', 'cancelled', '2024-08-22 00:00:00', '0', '', 1000.00, 0),
(684, 'oNUsCkXWHt', 1077, 41, '2024-09-28', '03:00:00', '05:00:00', 'cancelled', '2024-08-30 00:00:00', '1', '', 500.00, 0),
(685, 'qNPYjA6qDZ', 954, 41, '2024-09-10', '13:00:00', '16:00:00', 'cancelled', '2024-08-29 00:00:00', '1', '', 4000.00, 0),
(686, 'BXG61xjpNu', 66, 41, '2024-09-16', '07:00:00', '10:00:00', 'booked', '2024-08-17 00:00:00', '1', '', 500.00, 0),
(687, '6gGVh9C7K8', 571, 41, '2024-09-25', '17:00:00', '20:00:00', 'booked', '2024-09-01 00:00:00', '1', '', 2000.00, 0),
(688, '0pCnAVXevz', 252, 41, '2024-09-18', '12:00:00', '15:00:00', 'booked', '2024-09-13 00:00:00', '1', '', 500.00, 0),
(689, 'oKafeL1OOJ', 1233, 41, '2024-09-27', '10:00:00', '12:00:00', 'booked', '2024-09-10 00:00:00', '1', '', 4000.00, 0),
(690, 'uErQhjmX1q', 1492, 42, '2024-09-04', '19:00:00', '22:00:00', 'completed', '2024-08-18 00:00:00', '0', '', 4000.00, 0),
(691, '66Kq90LOL0', 1062, 42, '2024-09-20', '04:00:00', '05:00:00', 'completed', '2024-09-18 00:00:00', '1', '', 1000.00, 0),
(692, '92X0h7UdJY', 477, 42, '2024-09-30', '11:00:00', '14:00:00', 'completed', '2024-09-29 00:00:00', '1', '', 2000.00, 0),
(693, 'TSAGol0TAI', 701, 42, '2024-08-19', '01:00:00', '04:00:00', 'completed', '2024-07-29 00:00:00', '0', '', 500.00, 0),
(694, 'eWm7AE2h8D', 123, 42, '2024-09-05', '10:00:00', '11:00:00', 'completed', '2024-08-14 00:00:00', '1', '', 500.00, 0),
(695, 'sYmhXmcSIQ', 1442, 42, '2024-09-05', '12:00:00', '14:00:00', 'cancelled', '2024-08-23 00:00:00', '1', '', 1000.00, 0),
(696, 'CRBZie8MDV', 306, 42, '2024-08-27', '05:00:00', '06:00:00', 'cancelled', '2024-08-18 00:00:00', '0', '', 2000.00, 0),
(697, 'liAD0vb4qv', 1387, 42, '2024-08-07', '08:00:00', '10:00:00', 'cancelled', '2024-07-20 00:00:00', '0', '', 4000.00, 0),
(698, 'So2YDoGk5b', 241, 42, '2024-08-11', '09:00:00', '10:00:00', 'cancelled', '2024-07-20 00:00:00', '1', '', 500.00, 0),
(699, 'y4vXwQOxlC', 739, 42, '2024-08-29', '07:00:00', '08:00:00', 'booked', '2024-08-20 00:00:00', '1', '', 4000.00, 0),
(700, 'AmP1dsdVd6', 184, 42, '2024-08-27', '10:00:00', '11:00:00', 'booked', '2024-08-02 00:00:00', '0', '', 2000.00, 0),
(701, '0Pz3HFQiPg', 458, 42, '2024-08-06', '04:00:00', '06:00:00', 'booked', '2024-07-17 00:00:00', '0', '', 1000.00, 0),
(702, 'A1W4hIdw9u', 140, 42, '2024-08-20', '01:00:00', '04:00:00', 'booked', '2024-08-10 00:00:00', '0', '', 4000.00, 0),
(703, 'SNfedErr4K', 830, 42, '2024-08-01', '06:00:00', '07:00:00', 'booked', '2024-07-26 00:00:00', '0', '', 4000.00, 0),
(704, 'K2eHcc1Gd9', 1185, 43, '2024-08-22', '16:00:00', '17:00:00', 'completed', '2024-08-07 00:00:00', '1', '', 4000.00, 0),
(705, 'bI7dyV6tHf', 553, 43, '2024-09-12', '21:00:00', '00:00:00', 'completed', '2024-08-27 00:00:00', '0', '', 1000.00, 0),
(706, 'DUSjXQFWdB', 720, 43, '2024-08-30', '12:00:00', '15:00:00', 'completed', '2024-08-17 00:00:00', '0', '', 2000.00, 0),
(707, 'VXrieTkR1F', 1223, 43, '2024-08-14', '02:00:00', '03:00:00', 'completed', '2024-07-31 00:00:00', '1', '', 1000.00, 0),
(708, 'WSWt3gHrXI', 1245, 43, '2024-09-20', '18:00:00', '19:00:00', 'completed', '2024-09-03 00:00:00', '0', '', 1000.00, 0),
(709, '0gwguQdVp6', 1204, 43, '2024-09-17', '12:00:00', '14:00:00', 'cancelled', '2024-08-19 00:00:00', '1', '', 1000.00, 0),
(710, 'VhHLDxYDVz', 1366, 43, '2024-09-04', '19:00:00', '22:00:00', 'cancelled', '2024-08-15 00:00:00', '0', '', 500.00, 0),
(711, 'QtFJ5Z26eT', 621, 43, '2024-08-14', '15:00:00', '18:00:00', 'cancelled', '2024-07-20 00:00:00', '1', '', 2000.00, 0),
(712, 'Xq1UiK1XAY', 518, 43, '2024-09-14', '20:00:00', '22:00:00', 'booked', '2024-09-12 00:00:00', '1', '', 2000.00, 0),
(713, 'KGVe6lB4kh', 1271, 43, '2024-08-17', '16:00:00', '17:00:00', 'booked', '2024-08-09 00:00:00', '0', '', 1000.00, 0),
(714, 'TqwSGQLDP6', 943, 43, '2024-09-10', '23:00:00', '02:00:00', 'booked', '2024-08-18 00:00:00', '0', '', 4000.00, 0),
(715, 'laKOoBPHkZ', 1026, 44, '2024-08-30', '08:00:00', '09:00:00', 'completed', '2024-08-26 00:00:00', '0', '', 2000.00, 0),
(716, 'NivPGyVrLX', 433, 44, '2024-09-13', '16:00:00', '19:00:00', 'completed', '2024-08-29 00:00:00', '1', '', 500.00, 0),
(717, 'rkzF96oqJk', 547, 44, '2024-09-13', '06:00:00', '08:00:00', 'completed', '2024-08-30 00:00:00', '0', '', 2000.00, 0),
(718, '3d5mJBWQuv', 1122, 44, '2024-08-15', '17:00:00', '18:00:00', 'completed', '2024-08-07 00:00:00', '1', '', 1000.00, 0),
(719, 'uMR5s5eNcH', 450, 44, '2024-08-01', '17:00:00', '20:00:00', 'cancelled', '2024-07-10 00:00:00', '0', '', 1000.00, 0),
(720, 'a5QxVnOhuE', 341, 44, '2024-09-20', '01:00:00', '04:00:00', 'cancelled', '2024-09-11 00:00:00', '1', '', 2000.00, 0),
(721, 'wMZtOnPZhH', 1160, 44, '2024-08-02', '10:00:00', '11:00:00', 'cancelled', '2024-07-20 00:00:00', '0', '', 2000.00, 0),
(722, 'GzkhcY4NDB', 619, 44, '2024-09-01', '19:00:00', '21:00:00', 'cancelled', '2024-08-24 00:00:00', '1', '', 1000.00, 0),
(723, 'kwdQoota8F', 902, 44, '2024-09-29', '11:00:00', '13:00:00', 'booked', '2024-09-08 00:00:00', '1', '', 4000.00, 0),
(724, 'RTlx7S51fp', 1253, 44, '2024-09-29', '14:00:00', '16:00:00', 'booked', '2024-09-02 00:00:00', '0', '', 4000.00, 0),
(725, 'FPH4orAOEN', 411, 44, '2024-08-26', '12:00:00', '14:00:00', 'booked', '2024-08-08 00:00:00', '1', '', 500.00, 0),
(726, 'qavnAX0Ch3', 1372, 44, '2024-09-03', '00:00:00', '02:00:00', 'booked', '2024-08-13 00:00:00', '0', '', 500.00, 0),
(727, 'Dn8LUmrYSD', 1016, 44, '2024-08-06', '03:00:00', '04:00:00', 'booked', '2024-07-25 00:00:00', '0', '', 4000.00, 0),
(728, 'sXEWXZvhSm', 988, 45, '2024-09-25', '17:00:00', '20:00:00', 'completed', '2024-09-21 00:00:00', '0', '', 4000.00, 0),
(729, 'N6ly2S19xB', 369, 45, '2024-08-14', '18:00:00', '20:00:00', 'completed', '2024-08-10 00:00:00', '1', '', 4000.00, 0),
(730, 'L2TYdfpVUw', 136, 45, '2024-09-28', '23:00:00', '00:00:00', 'completed', '2024-08-31 00:00:00', '1', '', 2000.00, 0),
(731, 'llWMvfQVtz', 548, 45, '2024-09-12', '09:00:00', '11:00:00', 'cancelled', '2024-08-27 00:00:00', '0', '', 4000.00, 0),
(732, 'DXhTxfkm7g', 1219, 45, '2024-08-28', '12:00:00', '14:00:00', 'cancelled', '2024-08-24 00:00:00', '0', '', 4000.00, 0),
(733, 'kVzr8Y2sdi', 870, 45, '2024-08-09', '10:00:00', '12:00:00', 'cancelled', '2024-07-12 00:00:00', '1', '', 2000.00, 0),
(734, 'okfRiWKOC3', 1074, 45, '2024-08-01', '23:00:00', '00:00:00', 'cancelled', '2024-07-12 00:00:00', '0', '', 2000.00, 0),
(735, 'gY1VqzIdcy', 716, 45, '2024-08-20', '19:00:00', '22:00:00', 'cancelled', '2024-08-03 00:00:00', '0', '', 4000.00, 0),
(736, 'RvKwC2MNuy', 787, 45, '2024-09-21', '03:00:00', '06:00:00', 'booked', '2024-09-16 00:00:00', '0', '', 500.00, 0),
(737, 'eMtSEr08rx', 548, 45, '2024-09-19', '01:00:00', '02:00:00', 'booked', '2024-09-10 00:00:00', '1', '', 500.00, 0),
(738, 'AbDKOrfQYk', 699, 45, '2024-09-15', '16:00:00', '19:00:00', 'booked', '2024-08-20 00:00:00', '0', '', 1000.00, 0),
(739, 'ZilqW3XFwc', 472, 46, '2024-09-13', '04:00:00', '06:00:00', 'completed', '2024-09-08 00:00:00', '0', '', 4000.00, 0),
(740, 'Rh8ofmg1gV', 530, 46, '2024-08-27', '17:00:00', '20:00:00', 'completed', '2024-08-20 00:00:00', '1', '', 4000.00, 0),
(741, 'N1dlCHx0dZ', 888, 46, '2024-09-11', '19:00:00', '21:00:00', 'completed', '2024-08-15 00:00:00', '1', '', 500.00, 0),
(742, 'EaPxN1h02n', 530, 46, '2024-08-29', '14:00:00', '16:00:00', 'cancelled', '2024-08-27 00:00:00', '0', '', 4000.00, 0),
(743, 'Sn1nyHy4SX', 1164, 46, '2024-09-28', '01:00:00', '04:00:00', 'cancelled', '2024-08-31 00:00:00', '0', '', 500.00, 0),
(744, 'L8E6jSkKuN', 1377, 46, '2024-08-05', '14:00:00', '16:00:00', 'cancelled', '2024-07-09 00:00:00', '0', '', 1000.00, 0),
(745, 'y0JiOunVac', 1006, 46, '2024-08-22', '13:00:00', '16:00:00', 'cancelled', '2024-08-02 00:00:00', '0', '', 4000.00, 0),
(746, '1RIZVmlEwf', 1437, 46, '2024-09-27', '06:00:00', '08:00:00', 'cancelled', '2024-09-20 00:00:00', '0', '', 1000.00, 0),
(747, 'mu02AlX8X2', 548, 46, '2024-09-01', '20:00:00', '23:00:00', 'booked', '2024-08-07 00:00:00', '0', '', 4000.00, 0),
(748, 'NuYR9k2t2c', 638, 46, '2024-09-10', '14:00:00', '16:00:00', 'booked', '2024-08-17 00:00:00', '0', '', 500.00, 0),
(749, 'VGuK1dwxiT', 957, 46, '2024-09-28', '16:00:00', '18:00:00', 'booked', '2024-09-21 00:00:00', '1', '', 1000.00, 0),
(750, 'AhITnwwiag', 1019, 47, '2024-09-13', '08:00:00', '10:00:00', 'completed', '2024-08-18 00:00:00', '0', '', 2000.00, 0),
(751, 'amIGBvfi3c', 1110, 47, '2024-08-23', '02:00:00', '05:00:00', 'completed', '2024-08-05 00:00:00', '1', '', 1000.00, 0),
(752, 'bUsApeJsMh', 1125, 47, '2024-08-29', '15:00:00', '16:00:00', 'completed', '2024-08-06 00:00:00', '1', '', 2000.00, 0),
(753, '6RiSZNbMZ6', 1126, 47, '2024-09-29', '15:00:00', '16:00:00', 'completed', '2024-09-27 00:00:00', '0', '', 1000.00, 0),
(754, 'mkGhctTEP0', 375, 47, '2024-09-01', '09:00:00', '11:00:00', 'completed', '2024-08-13 00:00:00', '1', '', 2000.00, 0),
(755, 'bLUsV359Bk', 314, 47, '2024-08-26', '06:00:00', '08:00:00', 'cancelled', '2024-08-25 00:00:00', '0', '', 500.00, 0),
(756, 'hxfNNpDjH8', 1310, 47, '2024-08-06', '05:00:00', '08:00:00', 'cancelled', '2024-07-24 00:00:00', '1', '', 500.00, 0),
(757, '8AAL6Mk22d', 406, 47, '2024-09-10', '08:00:00', '09:00:00', 'cancelled', '2024-09-06 00:00:00', '0', '', 4000.00, 0),
(758, 'sOq03GQobF', 391, 47, '2024-08-08', '03:00:00', '04:00:00', 'booked', '2024-07-17 00:00:00', '0', '', 4000.00, 0),
(759, 'pBKT8jEn4c', 958, 47, '2024-08-14', '22:00:00', '00:00:00', 'booked', '2024-08-03 00:00:00', '1', '', 4000.00, 0),
(760, 'PwKdMyzmBZ', 603, 47, '2024-09-24', '00:00:00', '02:00:00', 'booked', '2024-08-30 00:00:00', '1', '', 4000.00, 0),
(761, 'oQITNir9ah', 264, 47, '2024-09-14', '02:00:00', '03:00:00', 'booked', '2024-09-02 00:00:00', '0', '', 500.00, 0),
(762, 'eBJt5jXDxD', 587, 48, '2024-08-23', '09:00:00', '12:00:00', 'completed', '2024-08-21 00:00:00', '1', '', 4000.00, 0),
(763, 'ETUd1wcXUf', 851, 48, '2024-09-09', '16:00:00', '17:00:00', 'completed', '2024-08-26 00:00:00', '0', '', 2000.00, 0),
(764, 'pwn3r00G8E', 1040, 48, '2024-09-18', '09:00:00', '12:00:00', 'completed', '2024-09-05 00:00:00', '0', '', 4000.00, 0),
(765, 'Tlc9gfP4O2', 376, 48, '2024-08-30', '01:00:00', '03:00:00', 'completed', '2024-08-25 00:00:00', '0', '', 4000.00, 0),
(766, 'zCNXB6vaOv', 567, 48, '2024-09-29', '02:00:00', '04:00:00', 'completed', '2024-09-15 00:00:00', '0', '', 1000.00, 0),
(767, '8LYMDKWPG9', 594, 48, '2024-08-26', '08:00:00', '11:00:00', 'cancelled', '2024-07-28 00:00:00', '1', '', 500.00, 0),
(768, 'R7uTbmFIWX', 504, 48, '2024-09-29', '22:00:00', '00:00:00', 'cancelled', '2024-08-31 00:00:00', '1', '', 2000.00, 0),
(769, 'aHdCLGcGoz', 986, 48, '2024-09-13', '03:00:00', '04:00:00', 'cancelled', '2024-09-01 00:00:00', '1', '', 4000.00, 0),
(770, 'fYQwT3g1xt', 296, 48, '2024-08-03', '21:00:00', '23:00:00', 'cancelled', '2024-07-08 00:00:00', '0', '', 2000.00, 0),
(771, 'DDmqJNefc5', 404, 48, '2024-08-27', '20:00:00', '22:00:00', 'cancelled', '2024-08-05 00:00:00', '0', '', 4000.00, 0),
(772, 'eOFXMQXNBW', 204, 48, '2024-09-16', '17:00:00', '20:00:00', 'booked', '2024-08-28 00:00:00', '0', '', 500.00, 0),
(773, 'WevlY5twNT', 730, 48, '2024-08-21', '18:00:00', '19:00:00', 'booked', '2024-08-03 00:00:00', '1', '', 500.00, 0),
(774, 'pf4erY748l', 1435, 48, '2024-09-28', '08:00:00', '11:00:00', 'booked', '2024-09-12 00:00:00', '1', '', 1000.00, 0),
(775, 'InJDcRgdaX', 986, 48, '2024-09-07', '05:00:00', '06:00:00', 'booked', '2024-09-04 00:00:00', '0', '', 500.00, 0),
(776, 'hdS2mtoBRS', 879, 48, '2024-09-21', '19:00:00', '20:00:00', 'booked', '2024-09-14 00:00:00', '0', '', 4000.00, 0),
(777, 'Oy9hkb1lRC', 342, 49, '2024-09-15', '12:00:00', '14:00:00', 'completed', '2024-08-16 00:00:00', '0', '', 4000.00, 0),
(778, 'tDHgU9LHqi', 445, 49, '2024-09-17', '21:00:00', '22:00:00', 'completed', '2024-08-21 00:00:00', '1', '', 4000.00, 0),
(779, 'VQAm5w5fsE', 458, 49, '2024-09-09', '20:00:00', '22:00:00', 'completed', '2024-08-20 00:00:00', '0', '', 2000.00, 0),
(780, 'klOjESFPlY', 1348, 49, '2024-09-26', '00:00:00', '01:00:00', 'completed', '2024-09-18 00:00:00', '1', '', 500.00, 0),
(781, 'k0uE1JDkxM', 836, 49, '2024-09-20', '03:00:00', '06:00:00', 'completed', '2024-09-08 00:00:00', '1', '', 1000.00, 0),
(782, 'YUWw6QFYQn', 811, 49, '2024-08-20', '04:00:00', '05:00:00', 'cancelled', '2024-07-28 00:00:00', '1', '', 2000.00, 0),
(783, 'enawThrBgO', 927, 49, '2024-08-02', '12:00:00', '15:00:00', 'cancelled', '2024-07-31 00:00:00', '0', '', 2000.00, 0),
(784, 'amVB6bSCVT', 106, 49, '2024-08-08', '19:00:00', '20:00:00', 'cancelled', '2024-08-04 00:00:00', '1', '', 1000.00, 0),
(785, 'hNGSGsTlcA', 86, 49, '2024-09-26', '08:00:00', '09:00:00', 'cancelled', '2024-09-20 00:00:00', '1', '', 1000.00, 0),
(786, '48nf195op2', 1295, 49, '2024-09-07', '15:00:00', '16:00:00', 'booked', '2024-08-17 00:00:00', '0', '', 4000.00, 0),
(787, 'bqCSkpckGC', 5, 49, '2024-08-10', '06:00:00', '07:00:00', 'booked', '2024-07-11 00:00:00', '0', '', 500.00, 0),
(788, 'zWmgpPc1BX', 397, 49, '2024-09-02', '02:00:00', '05:00:00', 'booked', '2024-08-12 00:00:00', '0', '', 1000.00, 0),
(789, 'lVGsKPeI5V', 576, 50, '2024-09-09', '18:00:00', '20:00:00', 'completed', '2024-08-19 00:00:00', '0', '', 500.00, 0),
(790, 'jPfSnpAj9c', 750, 50, '2024-08-16', '02:00:00', '03:00:00', 'completed', '2024-07-21 00:00:00', '0', '', 1000.00, 0),
(791, 'jC4WOgqJkK', 901, 50, '2024-09-02', '22:00:00', '23:00:00', 'completed', '2024-08-24 00:00:00', '1', '', 1000.00, 0),
(792, '2o54KX9mTS', 1233, 50, '2024-09-18', '08:00:00', '10:00:00', 'completed', '2024-08-21 00:00:00', '1', '', 2000.00, 0),
(793, 'oQ5aYNf0lF', 880, 50, '2024-09-20', '20:00:00', '22:00:00', 'cancelled', '2024-09-13 00:00:00', '0', '', 4000.00, 0),
(794, 'DlsEyUx6Bl', 1498, 50, '2024-08-21', '16:00:00', '18:00:00', 'cancelled', '2024-08-06 00:00:00', '1', '', 4000.00, 0),
(795, 'dZM5Oc0a7K', 500, 50, '2024-09-22', '19:00:00', '21:00:00', 'cancelled', '2024-09-16 00:00:00', '1', '', 2000.00, 0),
(796, '0S5z8gPQ3O', 1214, 50, '2024-09-04', '14:00:00', '15:00:00', 'cancelled', '2024-08-28 00:00:00', '1', '', 4000.00, 0),
(797, 'UNvRMt6PQp', 419, 50, '2024-09-24', '01:00:00', '04:00:00', 'booked', '2024-08-26 00:00:00', '1', '', 500.00, 0),
(798, 'O3FA0iHUKq', 791, 50, '2024-09-02', '20:00:00', '22:00:00', 'booked', '2024-08-09 00:00:00', '1', '', 2000.00, 0),
(799, 'YgssKiah8y', 1256, 50, '2024-08-05', '00:00:00', '02:00:00', 'booked', '2024-08-04 00:00:00', '0', '', 4000.00, 0),
(800, 'zEbsl51Qi2', 248, 50, '2024-09-18', '18:00:00', '20:00:00', 'booked', '2024-09-11 00:00:00', '0', '', 2000.00, 0),
(801, 'DB9600657pY057Xe', 845, 1, '2024-08-29', '21:00:28', '23:30:00', 'booked', '2024-08-29 20:52:40', '0', NULL, 1250.00, 0),
(802, 'DB082749iZ7e8kpd', 64, 1, '2024-08-31', '20:00:00', '22:00:00', 'booked', '2024-08-29 20:54:42', '0', NULL, 1000.00, 0),
(803, 'DB691279Pm7VJwx6', 3, 99, '2024-08-30', '17:30:43', '19:30:43', 'booked', '2024-08-30 17:04:51', '0', NULL, 1000.00, 0),
(804, 'DB194057Ge2QB26B', 9, 99, '2024-08-30', '17:30:08', '19:30:08', 'booked', '2024-08-30 17:13:14', '0', '自動為派對 KWpz6xQsmD 創建的預訂', 1000.00, 0),
(805, 'DB5834063GttKqRQ', 3, 99, '2024-09-07', '14:30:00', '16:30:00', 'cancelled', '2024-09-04 15:23:03', '0', NULL, 1000.00, NULL),
(806, 'DB838917UzjaPSbF', 3, 99, '2024-09-06', '14:00:00', '16:00:00', 'cancelled', '2024-09-04 15:27:18', '0', '自動為派對 rbowTJv5ox 創建的預訂', 1000.00, 161),
(808, 'DB053293V8PAEv7A', 1343, 100, '2024-09-05', '16:30:45', '18:30:45', 'booked', '2024-09-05 16:30:53', '0', NULL, 1000.00, NULL),
(811, 'DB578202K1Pi6W8v', 695, 1, '2024-09-22', '18:30:26', '22:00:00', 'booked', '2024-09-06 18:12:58', '0', '自動為派對 xO23F4nDVm 創建的預訂', 1750.00, 167);

-- --------------------------------------------------------

--
-- 資料表結構 `brand`
--

CREATE TABLE `brand` (
  `id` int(6) UNSIGNED NOT NULL COMMENT 'AUTO_INCREMENT',
  `name` varchar(20) NOT NULL,
  `valid` int(11) NOT NULL DEFAULT 1
) ENGINE=InnoDB DEFAULT CHARSET=utf8mb4 COLLATE=utf8mb4_unicode_ci;

--
-- 傾印資料表的資料 `brand`
--

INSERT INTO `brand` (`id`, `name`, `valid`) VALUES
(1, '東方不敗', 1),
(2, '雀王', 1),
(9, '商密特SUMITMIT', 1),
(10, '長勝', 1),
(11, '麻將大俠', 1),
(12, '雀友', 1),
(14, '輝葉良品', 1),
(15, '桌遊', 1),
(16, '馬丘machill', 1);

-- --------------------------------------------------------

--
-- 資料表結構 `cart`
--

CREATE TABLE `cart` (
  `id` int(20) UNSIGNED NOT NULL,
  `user_id` int(20) NOT NULL,
  `object_id` int(20) NOT NULL,
  `object_type` varchar(20) NOT NULL,
  `quantity` int(10) NOT NULL,
  `price` int(10) NOT NULL,
  `added_at` datetime NOT NULL
) ENGINE=InnoDB DEFAULT CHARSET=utf8mb4 COLLATE=utf8mb4_unicode_ci;

--
-- 傾印資料表的資料 `cart`
--

INSERT INTO `cart` (`id`, `user_id`, `object_id`, `object_type`, `quantity`, `price`, `added_at`) VALUES
(111, 3, 189, 'product', 1, 18800, '2024-08-22 09:44:24'),
(159, 17, 189, 'product', 1, 18800, '2024-08-26 10:13:29'),
(191, 99, 2, 'product', 3, 1190, '2024-09-04 17:47:22'),
(192, 99, 27, 'product', 2, 2980, '2024-09-04 17:47:38'),
(211, 1, 47, 'product', 4, 300, '2024-09-05 20:25:48');

-- --------------------------------------------------------

--
-- 資料表結構 `chapter_progress`
--

CREATE TABLE `chapter_progress` (
  `id` int(3) NOT NULL,
  `user_id` int(3) NOT NULL,
  `chapter_id` int(3) NOT NULL,
  `completed` tinyint(4) NOT NULL DEFAULT 0,
  `completed_date` date NOT NULL
) ENGINE=InnoDB DEFAULT CHARSET=utf8mb4 COLLATE=utf8mb4_unicode_ci;

--
-- 傾印資料表的資料 `chapter_progress`
--

INSERT INTO `chapter_progress` (`id`, `user_id`, `chapter_id`, `completed`, `completed_date`) VALUES
(1, 101, 1, 1, '2024-08-01'),
(2, 102, 2, 0, '2024-08-02'),
(3, 103, 3, 1, '2024-08-03'),
(4, 104, 4, 0, '2024-08-04'),
(5, 105, 5, 1, '2024-08-05'),
(6, 106, 6, 0, '2024-08-06'),
(7, 107, 7, 1, '2024-08-07'),
(8, 108, 8, 0, '2024-08-08'),
(9, 109, 9, 1, '2024-08-09'),
(10, 110, 10, 0, '2024-08-10'),
(11, 111, 11, 1, '2024-08-11'),
(12, 112, 12, 0, '2024-08-12'),
(13, 113, 13, 1, '2024-08-13'),
(14, 114, 14, 0, '2024-08-14'),
(15, 115, 15, 1, '2024-08-15'),
(16, 116, 16, 0, '2024-08-16'),
(17, 117, 17, 1, '2024-08-17'),
(18, 118, 18, 0, '2024-08-18'),
(19, 119, 19, 1, '2024-08-19'),
(20, 120, 20, 0, '2024-08-20'),
(21, 121, 21, 1, '2024-08-21'),
(22, 122, 22, 0, '2024-08-22'),
(23, 123, 23, 1, '2024-08-23'),
(24, 124, 24, 0, '2024-08-24'),
(25, 125, 25, 1, '2024-08-25'),
(26, 126, 26, 0, '2024-08-26'),
(27, 127, 27, 1, '2024-08-27'),
(28, 128, 28, 0, '2024-08-28'),
(29, 129, 29, 1, '2024-08-29'),
(30, 130, 30, 0, '2024-08-30'),
(31, 131, 31, 1, '2024-08-31'),
(32, 132, 32, 0, '2024-09-01'),
(33, 133, 33, 1, '2024-09-02'),
(34, 134, 34, 0, '2024-09-03'),
(35, 135, 35, 1, '2024-09-04'),
(36, 136, 36, 0, '2024-09-05'),
(37, 137, 37, 1, '2024-09-06'),
(38, 138, 38, 0, '2024-09-07'),
(39, 139, 39, 1, '2024-09-08'),
(40, 140, 40, 0, '2024-09-09'),
(41, 141, 41, 1, '2024-09-10'),
(42, 142, 42, 0, '2024-09-11'),
(43, 143, 43, 1, '2024-09-12'),
(44, 144, 44, 0, '2024-09-13'),
(45, 145, 45, 1, '2024-09-14'),
(46, 146, 46, 0, '2024-09-15'),
(47, 147, 47, 1, '2024-09-16'),
(48, 148, 48, 0, '2024-09-17'),
(49, 149, 49, 1, '2024-09-18'),
(50, 150, 50, 0, '2024-09-19');

-- --------------------------------------------------------

--
-- 資料表結構 `comment`
--

CREATE TABLE `comment` (
  `id` int(20) UNSIGNED NOT NULL,
  `user_id` int(20) NOT NULL,
  `order_id` int(30) NOT NULL DEFAULT 0,
  `object_id` int(20) NOT NULL,
  `object_type` varchar(20) NOT NULL,
  `star` int(5) NOT NULL,
  `content` varchar(1000) NOT NULL,
  `date` date NOT NULL
) ENGINE=InnoDB DEFAULT CHARSET=utf8mb4 COLLATE=utf8mb4_unicode_ci;

--
-- 傾印資料表的資料 `comment`
--

INSERT INTO `comment` (`id`, `user_id`, `order_id`, `object_id`, `object_type`, `star`, `content`, `date`) VALUES
(1, 3, 0, 45, 'product', 4, '這個產品質量非常好，我很滿意。', '2024-01-12'),
(2, 12, 0, 78, 'product', 2, '不錯，但還有改進空間。', '2024-02-25'),
(3, 27, 0, 102, 'product', 3, '滿意的購物體驗，值得推薦。', '2024-03-15'),
(4, 35, 0, 56, 'product', 1, '這產品比我預期的要好。', '2024-04-22'),
(5, 18, 0, 122, 'product', 5, '完全超出我的期望，非常喜歡。', '2024-05-19'),
(6, 8, 0, 64, 'product', 2, '質量一般，不會再買。', '2024-06-10'),
(7, 24, 0, 99, 'product', 4, '性價比高，值得購買。', '2024-07-03'),
(8, 14, 0, 145, 'product', 3, '有些小問題，但整體還算不錯。', '2024-08-09'),
(9, 22, 0, 189, 'product', 5, '很滿意，會再次購買。', '2024-09-16'),
(10, 6, 0, 70, 'product', 1, '不符合預期，有待改進。', '2024-10-21'),
(11, 29, 0, 118, 'product', 2, '還行，但不如我想像中的好。', '2024-11-14'),
(12, 11, 0, 85, 'product', 4, '很滿意，物流也很快。', '2024-12-02'),
(13, 7, 0, 142, 'product', 3, '這是我見過的最好的產品之一。', '2024-01-25'),
(14, 15, 0, 171, 'product', 1, '價格合理，值得推薦。', '2024-02-28'),
(15, 20, 0, 55, 'product', 4, '質量很棒，使用後非常滿意。', '2024-03-30'),
(16, 13, 0, 206, 'product', 2, '不錯，但希望能更耐用。', '2024-04-14'),
(17, 33, 0, 119, 'product', 5, '超出預期，非常滿意。', '2024-05-22'),
(18, 9, 0, 164, 'product', 3, '性能可以，但外觀不太喜歡。', '2024-06-08'),
(19, 12, 0, 78, 'product', 4, '很好的購物體驗，會再回購。', '2024-07-19'),
(20, 23, 0, 88, 'product', 2, '質量一般，性價比不高。', '2024-08-30'),
(21, 31, 0, 125, 'product', 5, '非常滿意，超出了我的期望。', '2024-09-25'),
(22, 17, 0, 159, 'product', 1, '不錯，但希望能有所改進。', '2024-10-11'),
(23, 6, 0, 144, 'product', 4, '很喜歡這個產品，非常實用。', '2024-11-23'),
(24, 14, 0, 65, 'product', 2, '有些小問題，但總體不錯。', '2024-12-07'),
(25, 25, 0, 192, 'product', 5, '質量很好，非常滿意。', '2024-01-13'),
(26, 11, 0, 138, 'product', 3, '還行，但有些細節需要改進。', '2024-02-18'),
(27, 19, 0, 101, 'product', 4, '非常推薦這個產品！', '2024-03-22'),
(28, 7, 0, 210, 'product', 2, '不錯，但不如我預期的好。', '2024-04-09'),
(29, 27, 0, 78, 'product', 5, '質量超好，會再購買。', '2024-05-19'),
(30, 35, 0, 165, 'product', 3, '性能符合預期，滿意。', '2024-06-14'),
(31, 23, 0, 154, 'product', 1, '不錯，但需要改進。', '2024-07-28'),
(32, 16, 0, 112, 'product', 4, '質量很好，推薦給朋友。', '2024-08-15'),
(33, 12, 0, 59, 'product', 5, '超出預期，十分滿意。', '2024-09-11'),
(34, 18, 0, 98, 'product', 3, '一般般，有待改進。', '2024-10-02'),
(35, 14, 0, 76, 'product', 2, '不滿意，希望能有所改善。', '2024-11-06'),
(36, 9, 0, 145, 'product', 5, '非常滿意，會再購買。', '2024-12-14'),
(37, 22, 0, 207, 'product', 4, '很好的產品，性價比高。', '2024-01-20'),
(38, 31, 0, 84, 'product', 3, '滿意，但還有改進空間。', '2024-02-26'),
(39, 25, 0, 119, 'product', 1, '不錯，但有些地方需要改進。', '2024-03-10'),
(40, 37, 0, 173, 'product', 5, '非常滿意，超出了我的期望。', '2024-04-22'),
(41, 8, 0, 64, 'product', 2, '質量一般，不會再買。', '2024-05-16'),
(42, 21, 0, 90, 'product', 3, '還行，但不如預期的好。', '2024-06-09'),
(43, 12, 0, 142, 'product', 4, '很滿意，會再回購。', '2024-07-19'),
(44, 17, 0, 211, 'product', 1, '質量很好，非常實用。', '2024-08-25'),
(45, 30, 0, 128, 'product', 2, '有些小問題，但總體滿意。', '2024-09-18'),
(46, 16, 0, 150, 'product', 5, '非常推薦，非常滿意。', '2024-10-14'),
(47, 7, 0, 200, 'product', 3, '性價比不高，使用體驗一般。', '2024-11-23'),
(48, 19, 0, 88, 'product', 4, '很喜歡，會再買。', '2024-12-03'),
(49, 27, 0, 99, 'product', 2, '還可以，但有待改進。', '2024-01-05'),
(50, 8, 0, 112, 'product', 3, '滿意，質量不錯。', '2024-02-22'),
(51, 35, 0, 134, 'product', 5, '超出了我的期望，十分喜歡。', '2024-03-12'),
(52, 24, 0, 155, 'product', 2, '不滿意，希望能改進。', '2024-04-18'),
(53, 20, 0, 96, 'product', 4, '性價比高，質量不錯。', '2024-05-20'),
(54, 12, 0, 115, 'product', 1, '不錯，會再次購買。', '2024-06-05'),
(55, 29, 0, 166, 'product', 5, '質量很好，非常滿意。', '2024-07-28'),
(56, 6, 0, 183, 'product', 3, '還行，但需要改進。', '2024-08-14'),
(57, 31, 0, 101, 'product', 4, '非常推薦這個產品！', '2024-09-22'),
(58, 18, 0, 48, 'product', 2, '不錯，但不如我預期的好。', '2024-10-19'),
(59, 11, 0, 149, 'product', 5, '超出預期，非常喜歡。', '2024-11-13'),
(60, 22, 0, 172, 'product', 3, '性能可以，但有點小問題。', '2024-12-08'),
(61, 17, 0, 124, 'product', 3, '產品質量不錯，值得購買。', '2024-08-01'),
(62, 23, 0, 98, 'product', 5, '非常滿意，超出預期的好。', '2024-08-02'),
(63, 5, 0, 33, 'product', 4, '還算可以，但有些細節需要改進。', '2024-08-03'),
(64, 45, 0, 212, 'product', 2, '不太滿意，有點失望。', '2024-08-04'),
(65, 8, 0, 150, 'product', 4, '整體感覺不錯，可以考慮再買。', '2024-08-05'),
(66, 13, 0, 43, 'product', 1, '質量差，完全不符合預期。', '2024-08-06'),
(67, 30, 0, 85, 'product', 5, '非常好，會推薦給朋友。', '2024-08-07'),
(68, 19, 0, 178, 'product', 3, '一般般，不是特別滿意。', '2024-08-08'),
(69, 24, 0, 95, 'product', 4, '性價比高，值得擁有。', '2024-08-09'),
(70, 12, 0, 123, 'product', 2, '還有很多改進空間。', '2024-08-10'),
(71, 11, 0, 65, 'product', 4, '滿意的一次購物經歷。', '2024-08-11'),
(72, 7, 0, 199, 'product', 5, '超級喜歡，會回購。', '2024-08-12'),
(73, 33, 0, 145, 'product', 3, '一般，不是很特別。', '2024-08-13'),
(74, 28, 0, 56, 'product', 4, '質量很不錯，值得購買。', '2024-08-14'),
(75, 22, 0, 77, 'product', 2, '不是很好，有很多問題。', '2024-08-15'),
(76, 14, 0, 201, 'product', 1, '很不滿意，不會再買。', '2024-08-16'),
(77, 16, 0, 103, 'product', 5, '完全符合我的需求，非常滿意。', '2024-08-17'),
(78, 35, 0, 175, 'product', 3, '有一些小問題，但還能接受。', '2024-08-18'),
(79, 27, 0, 87, 'product', 4, '還可以，性價比高。', '2024-08-19'),
(80, 20, 0, 210, 'product', 2, '不推薦，質量差。', '2024-08-20'),
(81, 40, 0, 110, 'product', 5, '完美的一次購物，沒有任何問題。', '2024-08-21'),
(82, 6, 0, 143, 'product', 4, '不錯，符合預期。', '2024-08-22'),
(83, 32, 0, 55, 'product', 3, '一般，沒有驚喜。', '2024-08-23'),
(84, 21, 0, 199, 'product', 5, '非常好，用得很滿意。', '2024-08-24'),
(85, 9, 0, 122, 'product', 1, '很失望，質量非常差。', '2024-08-25'),
(86, 26, 0, 73, 'product', 4, '物有所值，推薦購買。', '2024-08-26'),
(87, 10, 0, 209, 'product', 3, '中等水平，不差也不特別好。', '2024-08-27'),
(88, 44, 0, 196, 'product', 5, '超級喜歡，非常滿意。', '2024-08-28'),
(89, 37, 0, 80, 'product', 2, '有些小問題，不太滿意。', '2024-08-29'),
(90, 18, 0, 102, 'product', 4, '滿意，性價比很高。', '2024-08-30'),
(91, 31, 0, 130, 'product', 3, '還可以，但有改進空間。', '2024-08-31'),
(92, 4, 0, 122, 'product', 5, '完全滿意，值得擁有。', '2024-08-01'),
(93, 39, 0, 70, 'product', 4, '不錯的一次購物體驗。', '2024-08-02'),
(94, 3, 0, 162, 'product', 2, '質量一般，還有改進空間。', '2024-08-03'),
(95, 42, 0, 210, 'product', 5, '非常好，超出我的預期。', '2024-08-04'),
(96, 25, 0, 199, 'product', 3, '還行，性價比一般。', '2024-08-05'),
(97, 15, 0, 145, 'product', 4, '滿意的一次購物，值得購買。', '2024-08-06'),
(98, 43, 0, 234, 'product', 2, '質量不佳，不推薦。', '2024-08-07'),
(99, 46, 0, 120, 'product', 5, '完美的一次購物體驗。', '2024-08-08'),
(100, 38, 0, 88, 'product', 3, '有點小問題，但可以接受。', '2024-08-09'),
(101, 29, 0, 56, 'product', 4, '不錯，性價比高。', '2024-08-10'),
(102, 48, 0, 211, 'product', 1, '很不滿意，不會再買。', '2024-08-11'),
(103, 13, 0, 175, 'product', 5, '非常滿意，推薦給大家。', '2024-08-12'),
(104, 30, 0, 100, 'product', 3, '一般般，沒有特別好。', '2024-08-13'),
(105, 12, 0, 220, 'product', 4, '質量不錯，性價比高。', '2024-08-14'),
(106, 24, 0, 150, 'product', 2, '有很多缺陷，不推薦。', '2024-08-15'),
(107, 41, 0, 77, 'product', 5, '完全符合預期，非常滿意。', '2024-08-16'),
(108, 8, 0, 90, 'product', 4, '還可以，值得購買。', '2024-08-17'),
(109, 19, 0, 103, 'product', 3, '有一些小問題，但可以接受。', '2024-08-18'),
(110, 17, 0, 205, 'product', 2, '質量差，不滿意。', '2024-08-19'),
(111, 26, 0, 110, 'product', 5, '非常好，值得購買。', '2024-08-20'),
(112, 22, 0, 80, 'product', 3, '一般，性價比一般。', '2024-08-21'),
(113, 7, 0, 235, 'product', 4, '滿意的一次購物經歷。', '2024-08-22'),
(114, 35, 0, 195, 'product', 2, '不滿意，有很多問題。', '2024-08-23'),
(115, 20, 0, 145, 'product', 5, '完全符合我的需求。', '2024-08-24'),
(116, 9, 0, 50, 'product', 4, '質量很好，值得購買。', '2024-08-25'),
(117, 27, 0, 67, 'product', 3, '中等水平，性價比一般。', '2024-08-26'),
(118, 28, 0, 90, 'product', 5, '很滿意的一次購物。', '2024-08-27'),
(119, 44, 0, 130, 'product', 2, '不滿意，質量差。', '2024-08-28'),
(120, 31, 0, 155, 'product', 4, '還可以，推薦購買。', '2024-08-29'),
(121, 33, 0, 85, 'product', 3, '一般，還有改進空間。', '2024-08-30'),
(122, 3, 0, 45, 'product', 4, '這款麻將牌的質量很好，手感很棒。', '2024-08-01'),
(123, 7, 0, 128, 'product', 5, '麻將桌做工精細，值得推薦。', '2024-08-02'),
(124, 12, 0, 235, 'product', 3, '麻將的材質還行，但略有瑕疵。', '2024-08-03'),
(125, 9, 0, 78, 'product', 2, '麻將牌有點小，玩起來不太方便。', '2024-08-04'),
(126, 15, 0, 190, 'product', 4, '麻將遊戲非常適合家庭聚會。', '2024-08-05'),
(127, 5, 0, 147, 'product', 1, '麻將桌質量不佳，無法使用。', '2024-08-06'),
(128, 20, 0, 162, 'product', 5, '這副麻將牌設計非常漂亮，推薦！', '2024-08-07'),
(129, 25, 0, 101, 'product', 3, '麻將的顏色有點偏暗，影響視覺效果。', '2024-08-08'),
(130, 18, 0, 76, 'product', 4, '非常適合喜歡麻將的朋友。', '2024-08-09'),
(131, 21, 0, 200, 'product', 2, '麻將的質量不如預期，稍有遺憾。', '2024-08-10'),
(132, 30, 0, 129, 'product', 5, '麻將桌的木質感非常好，值得擁有。', '2024-08-11'),
(133, 27, 0, 95, 'product', 3, '質量中等，但價格合理。', '2024-08-12'),
(134, 35, 0, 182, 'product', 4, '麻將牌使用起來手感不錯。', '2024-08-13'),
(135, 14, 0, 165, 'product', 2, '麻將桌的穩定性差，需要改進。', '2024-08-14'),
(136, 10, 0, 189, 'product', 5, '質量非常好，物超所值。', '2024-08-15'),
(137, 23, 0, 110, 'product', 3, '麻將的尺寸偏小，有點不方便。', '2024-08-16'),
(138, 28, 0, 145, 'product', 4, '麻將設計很別致，使用感覺很好。', '2024-08-17'),
(139, 11, 0, 177, 'product', 2, '麻將牌有點損壞，使用不便。', '2024-08-18'),
(140, 19, 0, 220, 'product', 5, '非常滿意，麻將桌非常高檔。', '2024-08-19'),
(141, 12, 0, 135, 'product', 4, '適合家用，質量很好。', '2024-08-20'),
(142, 17, 0, 162, 'product', 3, '麻將的顏色偏暗，但還能接受。', '2024-08-21'),
(143, 9, 0, 175, 'product', 4, '這款麻將牌很適合長時間使用。', '2024-08-22'),
(144, 30, 0, 148, 'product', 2, '不如預期，麻將質量一般。', '2024-08-23'),
(145, 8, 0, 130, 'product', 5, '麻將桌的質量非常好，值得推薦。', '2024-08-24'),
(146, 25, 0, 195, 'product', 3, '麻將的設計有點簡單。', '2024-08-25'),
(147, 22, 0, 170, 'product', 4, '非常適合麻將愛好者。', '2024-08-26'),
(148, 16, 0, 105, 'product', 2, '麻將牌的材質需要改進。', '2024-08-27'),
(149, 11, 0, 180, 'product', 5, '麻將牌做工精細，值得擁有。', '2024-08-28'),
(150, 29, 0, 150, 'product', 3, '麻將質量中等，但還能接受。', '2024-08-29'),
(151, 13, 0, 168, 'product', 4, '麻將設計別具特色，手感也很好。', '2024-08-30'),
(152, 20, 0, 110, 'product', 2, '有點失望，麻將牌質量一般。', '2024-08-31'),
(153, 12, 0, 135, 'product', 5, '這款麻將牌非常滿意，性價比高。', '2024-08-01'),
(154, 33, 0, 175, 'product', 4, '麻將的尺寸合適，使用方便。', '2024-08-02'),
(155, 14, 0, 190, 'product', 3, '麻將質量中等，有一些小問題。', '2024-08-03'),
(156, 19, 0, 145, 'product', 4, '麻將的顏色和質感都很不錯。', '2024-08-04'),
(157, 22, 0, 200, 'product', 2, '麻將的工藝需要提升。', '2024-08-05'),
(158, 27, 0, 130, 'product', 5, '這副麻將牌非常好，設計也很精美。', '2024-08-06'),
(159, 8, 0, 115, 'product', 3, '麻將的品質一般，還可以。', '2024-08-07'),
(160, 21, 0, 185, 'product', 4, '非常滿意，麻將桌很穩固。', '2024-08-08'),
(161, 30, 0, 165, 'product', 2, '質量不佳，有些不滿意。', '2024-08-09'),
(162, 35, 0, 170, 'product', 5, '麻將的材質很好，非常滿意。', '2024-08-10'),
(163, 12, 0, 190, 'product', 4, '麻將設計很別致，使用體驗好。', '2024-08-11'),
(164, 17, 0, 205, 'product', 3, '麻將的顏色有點偏暗，還能接受。', '2024-08-12'),
(165, 9, 0, 220, 'product', 2, '麻將質量不如預期，有改進空間。', '2024-08-13'),
(166, 26, 0, 175, 'product', 5, '這款麻將牌非常出色，推薦。', '2024-08-14'),
(167, 23, 0, 150, 'product', 4, '質量很好，非常適合家庭使用。', '2024-08-15'),
(168, 13, 0, 125, 'product', 3, '麻將的設計一般，但價格合適。', '2024-08-16'),
(169, 28, 0, 180, 'product', 5, '非常好，麻將牌質感極佳。', '2024-08-17'),
(170, 11, 0, 145, 'product', 4, '麻將牌的做工很精細，使用感覺很好。', '2024-08-18'),
(171, 14, 0, 150, 'product', 2, '質量不佳，還有改進空間。', '2024-08-19'),
(172, 19, 0, 125, 'product', 5, '麻將設計很棒，性價比高。', '2024-08-20'),
(173, 22, 0, 135, 'product', 3, '麻將牌一般般，有些瑕疵。', '2024-08-21'),
(174, 30, 0, 180, 'product', 4, '非常滿意，麻將桌的穩定性很高。', '2024-08-22'),
(175, 35, 0, 190, 'product', 5, '這副麻將牌非常好，質感極佳。', '2024-08-23'),
(176, 27, 0, 150, 'product', 2, '麻將的材質有點粗糙。', '2024-08-24'),
(177, 40, 0, 165, 'product', 4, '麻將的品質很不錯，值得擁有。', '2024-08-25'),
(178, 13, 0, 140, 'product', 3, '麻將質量中等，還能接受。', '2024-08-26'),
(179, 2, 0, 12, 'product', 5, '這副麻將牌的質量非常好，非常滿意。', '2024-08-01'),
(180, 7, 0, 45, 'product', 4, '麻將桌的設計很精美，使用感覺良好。', '2024-08-02'),
(181, 10, 0, 22, 'product', 3, '麻將的顏色有點暗，但整體還行。', '2024-08-03'),
(182, 5, 0, 35, 'product', 2, '麻將牌的材質不如預期，稍有瑕疵。', '2024-08-04'),
(183, 15, 0, 12, 'product', 4, '適合家庭聚會使用，性價比高。', '2024-08-05'),
(184, 8, 0, 7, 'product', 1, '質量很差，不滿意。', '2024-08-06'),
(185, 3, 0, 28, 'product', 5, '非常好，這副麻將牌非常耐用。', '2024-08-07'),
(186, 9, 0, 33, 'product', 4, '麻將的材質很不錯，值得購買。', '2024-08-08'),
(187, 4, 0, 42, 'product', 3, '麻將牌的顏色不夠鮮艷，還能接受。', '2024-08-09'),
(188, 6, 0, 21, 'product', 2, '麻將的質量一般，有些失望。', '2024-08-10'),
(189, 12, 0, 14, 'product', 5, '麻將桌非常穩固，設計也很好。', '2024-08-11'),
(190, 19, 0, 50, 'product', 3, '麻將的材質和設計都中規中矩。', '2024-08-12'),
(191, 22, 0, 10, 'product', 4, '麻將牌質量很好，適合長時間使用。', '2024-08-13'),
(192, 27, 0, 48, 'product', 2, '麻將的工藝需要改進，質量一般。', '2024-08-14'),
(193, 11, 0, 29, 'product', 5, '麻將設計非常別致，手感也很好。', '2024-08-15'),
(194, 6, 0, 16, 'product', 3, '麻將的顏色略有偏差，但整體還可以。', '2024-08-16'),
(195, 15, 0, 24, 'product', 4, '這款麻將牌使用體驗很好，值得擁有。', '2024-08-17'),
(196, 18, 0, 19, 'product', 2, '麻將的質量不符合預期，有點失望。', '2024-08-18'),
(197, 13, 0, 7, 'product', 5, '質量非常好，性價比高。', '2024-08-19'),
(198, 20, 0, 30, 'product', 4, '麻將牌做工精細，使用感覺良好。', '2024-08-20'),
(199, 25, 0, 12, 'product', 3, '麻將的質量還行，但不算特別好。', '2024-08-21'),
(200, 8, 0, 20, 'product', 5, '麻將桌的穩定性很高，非常滿意。', '2024-08-22'),
(201, 17, 0, 22, 'product', 4, '這副麻將牌很適合家庭遊戲。', '2024-08-23'),
(202, 23, 0, 41, 'product', 3, '麻將的顏色偏暗，質量一般。', '2024-08-24'),
(203, 14, 0, 11, 'product', 2, '麻將牌有點損壞，不推薦。', '2024-08-25'),
(204, 21, 0, 46, 'product', 5, '質量非常好，這副麻將牌很滿意。', '2024-08-26'),
(205, 10, 0, 27, 'product', 4, '麻將的設計很適合家庭聚會。', '2024-08-27'),
(206, 5, 0, 8, 'product', 3, '麻將的質量還可以，有些細節需改進。', '2024-08-28'),
(207, 15, 0, 44, 'product', 2, '麻將質量不佳，稍有瑕疵。', '2024-08-29'),
(208, 12, 0, 12, 'product', 5, '這副麻將牌的質量真的很棒！', '2024-08-30'),
(209, 17, 0, 38, 'product', 4, '麻將的做工很精細，使用體驗很好。', '2024-08-31'),
(210, 8, 0, 14, 'product', 3, '麻將牌的顏色有點暗，還能接受。', '2024-08-01'),
(211, 6, 0, 19, 'product', 5, '這款麻將桌非常穩固，值得推薦。', '2024-08-02'),
(212, 11, 0, 26, 'product', 2, '麻將的工藝有待提高，使用感覺一般。', '2024-08-03'),
(213, 23, 0, 7, 'product', 4, '麻將牌做工還算精細，值得擁有。', '2024-08-04'),
(214, 16, 0, 22, 'product', 5, '麻將質量非常好，設計很滿意。', '2024-08-05'),
(215, 20, 0, 30, 'product', 3, '麻將的顏色和設計都一般般。', '2024-08-06'),
(216, 27, 0, 8, 'product', 4, '這副麻將牌非常適合家庭遊戲。', '2024-08-07'),
(217, 13, 0, 35, 'product', 2, '麻將質量不如預期，稍有不滿。', '2024-08-08'),
(218, 9, 0, 17, 'product', 5, '麻將牌質量上乘，非常值得擁有。', '2024-08-09'),
(219, 30, 0, 46, 'product', 4, '麻將的設計很別致，使用感覺很好。', '2024-08-10'),
(220, 5, 0, 12, 'product', 3, '麻將的品質還行，但略有瑕疵。', '2024-08-11'),
(221, 14, 0, 29, 'product', 2, '麻將的材質有點粗糙，不滿意。', '2024-08-12'),
(222, 21, 0, 45, 'product', 5, '這副麻將牌非常耐用，非常滿意。', '2024-08-13'),
(223, 18, 0, 10, 'product', 4, '麻將設計很好，使用體驗不錯。', '2024-08-14'),
(224, 11, 0, 44, 'product', 3, '麻將的顏色和設計都中規中矩。', '2024-08-15'),
(225, 20, 0, 33, 'product', 5, '麻將的質量非常好，使用非常滿意。', '2024-08-16'),
(226, 27, 0, 14, 'product', 4, '這副麻將牌做工精細，值得購買。', '2024-08-17'),
(227, 13, 0, 11, 'product', 2, '麻將質量一般，有些失望。', '2024-08-18'),
(228, 22, 0, 46, 'product', 5, '麻將桌的質量非常好，設計也很精美。', '2024-08-19'),
(229, 19, 0, 12, 'product', 3, '麻將的設計中規中矩，還能接受。', '2024-08-20'),
(230, 8, 0, 30, 'product', 4, '麻將牌的質量不錯，性價比高。', '2024-08-21'),
(231, 16, 0, 33, 'product', 2, '麻將的顏色有點偏暗，使用感覺一般。', '2024-08-22'),
(232, 20, 0, 28, 'product', 5, '這副麻將牌非常適合家庭聚會。', '2024-08-23'),
(233, 11, 0, 8, 'product', 4, '麻將的做工和設計都很不錯。', '2024-08-24'),
(234, 1, 0, 5, 'product', 4, '這副麻將牌的質量非常好，手感很棒。', '2024-08-01'),
(235, 2, 0, 13, 'product', 5, '麻將桌的設計非常精美，使用感覺良好。', '2024-08-02'),
(236, 3, 0, 8, 'product', 3, '麻將的顏色有點暗，但整體還行。', '2024-08-03'),
(237, 4, 0, 17, 'product', 2, '麻將牌的材質不如預期，有些瑕疵。', '2024-08-04'),
(238, 5, 0, 19, 'product', 4, '麻將桌的穩定性很好，性價比高。', '2024-08-05'),
(239, 6, 0, 11, 'product', 1, '麻將牌的質量很差，不推薦。', '2024-08-06'),
(240, 7, 0, 15, 'product', 5, '這副麻將牌非常耐用，非常滿意。', '2024-08-07'),
(241, 8, 0, 12, 'product', 4, '麻將牌的設計很別致，使用體驗不錯。', '2024-08-08'),
(242, 9, 0, 20, 'product', 3, '麻將的顏色和設計都一般般。', '2024-08-09'),
(243, 10, 0, 18, 'product', 2, '麻將的工藝有待改進，質量一般。', '2024-08-10'),
(244, 11, 0, 9, 'product', 5, '麻將桌非常穩固，質量很好。', '2024-08-11'),
(245, 12, 0, 16, 'product', 4, '麻將設計非常適合家庭聚會。', '2024-08-12'),
(246, 13, 0, 6, 'product', 3, '麻將的質量還行，但有些瑕疵。', '2024-08-13'),
(247, 14, 0, 14, 'product', 4, '這副麻將牌非常適合家庭遊戲。', '2024-08-14'),
(248, 15, 0, 10, 'product', 2, '麻將的質量不如預期，有點失望。', '2024-08-15'),
(249, 16, 0, 15, 'product', 5, '這款麻將牌的設計和質量都很滿意。', '2024-08-16'),
(250, 17, 0, 3, 'product', 4, '麻將牌的做工很精細，性價比高。', '2024-08-17'),
(251, 18, 0, 20, 'product', 3, '麻將的顏色偏暗，質量一般。', '2024-08-18'),
(252, 19, 0, 7, 'product', 4, '麻將桌的穩定性和設計都很不錯。', '2024-08-19'),
(253, 20, 0, 1, 'product', 5, '麻將牌的質量非常好，非常推薦。', '2024-08-20'),
(254, 1, 0, 8, 'product', 4, '麻將設計很適合家庭使用，使用感覺很好。', '2024-08-21'),
(255, 2, 0, 4, 'product', 3, '麻將的材質和做工都還可以，但有待提升。', '2024-08-22'),
(256, 3, 0, 15, 'product', 2, '麻將的質量不佳，使用感覺一般。', '2024-08-23'),
(257, 4, 0, 12, 'product', 5, '這副麻將牌非常耐用，設計也很漂亮。', '2024-08-24'),
(258, 5, 0, 17, 'product', 4, '麻將的顏色和設計都很適合家庭聚會。', '2024-08-25'),
(259, 6, 0, 9, 'product', 3, '麻將的質量中規中矩，但不算特別好。', '2024-08-26'),
(260, 7, 0, 13, 'product', 5, '麻將桌的穩定性很好，使用體驗也很棒。', '2024-08-27'),
(261, 8, 0, 19, 'product', 4, '這副麻將牌做工精細，手感非常好。', '2024-08-28'),
(262, 9, 0, 2, 'product', 2, '麻將的工藝有待提高，質量一般。', '2024-08-29'),
(263, 10, 0, 14, 'product', 5, '麻將的質量和設計都非常出色，非常滿意。', '2024-08-30'),
(264, 11, 0, 11, 'product', 4, '這款麻將牌使用體驗很好，值得擁有。', '2024-08-31'),
(265, 12, 0, 20, 'product', 3, '麻將的顏色有點偏暗，但整體還可以。', '2024-08-01'),
(266, 13, 0, 18, 'product', 4, '麻將牌的設計非常適合家庭聚會。', '2024-08-02'),
(267, 14, 0, 7, 'product', 2, '麻將的材質不佳，質量一般。', '2024-08-03'),
(268, 15, 0, 4, 'product', 5, '這副麻將牌的質量和設計都非常滿意。', '2024-08-04'),
(269, 16, 0, 13, 'product', 3, '麻將的顏色有些問題，但還能接受。', '2024-08-05'),
(270, 17, 0, 5, 'product', 4, '麻將桌的做工精細，使用感覺很好。', '2024-08-06'),
(271, 18, 0, 15, 'product', 2, '麻將牌的工藝有待提高，使用體驗一般。', '2024-08-07'),
(272, 19, 0, 9, 'product', 5, '麻將質量非常好，非常滿意。', '2024-08-08'),
(273, 20, 0, 12, 'product', 4, '這款麻將牌設計別致，使用體驗不錯。', '2024-08-09'),
(274, 1, 0, 17, 'product', 3, '麻將的設計還行，但質量一般。', '2024-08-10'),
(275, 2, 0, 2, 'product', 5, '麻將牌的質量很好，推薦給麻將愛好者。', '2024-08-11'),
(276, 3, 0, 6, 'product', 4, '這副麻將牌非常耐用，使用感覺很好。', '2024-08-12'),
(277, 4, 0, 10, 'product', 2, '麻將的顏色和設計不太滿意。', '2024-08-13'),
(278, 5, 0, 14, 'product', 3, '麻將質量還行，但略有瑕疵。', '2024-08-14'),
(279, 6, 0, 19, 'product', 5, '麻將桌的穩定性和做工都非常滿意。', '2024-08-15'),
(280, 7, 0, 15, 'product', 4, '麻將的設計和質量都很適合家庭使用。', '2024-08-16'),
(281, 8, 0, 11, 'product', 3, '麻將的材質中規中矩，但價格合理。', '2024-08-17'),
(282, 9, 0, 7, 'product', 2, '麻將的質量不如預期，有些失望。', '2024-08-18'),
(283, 10, 0, 13, 'product', 5, '這副麻將牌的設計和做工都非常出色。', '2024-08-19'),
(284, 11, 0, 18, 'product', 4, '麻將質量很好，非常適合家庭遊戲。', '2024-08-20'),
(285, 12, 0, 3, 'product', 2, '麻將的質量不佳，使用感覺一般。', '2024-08-21'),
(286, 13, 0, 17, 'product', 5, '麻將牌的設計非常精美，值得擁有。', '2024-08-22'),
(287, 14, 0, 12, 'product', 3, '麻將的顏色和質量還行，無大問題。', '2024-08-23'),
(288, 1, 0, 11, 'product', 3, '質量不錯，使用方便。', '2024-01-25'),
(289, 2, 0, 4, 'product', 2, '設計很棒，但功能有待改善。', '2024-02-10'),
(290, 3, 0, 7, 'product', 5, '非常滿意，值得推薦。', '2024-03-05'),
(291, 4, 0, 10, 'product', 4, '價格有點高，但產品質量好。', '2024-04-12'),
(292, 5, 0, 3, 'product', 1, '產品不符預期。', '2024-05-01'),
(293, 6, 0, 15, 'product', 4, '包裝很好，質量不錯。', '2024-06-18'),
(294, 7, 0, 20, 'product', 5, '非常喜歡這款產品。', '2024-07-04'),
(295, 8, 0, 6, 'product', 3, '普通，不過還可以接受。', '2024-02-25'),
(296, 9, 0, 18, 'product', 2, '有些瑕疵，但整體還好。', '2024-03-15'),
(297, 10, 0, 8, 'product', 4, '使用起來非常方便。', '2024-04-20'),
(298, 11, 0, 2, 'product', 5, '質量超乎預期，非常滿意。', '2024-05-12'),
(299, 12, 0, 19, 'product', 3, '中規中矩，沒有太大驚喜。', '2024-06-10'),
(300, 13, 0, 12, 'product', 1, '產品有點問題，不推薦。', '2024-07-15'),
(301, 14, 0, 5, 'product', 4, '性價比很高，值得購買。', '2024-02-01'),
(302, 15, 0, 16, 'product', 5, '物超所值，非常滿意。', '2024-03-22'),
(303, 16, 0, 9, 'product', 2, '需要改進的地方很多。', '2024-04-05'),
(304, 17, 0, 14, 'product', 3, '一般般，沒有預期好。', '2024-05-28'),
(305, 18, 0, 13, 'product', 4, '功能強大，推薦給朋友。', '2024-06-25'),
(306, 19, 0, 1, 'product', 5, '一流的品質，超棒的體驗。', '2024-07-20'),
(307, 20, 0, 17, 'product', 3, '沒有達到預期效果。', '2024-01-18'),
(308, 21, 0, 10, 'product', 2, '稍微有點失望。', '2024-02-26'),
(309, 22, 0, 4, 'product', 1, '完全不推薦，太糟糕了。', '2024-03-12'),
(310, 23, 0, 6, 'product', 4, '不錯的選擇，值得一試。', '2024-04-30'),
(311, 24, 0, 8, 'product', 3, '還行，沒有太大問題。', '2024-05-16'),
(312, 25, 0, 15, 'product', 5, '產品非常優秀，強烈推薦。', '2024-06-20'),
(313, 26, 0, 11, 'product', 4, '滿意，達到了我的要求。', '2024-07-02'),
(314, 27, 0, 14, 'product', 3, '可以接受，但有改進空間。', '2024-01-29'),
(315, 28, 0, 19, 'product', 2, '產品不如預期，略感失望。', '2024-02-18'),
(316, 29, 0, 5, 'product', 5, '非常好的產品，會回購。', '2024-03-10'),
(317, 30, 0, 12, 'product', 4, '質量過關，價格合理。', '2024-04-23'),
(318, 31, 0, 18, 'product', 3, '整體來說還不錯。', '2024-05-03'),
(319, 32, 0, 7, 'product', 2, '不太滿意，有待改進。', '2024-06-14'),
(320, 33, 0, 9, 'product', 1, '非常失望，不推薦。', '2024-07-09'),
(321, 34, 0, 16, 'product', 4, '很棒的產品，會推薦。', '2024-01-22'),
(322, 35, 0, 13, 'product', 3, '中等水平，可以接受。', '2024-02-08'),
(323, 36, 0, 3, 'product', 5, '大愛這款產品，太棒了！', '2024-03-15'),
(324, 37, 0, 20, 'product', 4, '物有所值，值得購買。', '2024-04-28'),
(325, 38, 0, 17, 'product', 2, '質量一般，略感失望。', '2024-05-18'),
(326, 39, 0, 2, 'product', 3, '有些小問題，但整體不錯。', '2024-06-07'),
(327, 40, 0, 10, 'product', 5, '超出預期的好，強烈推薦。', '2024-07-21'),
(328, 41, 0, 8, 'product', 4, '滿意，沒有太大問題。', '2024-01-16'),
(329, 42, 0, 11, 'product', 2, '產品質量需要提升。', '2024-02-14'),
(330, 43, 0, 15, 'product', 1, '不會再購買這個產品。', '2024-03-09'),
(331, 44, 0, 13, 'product', 3, '可以接受的品質。', '2024-04-02'),
(332, 45, 0, 6, 'product', 5, '很喜歡這款產品。', '2024-05-25'),
(333, 46, 0, 7, 'product', 4, '質量不錯，價格合理。', '2024-06-22'),
(334, 47, 0, 19, 'product', 3, '還行，沒有太大問題。', '2024-07-03'),
(335, 48, 0, 4, 'product', 2, '設計很棒，但功能不如預期。', '2024-01-31'),
(336, 49, 0, 14, 'product', 5, '非常滿意，超出預期。', '2024-02-19'),
(337, 50, 0, 1, 'product', 4, '還不錯，滿足基本需求。', '2024-03-29'),
(338, 1, 0, 11, 'product', 3, '質量不錯，使用方便。', '2024-01-25'),
(339, 2, 0, 4, 'product', 2, '設計很棒，但功能有待改善。', '2024-02-10'),
(340, 3, 0, 7, 'product', 5, '非常滿意，值得推薦。', '2024-03-05'),
(341, 4, 0, 10, 'product', 4, '價格有點高，但產品質量好。', '2024-04-12'),
(342, 5, 0, 3, 'product', 1, '產品不符預期。', '2024-05-01'),
(343, 6, 0, 15, 'product', 4, '包裝很好，質量不錯。', '2024-06-18'),
(344, 7, 0, 20, 'product', 5, '非常喜歡這款產品。', '2024-07-04'),
(345, 8, 0, 6, 'product', 3, '普通，不過還可以接受。', '2024-02-25'),
(346, 9, 0, 18, 'product', 2, '有些瑕疵，但整體還好。', '2024-03-15'),
(347, 10, 0, 8, 'product', 4, '使用起來非常方便。', '2024-04-20'),
(348, 11, 0, 2, 'product', 5, '質量超乎預期，非常滿意。', '2024-05-12'),
(349, 12, 0, 19, 'product', 3, '中規中矩，沒有太大驚喜。', '2024-06-10'),
(350, 13, 0, 12, 'product', 1, '產品有點問題，不推薦。', '2024-07-15'),
(351, 14, 0, 5, 'product', 4, '性價比很高，值得購買。', '2024-02-01'),
(352, 15, 0, 16, 'product', 5, '物超所值，非常滿意。', '2024-03-22'),
(353, 16, 0, 9, 'product', 2, '需要改進的地方很多。', '2024-04-05'),
(354, 17, 0, 14, 'product', 3, '一般般，沒有預期好。', '2024-05-28'),
(355, 18, 0, 13, 'product', 4, '功能強大，推薦給朋友。', '2024-06-25'),
(356, 19, 0, 1, 'product', 5, '一流的品質，超棒的體驗。', '2024-07-20'),
(357, 20, 0, 17, 'product', 3, '沒有達到預期效果。', '2024-01-18'),
(358, 21, 0, 10, 'product', 2, '稍微有點失望。', '2024-02-26'),
(359, 22, 0, 4, 'product', 1, '完全不推薦，太糟糕了。', '2024-03-12'),
(360, 23, 0, 6, 'product', 4, '不錯的選擇，值得一試。', '2024-04-30'),
(361, 24, 0, 8, 'product', 3, '還行，沒有太大問題。', '2024-05-16'),
(362, 25, 0, 15, 'product', 5, '產品非常優秀，強烈推薦。', '2024-06-20'),
(363, 26, 0, 11, 'product', 4, '滿意，達到了我的要求。', '2024-07-02'),
(364, 27, 0, 14, 'product', 3, '可以接受，但有改進空間。', '2024-01-29'),
(365, 28, 0, 19, 'product', 2, '產品不如預期，略感失望。', '2024-02-18'),
(366, 29, 0, 5, 'product', 5, '非常好的產品，會回購。', '2024-03-10'),
(367, 30, 0, 12, 'product', 4, '質量過關，價格合理。', '2024-04-23'),
(368, 31, 0, 18, 'product', 3, '整體來說還不錯。', '2024-05-03'),
(369, 32, 0, 7, 'product', 2, '不太滿意，有待改進。', '2024-06-14'),
(370, 33, 0, 9, 'product', 1, '非常失望，不推薦。', '2024-07-09'),
(371, 34, 0, 16, 'product', 4, '很棒的產品，會推薦。', '2024-01-22'),
(372, 35, 0, 13, 'product', 3, '中等水平，可以接受。', '2024-02-08'),
(373, 36, 0, 3, 'product', 5, '大愛這款產品，太棒了！', '2024-03-15'),
(374, 37, 0, 20, 'product', 4, '物有所值，值得購買。', '2024-04-28'),
(375, 38, 0, 17, 'product', 2, '質量一般，略感失望。', '2024-05-18'),
(376, 39, 0, 2, 'product', 3, '有些小問題，但整體不錯。', '2024-06-07'),
(377, 40, 0, 10, 'product', 5, '超出預期的好，強烈推薦。', '2024-07-21'),
(378, 41, 0, 8, 'product', 4, '滿意，沒有太大問題。', '2024-01-16'),
(379, 42, 0, 11, 'product', 2, '產品質量需要提升。', '2024-02-14'),
(380, 43, 0, 15, 'product', 1, '不會再購買這個產品。', '2024-03-09'),
(381, 44, 0, 13, 'product', 3, '可以接受的品質。', '2024-04-02'),
(382, 45, 0, 6, 'product', 5, '很喜歡這款產品。', '2024-05-25'),
(383, 46, 0, 7, 'product', 4, '質量不錯，價格合理。', '2024-06-22'),
(384, 47, 0, 19, 'product', 3, '還行，沒有太大問題。', '2024-07-03'),
(385, 48, 0, 4, 'product', 2, '設計很棒，但功能不如預期。', '2024-01-31'),
(386, 49, 0, 14, 'product', 5, '非常滿意，超出預期。', '2024-02-19'),
(387, 50, 0, 1, 'product', 4, '還不錯，滿足基本需求。', '2024-03-29'),
(388, 51, 0, 11, 'product', 3, '普通產品，沒什麼特別的。', '2024-01-05'),
(389, 52, 0, 4, 'product', 5, '極力推薦，物超所值。', '2024-02-12'),
(390, 53, 0, 7, 'product', 2, '設計普通，功能不夠實用。', '2024-03-18'),
(391, 54, 0, 10, 'product', 1, '完全失望，不會回購。', '2024-04-08'),
(392, 55, 0, 3, 'product', 4, '整體不錯，值得一試。', '2024-05-25'),
(393, 56, 0, 15, 'product', 3, '中等水平，價格合理。', '2024-06-17'),
(394, 57, 0, 20, 'product', 5, '非常滿意，強烈推薦。', '2024-07-06'),
(395, 58, 0, 6, 'product', 4, '設計很棒，質量不錯。', '2024-01-29'),
(396, 59, 0, 18, 'product', 2, '需要改善的一款產品。', '2024-02-17'),
(397, 60, 0, 8, 'product', 3, '一般般，沒有太大驚喜。', '2024-03-06'),
(398, 61, 0, 2, 'product', 5, '使用起來非常方便。', '2024-04-22'),
(399, 62, 0, 19, 'product', 4, '質量好，價格合理。', '2024-05-15'),
(400, 63, 0, 12, 'product', 1, '不推薦，質量太差。', '2024-06-20'),
(401, 64, 0, 5, 'product', 5, '物超所值，值得購買。', '2024-07-11'),
(402, 65, 0, 16, 'product', 4, '非常滿意，功能強大。', '2024-01-10'),
(403, 1, 28, 28, 'product', 5, '這個我給讚讚讚', '2024-08-21'),
(404, 1, 27, 28, 'product', 5, '試試愾', '2024-08-21'),
(405, 1, 26, 8, 'product', 5, '最後一ㄍ', '2024-08-21'),
(406, 1, 55, 189, 'product', 5, '完美ㄉ桌子', '2024-08-22'),
(407, 1, 66, 134, 'product', 5, '北城一定讚', '2024-08-24'),
(408, 3, 0, 45, 'product', 4, '這個產品質量非常好，我很滿意。', '2024-01-12'),
(409, 12, 0, 78, 'product', 2, '不錯，但還有改進空間。', '2024-02-25'),
(410, 27, 0, 102, 'product', 3, '滿意的購物體驗，值得推薦。', '2024-03-15'),
(411, 35, 0, 56, 'product', 1, '這產品比我預期的要好。', '2024-04-22'),
(412, 18, 0, 122, 'product', 5, '完全超出我的期望，非常喜歡。', '2024-05-19'),
(413, 8, 0, 64, 'product', 2, '質量一般，不會再買。', '2024-06-10'),
(414, 24, 0, 99, 'product', 4, '性價比高，值得購買。', '2024-07-03'),
(415, 14, 0, 145, 'product', 3, '有些小問題，但整體還算不錯。', '2024-08-09'),
(416, 1, 0, 83, 'product', 4, '使用起來感覺很好，推薦。', '2024-01-25'),
(417, 25, 0, 92, 'product', 3, '一般般，沒有特別好或壞。', '2024-02-14'),
(418, 10, 0, 180, 'product', 5, '超棒的商品，絕對會再次購買。', '2024-03-22'),
(419, 33, 0, 77, 'product', 2, '不是很滿意，質量有待提升。', '2024-04-15'),
(420, 19, 0, 211, 'product', 1, '完全失望，不會再購買。', '2024-05-08'),
(421, 6, 0, 33, 'product', 4, '這個產品的設計非常好。', '2024-06-03'),
(422, 22, 0, 67, 'product', 3, '商品不錯，但物流慢了些。', '2024-07-22'),
(423, 17, 0, 129, 'product', 5, '完美，完全符合描述。', '2024-08-05'),
(424, 2, 0, 190, 'product', 2, '質量差，不推薦購買。', '2024-01-07'),
(425, 29, 0, 40, 'product', 4, '產品功能很齊全，推薦。', '2024-02-18'),
(426, 9, 0, 151, 'product', 3, '價格合理，質量也不錯。', '2024-03-10'),
(427, 31, 0, 94, 'product', 1, '這個產品很失望。', '2024-04-19'),
(428, 13, 0, 58, 'product', 5, '這是我買過最好的產品之一。', '2024-05-29'),
(429, 7, 0, 28, 'product', 5, '一般的商品，不過性價比還行。', '2024-06-08'),
(430, 21, 0, 100, 'product', 4, '包裝很好，沒有損壞。', '2024-07-11'),
(431, 15, 0, 203, 'product', 5, '質量非常好，服務也很棒。', '2024-08-16'),
(432, 5, 0, 46, 'product', 2, '不是很滿意，應該改進。', '2024-01-30'),
(433, 28, 0, 135, 'product', 3, '整體還可以，價格適中。', '2024-02-21'),
(434, 11, 0, 75, 'product', 4, '很滿意，超出我的預期。', '2024-03-28'),
(435, 36, 0, 210, 'product', 5, '這是我購物以來最好的體驗。', '2024-04-03'),
(436, 4, 0, 52, 'product', 1, '質量差，價格也貴。', '2024-05-16'),
(437, 30, 0, 220, 'product', 3, '不錯，但還有改進空間。', '2024-06-25'),
(438, 20, 0, 89, 'product', 4, '不錯的產品，值得推薦。', '2024-07-30'),
(439, 16, 0, 66, 'product', 5, '超級喜歡這個產品。', '2024-08-12'),
(440, 32, 0, 156, 'product', 3, '質量一般，沒有很驚艷。', '2024-01-03'),
(441, 12, 0, 120, 'product', 4, '很滿意，值得再次購買。', '2024-02-08'),
(442, 8, 0, 84, 'product', 5, '這個產品質量很好。', '2024-03-19'),
(443, 23, 0, 133, 'product', 2, '不推薦，質量太差。', '2024-04-13'),
(444, 27, 0, 195, 'product', 4, '包裝很好，物流也快。', '2024-05-23'),
(445, 10, 0, 31, 'product', 3, '還行，沒有特別好。', '2024-06-14'),
(446, 14, 0, 109, 'product', 1, '很差，完全不符合期待。', '2024-07-17'),
(447, 34, 0, 178, 'product', 5, '物超所值，強烈推薦。', '2024-08-01'),
(448, 6, 0, 43, 'product', 4, '品質不錯，價格合理。', '2024-01-27'),
(449, 18, 0, 74, 'product', 3, '一般般，但還算可以接受。', '2024-02-11'),
(450, 9, 0, 149, 'product', 2, '不太好，應該改進。', '2024-03-01'),
(451, 26, 0, 138, 'product', 5, '這產品非常棒。', '2024-04-07'),
(452, 1, 0, 87, 'product', 4, '推薦給朋友，非常值得購買。', '2024-05-20'),
(453, 19, 0, 215, 'product', 3, '質量還行，但沒有特別好。', '2024-06-05'),
(454, 15, 0, 98, 'product', 2, '失望，品質太差。', '2024-07-15'),
(455, 7, 0, 116, 'product', 5, '這是我買過最好的產品之一。', '2024-08-22'),
(456, 22, 0, 72, 'product', 4, '產品設計非常用心，值得購買。', '2024-01-05'),
(457, 9, 0, 99, 'product', 5, '非常滿意，質量超出預期。', '2024-02-18'),
(458, 17, 0, 88, 'product', 3, '還不錯，但價格有點高。', '2024-03-22'),
(459, 4, 0, 61, 'product', 5, '這個產品真的很棒，我會推薦給朋友。', '2024-04-14'),
(460, 28, 0, 50, 'product', 3, '一般般，性價比還行。', '2024-05-09'),
(461, 13, 0, 94, 'product', 4, '很不錯的購物體驗，值得再來。', '2024-06-21'),
(462, 32, 0, 84, 'product', 5, '質量優良，強烈推薦。', '2024-07-30'),
(463, 19, 0, 76, 'product', 3, '商品還行，但有更好的選擇。', '2024-08-12'),
(464, 8, 0, 67, 'product', 4, '產品功能齊全，值得購買。', '2024-01-27'),
(465, 21, 0, 95, 'product', 5, '超出我的預期，非常滿意。', '2024-02-05'),
(466, 6, 0, 89, 'product', 3, '質量還行，不過價格偏高。', '2024-03-10'),
(467, 29, 0, 55, 'product', 4, '產品質量不錯，價格合理。', '2024-04-25'),
(468, 11, 0, 79, 'product', 5, '非常好的產品，會再次購買。', '2024-05-31'),
(469, 25, 0, 93, 'product', 4, '設計不錯，使用起來很方便。', '2024-06-13'),
(470, 14, 0, 68, 'product', 3, '一般，沒有特別驚艷的地方。', '2024-07-06'),
(471, 33, 0, 82, 'product', 5, '這產品真的很好，完全值得。', '2024-08-03'),
(472, 10, 0, 62, 'product', 4, '包裝不錯，產品也很好用。', '2024-01-14'),
(473, 20, 0, 85, 'product', 3, '產品質量普通，但價格合理。', '2024-02-23'),
(474, 5, 0, 98, 'product', 5, '超棒的產品，絕對推薦。', '2024-03-05'),
(475, 27, 0, 71, 'product', 4, '值得購買的好商品，推薦給大家。', '2024-04-08'),
(476, 12, 0, 59, 'product', 3, '質量中等，感覺還可以。', '2024-05-22'),
(477, 24, 0, 54, 'product', 4, '產品質量很好，會考慮再購買。', '2024-06-17'),
(478, 15, 0, 91, 'product', 5, '這是我購物以來最好的一次經歷。', '2024-07-25'),
(479, 30, 0, 74, 'product', 3, '一般的產品，沒有特別之處。', '2024-08-07'),
(480, 7, 0, 81, 'product', 4, '這產品很不錯，值得購買。', '2024-01-09'),
(481, 18, 0, 66, 'product', 5, '非常滿意，質量超好。', '2024-02-15'),
(482, 2, 0, 99, 'product', 3, '產品質量一般，不會再買。', '2024-03-11'),
(483, 31, 0, 52, 'product', 4, '性價比高，值得一試。', '2024-04-18'),
(484, 16, 0, 87, 'product', 5, '完美的購物體驗，推薦大家。', '2024-05-26'),
(485, 23, 0, 70, 'product', 3, '產品還行，但沒什麼驚喜。', '2024-06-11'),
(486, 9, 0, 63, 'product', 4, '很不錯的產品，性價比高。', '2024-07-12'),
(487, 26, 0, 96, 'product', 5, '非常滿意，質量超過預期。', '2024-08-21'),
(488, 3, 0, 77, 'product', 3, '這產品還可以，但沒什麼特別。', '2024-01-22'),
(489, 22, 0, 53, 'product', 4, '不錯的產品，使用方便。', '2024-02-03'),
(490, 8, 0, 64, 'product', 5, '超棒的購物體驗，推薦給大家。', '2024-03-14'),
(491, 19, 0, 90, 'product', 3, '質量普通，但服務很好。', '2024-04-27'),
(492, 14, 0, 69, 'product', 4, '包裝很好，產品質量也不錯。', '2024-05-06'),
(493, 25, 0, 75, 'product', 5, '非常好的一次購物體驗。', '2024-06-02'),
(494, 13, 0, 58, 'product', 3, '產品質量一般，但價格合理。', '2024-07-08'),
(495, 35, 0, 84, 'product', 4, '使用感覺很好，值得購買。', '2024-08-02'),
(496, 10, 0, 97, 'product', 5, '超出預期的好產品。', '2024-01-19'),
(497, 16, 0, 65, 'product', 3, '一般般，沒有特別好或壞。', '2024-02-28'),
(498, 6, 0, 86, 'product', 4, '質量不錯，包裝精美。', '2024-03-09'),
(499, 28, 0, 51, 'product', 5, '很棒的產品，會再次購買。', '2024-04-12'),
(500, 12, 0, 80, 'product', 3, '還不錯，但有待提升。', '2024-05-14'),
(501, 20, 0, 60, 'product', 4, '產品質量還可以，價格合理。', '2024-06-07'),
(502, 5, 0, 73, 'product', 5, '非常滿意，質量優良。', '2024-07-18'),
(503, 17, 0, 83, 'product', 3, '一般的產品，沒有什麼特別。', '2024-08-11'),
(504, 3, 0, 125, 'product', 4, '這個產品質量非常好，我很滿意。', '2024-01-12'),
(505, 12, 0, 101, 'product', 2, '不錯，但還有改進空間。', '2024-02-25'),
(506, 27, 0, 150, 'product', 3, '滿意的購物體驗，值得推薦。', '2024-03-15'),
(507, 35, 0, 130, 'product', 1, '這產品比我預期的要好。', '2024-04-22'),
(508, 18, 0, 110, 'product', 5, '完全超出我的期望，非常喜歡。', '2024-05-19'),
(509, 8, 0, 55, 'product', 2, '質量一般，不會再買。', '2024-06-10'),
(510, 24, 0, 80, 'product', 4, '性價比高，值得購買。', '2024-07-03'),
(511, 14, 0, 140, 'product', 3, '有些小問題，但整體還算不錯。', '2024-08-09'),
(512, 22, 0, 135, 'product', 4, '產品功能多樣，值得擁有。', '2024-01-25'),
(513, 7, 0, 58, 'product', 5, '超級滿意，會再回購。', '2024-02-13'),
(514, 19, 0, 142, 'product', 1, '不符合預期，失望。', '2024-03-22'),
(515, 9, 0, 75, 'product', 3, '一般般，沒什麼特別的。', '2024-04-15'),
(516, 17, 0, 87, 'product', 4, '好用，值得推薦。', '2024-05-30'),
(517, 5, 0, 102, 'product', 2, '質量一般，價格過高。', '2024-06-25'),
(518, 28, 0, 117, 'product', 5, '非常滿意，超出期待！', '2024-07-10'),
(519, 20, 0, 124, 'product', 3, '還可以，但需要改善。', '2024-08-01'),
(520, 33, 0, 129, 'product', 4, '整體表現良好，值得購買。', '2024-01-17'),
(521, 11, 0, 107, 'product', 2, '並不滿意，會考慮退貨。', '2024-02-22'),
(522, 30, 0, 148, 'product', 5, '品質優良，超乎預期。', '2024-03-10'),
(523, 23, 0, 119, 'product', 1, '失望，產品有缺陷。', '2024-04-05'),
(524, 26, 0, 136, 'product', 4, '滿意，性價比高。', '2024-05-18'),
(525, 4, 0, 146, 'product', 3, '還不錯，有些小問題。', '2024-06-20'),
(526, 31, 0, 132, 'product', 5, '完全符合我的需求，非常滿意！', '2024-07-25'),
(527, 10, 0, 125, 'product', 2, '沒有想像中好，會再改進。', '2024-08-08'),
(528, 16, 0, 140, 'product', 4, '還算不錯，值得一試。', '2024-01-20'),
(529, 25, 0, 113, 'product', 1, '產品不如預期，差評。', '2024-02-28'),
(530, 21, 0, 104, 'product', 3, '一般，沒有特別驚喜。', '2024-03-14'),
(531, 32, 0, 121, 'product', 5, '極佳的產品，完全滿意。', '2024-04-18'),
(532, 6, 0, 144, 'product', 2, '使用效果一般，改進空間大。', '2024-05-10'),
(533, 29, 0, 115, 'product', 4, '性價比高，推薦。', '2024-06-15'),
(534, 13, 0, 147, 'product', 3, '普通，沒有特別的感覺。', '2024-07-22'),
(535, 37, 0, 149, 'product', 5, '非常滿意，會再回購！', '2024-08-12'),
(536, 40, 0, 137, 'product', 1, '不滿意，會尋求退款。', '2024-01-10'),
(537, 45, 0, 106, 'product', 4, '產品質量不錯，滿意。', '2024-02-07'),
(538, 48, 0, 124, 'product', 2, '性能一般，有待改進。', '2024-03-20'),
(539, 50, 0, 141, 'product', 3, '還可以，有改進的空間。', '2024-04-14'),
(540, 41, 0, 126, 'product', 5, '非常好，值得推薦！', '2024-05-28'),
(541, 39, 0, 105, 'product', 2, '品質差，無法滿足需求。', '2024-06-11'),
(542, 44, 0, 118, 'product', 4, '使用良好，性價比高。', '2024-07-05'),
(543, 38, 0, 139, 'product', 1, '不如預期，失望。', '2024-08-20'),
(544, 43, 0, 104, 'product', 5, '超出預期，非常滿意。', '2024-01-27'),
(545, 47, 0, 108, 'product', 3, '普通，沒有驚喜。', '2024-02-18'),
(546, 49, 0, 112, 'product', 4, '整體良好，值得購買。', '2024-03-09'),
(547, 42, 0, 143, 'product', 5, '完全超出我的期望，推薦！', '2024-04-21'),
(548, 46, 0, 123, 'product', 2, '質量一般，不建議購買。', '2024-05-12'),
(549, 51, 0, 130, 'product', 3, '還可以，但有待改進。', '2024-06-08'),
(550, 52, 0, 122, 'product', 4, '性能不錯，滿意。', '2024-07-17'),
(551, 53, 0, 116, 'product', 5, '非常滿意，值得擁有！', '2024-08-04'),
(552, 2, 0, 149, 'product', 3, '還可以，但不是非常好。', '2024-01-05'),
(553, 7, 0, 123, 'product', 4, '不錯，值得推薦。', '2024-01-22'),
(554, 15, 0, 112, 'product', 5, '非常滿意，超過我的預期！', '2024-02-01'),
(555, 23, 0, 140, 'product', 2, '質量一般，有改善空間。', '2024-02-19'),
(556, 29, 0, 145, 'product', 4, '性價比高，滿意。', '2024-03-08'),
(557, 8, 0, 125, 'product', 3, '一般般，不過不錯。', '2024-03-22'),
(558, 20, 0, 138, 'product', 1, '不滿意，會考慮退貨。', '2024-04-05'),
(559, 32, 0, 110, 'product', 5, '完美，完全符合需求。', '2024-04-20'),
(560, 18, 0, 104, 'product', 2, '性能一般，價格偏高。', '2024-05-03'),
(561, 12, 0, 119, 'product', 3, '還行，但沒有驚喜。', '2024-05-17'),
(562, 27, 0, 120, 'product', 4, '使用良好，值得推薦。', '2024-06-02'),
(563, 25, 0, 106, 'product', 5, '非常滿意，產品超棒！', '2024-06-18'),
(564, 11, 0, 137, 'product', 1, '產品質量差，不建議購買。', '2024-07-05'),
(565, 22, 0, 108, 'product', 4, '整體不錯，性價比高。', '2024-07-20'),
(566, 28, 0, 130, 'product', 3, '普通，有待改善。', '2024-08-02'),
(567, 19, 0, 140, 'product', 2, '不如預期，會尋求退貨。', '2024-08-12'),
(568, 13, 0, 135, 'product', 5, '非常滿意，會再回購！', '2024-01-10'),
(569, 16, 0, 123, 'product', 4, '性能優良，值得擁有。', '2024-01-28'),
(570, 21, 0, 141, 'product', 3, '還可以，但有改進空間。', '2024-02-15'),
(571, 24, 0, 110, 'product', 5, '超出預期，非常喜歡。', '2024-03-03'),
(572, 31, 0, 150, 'product', 2, '質量一般，不會再買。', '2024-03-25'),
(573, 9, 0, 115, 'product', 4, '產品不錯，值得購買。', '2024-04-08'),
(574, 35, 0, 139, 'product', 3, '一般，沒有驚喜。', '2024-05-05'),
(575, 37, 0, 120, 'product', 5, '非常滿意，超乎預期。', '2024-05-22'),
(576, 26, 0, 126, 'product', 1, '不符合預期，產品有缺陷。', '2024-06-10'),
(577, 40, 0, 143, 'product', 4, '滿意，性價比高。', '2024-07-01'),
(578, 48, 0, 138, 'product', 2, '不滿意，有待改進。', '2024-07-15'),
(579, 41, 0, 129, 'product', 3, '還行，但沒有特別的感覺。', '2024-08-05'),
(580, 44, 0, 145, 'product', 5, '非常好，會推薦給朋友。', '2024-08-18'),
(581, 30, 0, 107, 'product', 2, '質量不佳，價格偏高。', '2024-01-18'),
(582, 33, 0, 113, 'product', 4, '性價比高，滿意。', '2024-02-05'),
(583, 50, 0, 147, 'product', 5, '完全超出預期，非常滿意！', '2024-03-30'),
(584, 42, 0, 140, 'product', 3, '還可以，沒什麼特別。', '2024-04-15'),
(585, 39, 0, 120, 'product', 4, '不錯，值得擁有。', '2024-05-02'),
(586, 43, 0, 132, 'product', 2, '產品質量一般，價格過高。', '2024-06-06'),
(587, 47, 0, 115, 'product', 5, '極佳的產品，完全符合需求。', '2024-07-20'),
(588, 45, 0, 126, 'product', 1, '產品有缺陷，失望。', '2024-08-01'),
(589, 22, 0, 130, 'product', 4, '使用良好，值得推薦。', '2024-01-12'),
(590, 14, 0, 135, 'product', 3, '一般般，有些小問題。', '2024-02-20'),
(591, 17, 0, 142, 'product', 2, '不滿意，會尋求退款。', '2024-03-05'),
(592, 24, 0, 123, 'product', 5, '非常滿意，超乎預期！', '2024-04-12'),
(593, 20, 0, 110, 'product', 3, '還可以，但有待改進。', '2024-05-20'),
(594, 38, 0, 145, 'product', 4, '不錯，值得購買。', '2024-06-10'),
(595, 28, 0, 117, 'product', 5, '產品優良，非常滿意。', '2024-07-30'),
(596, 46, 0, 120, 'product', 2, '質量一般，無法滿足需求。', '2024-08-22'),
(597, 50, 0, 139, 'product', 3, '普通，沒有特別驚喜。', '2024-01-30'),
(598, 36, 0, 143, 'product', 5, '完全滿意，會再回購。', '2024-02-10'),
(599, 11, 0, 110, 'product', 4, '整體表現良好，值得擁有。', '2024-03-18'),
(600, 30, 0, 121, 'product', 3, '還可以，但有待改善。', '2024-04-25'),
(601, 41, 0, 127, 'product', 5, '非常好，超出預期。', '2024-05-15'),
(602, 31, 0, 144, 'product', 2, '不滿意，產品有缺陷。', '2024-06-08'),
(603, 26, 0, 129, 'product', 3, '一般般，無法滿足期望。', '2024-07-12'),
(604, 48, 0, 122, 'product', 4, '性價比高，滿意。', '2024-08-10'),
(605, 44, 0, 137, 'product', 5, '完全符合需求，非常滿意！', '2024-08-20'),
(606, 5, 0, 153, 'product', 4, '質量不錯，性價比高。', '2024-01-08'),
(607, 12, 0, 168, 'product', 2, '產品有點失望，有待改善。', '2024-01-22'),
(608, 18, 0, 175, 'product', 3, '還行，但沒有驚喜。', '2024-02-05'),
(609, 22, 0, 180, 'product', 5, '完全超出預期，非常滿意！', '2024-02-15'),
(610, 30, 0, 192, 'product', 1, '不滿意，產品有缺陷。', '2024-03-02'),
(611, 7, 0, 201, 'product', 4, '性能不錯，值得購買。', '2024-03-25'),
(612, 25, 0, 210, 'product', 2, '質量一般，價格過高。', '2024-04-10'),
(613, 15, 0, 222, 'product', 5, '非常滿意，會再回購！', '2024-04-22'),
(614, 35, 0, 235, 'product', 3, '一般般，有些小問題。', '2024-05-08'),
(615, 27, 0, 248, 'product', 4, '滿意，性價比高。', '2024-05-20'),
(616, 42, 0, 150, 'product', 1, '產品質量差，不建議購買。', '2024-06-05'),
(617, 48, 0, 160, 'product', 5, '極佳的產品，完全符合需求！', '2024-06-15'),
(618, 19, 0, 172, 'product', 2, '使用效果一般，價格偏高。', '2024-07-01'),
(619, 31, 0, 183, 'product', 4, '產品性能良好，值得擁有。', '2024-07-20'),
(620, 24, 0, 194, 'product', 3, '還可以，但有待改進。', '2024-08-05'),
(621, 40, 0, 205, 'product', 5, '非常好，超出預期。', '2024-08-15'),
(622, 21, 0, 216, 'product', 2, '質量一般，不會再買。', '2024-01-30'),
(623, 33, 0, 223, 'product', 4, '使用良好，性價比高。', '2024-02-18'),
(624, 26, 0, 232, 'product', 5, '完全滿意，會推薦給朋友。', '2024-03-10'),
(625, 38, 0, 240, 'product', 3, '普通，沒有特別驚喜。', '2024-04-05'),
(626, 47, 0, 251, 'product', 2, '不如預期，有待改進。', '2024-05-20'),
(627, 9, 0, 157, 'product', 4, '產品不錯，值得擁有。', '2024-06-12'),
(628, 17, 0, 165, 'product', 1, '不滿意，會考慮退貨。', '2024-07-01'),
(629, 23, 0, 174, 'product', 3, '還行，但沒有驚喜。', '2024-07-18'),
(630, 29, 0, 182, 'product', 5, '非常滿意，超出預期！', '2024-08-02'),
(631, 12, 0, 191, 'product', 2, '質量一般，價格過高。', '2024-01-12'),
(632, 18, 0, 198, 'product', 4, '性能不錯，值得購買。', '2024-02-10'),
(633, 26, 0, 207, 'product', 3, '一般般，有改進空間。', '2024-03-15'),
(634, 33, 0, 215, 'product', 5, '非常滿意，會再回購。', '2024-04-20'),
(635, 27, 0, 224, 'product', 2, '不如預期，會尋求退款。', '2024-05-12'),
(636, 45, 0, 233, 'product', 4, '質量優良，值得擁有。', '2024-06-02'),
(637, 50, 0, 242, 'product', 3, '普通，沒有驚喜。', '2024-07-10'),
(638, 7, 0, 251, 'product', 5, '完全超出預期，非常滿意。', '2024-08-05'),
(639, 31, 0, 162, 'product', 2, '質量一般，有待改進。', '2024-01-21'),
(640, 41, 0, 174, 'product', 4, '性能良好，值得推薦。', '2024-02-28'),
(641, 17, 0, 185, 'product', 5, '非常好，完全符合需求。', '2024-03-20'),
(642, 27, 0, 198, 'product', 3, '普通，沒有特別驚喜。', '2024-04-08'),
(643, 24, 0, 207, 'product', 2, '不滿意，有待改進。', '2024-05-25'),
(644, 39, 0, 213, 'product', 4, '滿意，性價比高。', '2024-06-15'),
(645, 32, 0, 221, 'product', 3, '還行，但有改進空間。', '2024-07-01'),
(646, 12, 0, 232, 'product', 5, '完全超出預期，非常滿意！', '2024-08-02'),
(647, 25, 0, 245, 'product', 1, '質量差，不建議購買。', '2024-01-07'),
(648, 14, 0, 155, 'product', 4, '整體不錯，值得擁有。', '2024-02-14'),
(649, 20, 0, 168, 'product', 2, '產品有待改進，不會再買。', '2024-03-10'),
(650, 30, 0, 181, 'product', 5, '非常滿意，會再回購！', '2024-04-18'),
(651, 33, 0, 194, 'product', 3, '普通，沒有驚喜。', '2024-05-22'),
(652, 46, 0, 208, 'product', 4, '性價比高，滿意。', '2024-06-30'),
(653, 49, 0, 219, 'product', 5, '超出預期，非常喜歡。', '2024-07-18'),
(654, 26, 0, 232, 'product', 2, '質量一般，不會再買。', '2024-08-04'),
(655, 35, 0, 245, 'product', 3, '還行，但有待改進。', '2024-01-11'),
(656, 27, 0, 156, 'product', 5, '非常滿意，值得推薦！', '2024-02-05'),
(657, 41, 0, 167, 'product', 4, '性能不錯，值得擁有。', '2024-03-01'),
(658, 50, 0, 175, 'product', 2, '質量一般，不如預期。', '2024-04-15'),
(659, 30, 0, 183, 'product', 5, '完全超出預期，非常滿意！', '2024-05-10'),
(660, 22, 0, 191, 'product', 3, '普通，有待改進。', '2024-06-12'),
(661, 15, 0, 203, 'product', 4, '質量不錯，會再回購。', '2024-07-25'),
(662, 12, 0, 215, 'product', 1, '不滿意，會尋求退款。', '2024-08-05'),
(663, 18, 0, 224, 'product', 5, '非常好，完全符合需求！', '2024-01-13'),
(664, 3, 0, 154, 'product', 4, '產品很好，性能穩定。', '2024-01-09'),
(665, 11, 0, 161, 'product', 2, '有些小問題，希望能改進。', '2024-01-21'),
(666, 25, 0, 172, 'product', 3, '還可以，但沒有特別驚喜。', '2024-02-10'),
(667, 33, 0, 183, 'product', 5, '非常滿意，超出預期。', '2024-02-20'),
(668, 40, 0, 192, 'product', 1, '非常失望，產品質量差。', '2024-03-02'),
(669, 27, 0, 204, 'product', 4, '性能不錯，滿意。', '2024-03-15'),
(670, 18, 0, 211, 'product', 2, '產品有待改進，質量一般。', '2024-04-01'),
(671, 35, 0, 220, 'product', 5, '完全超出預期，極為滿意。', '2024-04-18'),
(672, 12, 0, 227, 'product', 3, '使用體驗一般，有待提升。', '2024-05-02'),
(673, 22, 0, 236, 'product', 4, '質量很好，性價比高。', '2024-05-20'),
(674, 50, 0, 245, 'product', 1, '質量差，不會再買。', '2024-06-05'),
(675, 19, 0, 153, 'product', 5, '非常滿意，完全符合需求。', '2024-06-20'),
(676, 32, 0, 162, 'product', 2, '有待改進，質量一般。', '2024-07-01'),
(677, 8, 0, 176, 'product', 4, '性能不錯，值得推薦。', '2024-07-15'),
(678, 29, 0, 184, 'product', 3, '普通，沒有特別驚喜。', '2024-08-05'),
(679, 14, 0, 195, 'product', 5, '非常好，會再回購！', '2024-01-13'),
(680, 21, 0, 207, 'product', 2, '不滿意，產品有缺陷。', '2024-02-25'),
(681, 37, 0, 216, 'product', 4, '產品質量不錯，值得購買。', '2024-03-10'),
(682, 26, 0, 227, 'product', 3, '一般，沒有驚喜。', '2024-04-20'),
(683, 48, 0, 234, 'product', 5, '完全滿意，超出預期。', '2024-05-15'),
(684, 30, 0, 245, 'product', 2, '質量一般，有待改進。', '2024-06-25'),
(685, 15, 0, 251, 'product', 4, '性價比高，值得推薦。', '2024-07-10'),
(686, 42, 0, 162, 'product', 5, '非常滿意，會再購買！', '2024-08-02'),
(687, 8, 0, 173, 'product', 3, '還可以，但沒有特別驚喜。', '2024-01-20'),
(688, 12, 0, 182, 'product', 2, '產品質量一般，價格偏高。', '2024-02-10'),
(689, 27, 0, 195, 'product', 4, '質量不錯，值得購買。', '2024-03-15'),
(690, 35, 0, 208, 'product', 5, '非常好，完全符合需求！', '2024-04-25'),
(691, 18, 0, 221, 'product', 3, '還行，但有些小問題。', '2024-05-10'),
(692, 50, 0, 233, 'product', 2, '產品有待改進，質量一般。', '2024-06-15'),
(693, 21, 0, 244, 'product', 4, '性能不錯，性價比高。', '2024-07-05'),
(694, 40, 0, 253, 'product', 5, '非常滿意，完全超出預期。', '2024-08-10'),
(695, 22, 0, 159, 'product', 1, '不滿意，產品有缺陷。', '2024-01-25'),
(696, 33, 0, 167, 'product', 4, '使用良好，值得擁有。', '2024-02-12'),
(697, 26, 0, 174, 'product', 2, '質量一般，有待改進。', '2024-03-08'),
(698, 15, 0, 188, 'product', 5, '非常好，會再購買！', '2024-04-20'),
(699, 29, 0, 199, 'product', 3, '普通，沒有特別驚喜。', '2024-05-12'),
(700, 8, 0, 210, 'product', 4, '性能不錯，值得擁有。', '2024-06-10'),
(701, 17, 0, 222, 'product', 2, '質量一般，不會再買。', '2024-07-22'),
(702, 35, 0, 235, 'product', 5, '非常滿意，超出預期。', '2024-08-05'),
(703, 42, 0, 243, 'product', 3, '還可以，但有待改進。', '2024-01-15'),
(704, 12, 0, 254, 'product', 4, '性價比高，滿意。', '2024-02-25'),
(705, 18, 0, 159, 'product', 2, '質量一般，價格偏高。', '2024-03-18'),
(706, 21, 0, 168, 'product', 5, '完全滿意，會再回購！', '2024-04-10'),
(707, 30, 0, 179, 'product', 1, '產品質量差，不建議購買。', '2024-05-25'),
(708, 7, 0, 190, 'product', 4, '使用體驗良好，值得擁有。', '2024-06-12'),
(709, 50, 0, 201, 'product', 2, '質量一般，有待改進。', '2024-07-05'),
(710, 27, 0, 214, 'product', 3, '還行，但沒有驚喜。', '2024-08-15'),
(711, 33, 0, 226, 'product', 5, '非常滿意，完全符合需求。', '2024-01-30'),
(712, 8, 0, 238, 'product', 2, '產品有待改進，不會再買。', '2024-02-12'),
(713, 25, 0, 249, 'product', 4, '性能不錯，值得擁有。', '2024-03-08'),
(714, 14, 0, 153, 'product', 5, '非常好，超出預期！', '2024-04-25'),
(715, 21, 0, 165, 'product', 2, '質量一般，有待改進。', '2024-05-15'),
(716, 30, 0, 176, 'product', 4, '質量不錯，值得擁有。', '2024-06-22'),
(717, 22, 0, 188, 'product', 3, '普通，沒有特別驚喜。', '2024-07-10'),
(718, 39, 0, 201, 'product', 5, '完全超出預期，極為滿意。', '2024-08-05'),
(719, 27, 0, 214, 'product', 1, '產品質量差，不建議購買。', '2024-08-20'),
(720, 12, 0, 5, 'product', 4, '產品表現優異，非常滿意。', '2024-01-05'),
(721, 21, 0, 12, 'product', 5, '完全超出預期，質量很好。', '2024-01-15'),
(722, 35, 0, 23, 'product', 4, '使用體驗不錯，性價比高。', '2024-01-20'),
(723, 48, 0, 34, 'product', 5, '非常好，會再次購買。', '2024-01-25'),
(724, 17, 0, 45, 'product', 4, '滿意的產品，符合預期。', '2024-02-02'),
(725, 22, 0, 11, 'product', 5, '非常喜歡，質量上乘。', '2024-02-10'),
(726, 30, 0, 20, 'product', 4, '性能良好，值得推薦。', '2024-02-15'),
(727, 8, 0, 31, 'product', 5, '非常滿意，超出預期。', '2024-02-20'),
(728, 25, 0, 42, 'product', 4, '質量很好，使用體驗佳。', '2024-03-01'),
(729, 14, 0, 7, 'product', 5, '非常好，完全符合需求。', '2024-03-10'),
(730, 33, 0, 19, 'product', 4, '值得擁有，性價比高。', '2024-03-15'),
(731, 27, 0, 28, 'product', 5, '滿意，產品超出預期。', '2024-03-20'),
(732, 40, 0, 35, 'product', 4, '使用良好，沒有任何問題。', '2024-04-01'),
(733, 12, 0, 42, 'product', 5, '質量優良，非常滿意。', '2024-04-10'),
(734, 18, 0, 49, 'product', 4, '非常好，使用方便。', '2024-04-15'),
(735, 35, 0, 7, 'product', 5, '性能優越，值得推薦。', '2024-04-20'),
(736, 22, 0, 17, 'product', 4, '滿意的產品，值得購買。', '2024-05-01'),
(737, 30, 0, 24, 'product', 5, '非常喜歡，質量上乘。', '2024-05-10'),
(738, 8, 0, 33, 'product', 4, '質量不錯，使用體驗佳。', '2024-05-15'),
(739, 25, 0, 41, 'product', 5, '完全超出預期，非常滿意。', '2024-06-01'),
(740, 14, 0, 45, 'product', 4, '產品表現很好，性價比高。', '2024-06-10'),
(741, 33, 0, 50, 'product', 5, '非常好，質量卓越。', '2024-06-15'),
(742, 27, 0, 12, 'product', 4, '使用體驗不錯，非常滿意。', '2024-07-01'),
(743, 40, 0, 22, 'product', 5, '非常好，會再次購買。', '2024-07-10'),
(744, 18, 0, 30, 'product', 4, '質量很好，值得擁有。', '2024-07-15'),
(745, 35, 0, 42, 'product', 5, '完全滿意，性能出色。', '2024-07-20'),
(746, 22, 0, 44, 'product', 4, '產品性能良好，滿意。', '2024-08-01'),
(747, 30, 0, 48, 'product', 5, '非常滿意，會再回購！', '2024-08-05'),
(748, 8, 0, 50, 'product', 4, '質量優良，值得購買。', '2024-08-10'),
(749, 25, 0, 11, 'product', 5, '非常好，質量超過預期。', '2024-08-15'),
(750, 14, 0, 21, 'product', 4, '性能不錯，使用體驗佳。', '2024-08-20'),
(751, 33, 0, 29, 'product', 5, '滿意的產品，完全符合需求。', '2024-08-25'),
(752, 27, 0, 37, 'product', 4, '產品質量很好，值得擁有。', '2024-08-30'),
(753, 40, 0, 44, 'product', 5, '非常滿意，性能優越。', '2024-01-10'),
(754, 18, 0, 48, 'product', 4, '使用良好，質量上乘。', '2024-01-20'),
(755, 35, 0, 6, 'product', 5, '性能卓越，非常滿意。', '2024-02-05'),
(756, 22, 0, 13, 'product', 4, '質量很好，值得擁有。', '2024-02-15'),
(757, 30, 0, 19, 'product', 5, '非常滿意，完全符合預期。', '2024-03-01'),
(758, 8, 0, 27, 'product', 4, '性能良好，質量滿意。', '2024-03-10'),
(759, 25, 0, 34, 'product', 5, '超出預期，非常好。', '2024-03-20'),
(760, 14, 0, 41, 'product', 4, '滿意，使用體驗佳。', '2024-04-05'),
(761, 33, 0, 48, 'product', 5, '非常喜歡，質量上乘。', '2024-04-15'),
(762, 27, 0, 50, 'product', 4, '性能優越，滿意。', '2024-05-01'),
(763, 40, 0, 6, 'product', 5, '完全超出預期，非常好。', '2024-05-10'),
(764, 18, 0, 13, 'product', 4, '產品質量不錯，值得擁有。', '2024-05-20'),
(765, 35, 0, 19, 'product', 5, '非常好，會再次購買。', '2024-06-01'),
(766, 22, 0, 27, 'product', 4, '質量很好，使用體驗佳。', '2024-06-10'),
(767, 30, 0, 34, 'product', 5, '滿意的產品，完全符合需求。', '2024-06-15'),
(768, 8, 0, 41, 'product', 4, '使用體驗良好，值得擁有。', '2024-07-01'),
(769, 25, 0, 48, 'product', 5, '性能出色，非常滿意。', '2024-07-10'),
(770, 14, 0, 50, 'product', 4, '非常好，質量卓越。', '2024-07-15'),
(771, 33, 0, 6, 'product', 5, '超出預期，非常滿意。', '2024-08-01'),
(772, 27, 0, 13, 'product', 4, '質量不錯，使用體驗佳。', '2024-08-10'),
(773, 40, 0, 19, 'product', 5, '完全符合需求，非常滿意。', '2024-08-15'),
(774, 18, 0, 27, 'product', 4, '性能良好，值得購買。', '2024-08-20'),
(775, 35, 0, 34, 'product', 5, '非常好，超出預期。', '2024-08-25'),
(776, 3, 0, 4, 'product', 5, '產品質量非常好，值得推薦。', '2024-01-07'),
(777, 7, 0, 9, 'product', 4, '使用體驗不錯，性價比高。', '2024-01-12'),
(778, 14, 0, 15, 'product', 5, '完全超出預期，性能優越。', '2024-01-18'),
(779, 20, 0, 22, 'product', 4, '非常滿意，會再次購買。', '2024-02-01'),
(780, 26, 0, 28, 'product', 5, '質量上乘，非常滿意。', '2024-02-08'),
(781, 31, 0, 33, 'product', 4, '性能良好，值得擁有。', '2024-02-15'),
(782, 42, 0, 39, 'product', 5, '超出預期，非常滿意。', '2024-03-01'),
(783, 48, 0, 41, 'product', 4, '產品質量很好，使用體驗佳。', '2024-03-07'),
(784, 12, 0, 5, 'product', 5, '質量優良，非常喜歡。', '2024-03-15'),
(785, 19, 0, 8, 'product', 4, '滿意的產品，性價比高。', '2024-03-20'),
(786, 24, 0, 13, 'product', 5, '非常好，完全符合需求。', '2024-04-01'),
(787, 30, 0, 19, 'product', 4, '質量不錯，值得購買。', '2024-04-10'),
(788, 37, 0, 25, 'product', 5, '性能出色，非常滿意。', '2024-04-15'),
(789, 8, 0, 32, 'product', 4, '非常好，使用體驗佳。', '2024-04-20'),
(790, 15, 0, 36, 'product', 5, '超出預期，質量上乘。', '2024-05-01'),
(791, 22, 0, 42, 'product', 4, '性能良好，會再回購。', '2024-05-08'),
(792, 29, 0, 45, 'product', 5, '完全符合需求，非常滿意。', '2024-05-15'),
(793, 33, 0, 48, 'product', 4, '質量很好，使用體驗佳。', '2024-05-20'),
(794, 40, 0, 50, 'product', 5, '性能卓越，非常滿意。', '2024-06-01'),
(795, 10, 0, 11, 'product', 4, '非常滿意，質量優良。', '2024-06-07'),
(796, 18, 0, 16, 'product', 5, '產品超出預期，質量上乘。', '2024-06-15'),
(797, 27, 0, 22, 'product', 4, '使用良好，值得擁有。', '2024-06-20'),
(798, 35, 0, 25, 'product', 5, '完全超出預期，非常好。', '2024-07-01'),
(799, 42, 0, 31, 'product', 4, '產品表現良好，值得購買。', '2024-07-10'),
(800, 14, 0, 38, 'product', 5, '非常滿意，性能優越。', '2024-07-15'),
(801, 23, 0, 41, 'product', 4, '質量不錯，使用體驗佳。', '2024-07-20'),
(802, 29, 0, 44, 'product', 5, '超出預期，非常喜歡。', '2024-08-01'),
(803, 37, 0, 47, 'product', 4, '性能良好，值得擁有。', '2024-08-07'),
(804, 8, 0, 50, 'product', 5, '質量優良，非常滿意。', '2024-08-15'),
(805, 15, 0, 2, 'product', 4, '產品性能不錯，性價比高。', '2024-08-20'),
(806, 22, 0, 9, 'product', 5, '非常好，會再次購買。', '2024-08-25'),
(807, 30, 0, 13, 'product', 4, '質量很好，使用體驗佳。', '2024-08-28'),
(808, 37, 0, 16, 'product', 5, '性能卓越，完全滿意。', '2024-08-30'),
(809, 3, 0, 23, 'product', 4, '超出預期，值得推薦。', '2024-01-11'),
(810, 7, 0, 28, 'product', 5, '產品質量非常好，滿意。', '2024-01-20'),
(811, 14, 0, 31, 'product', 4, '性能良好，會再次購買。', '2024-02-05'),
(812, 20, 0, 36, 'product', 5, '非常滿意，質量上乘。', '2024-02-10'),
(813, 26, 0, 42, 'product', 4, '滿意的產品，值得擁有。', '2024-02-18'),
(814, 31, 0, 48, 'product', 5, '完全超出預期，性能優越。', '2024-03-01'),
(815, 42, 0, 2, 'product', 4, '質量很好，使用體驗佳。', '2024-03-10'),
(816, 48, 0, 6, 'product', 5, '非常滿意，會再回購。', '2024-03-15'),
(817, 12, 0, 11, 'product', 4, '性能良好，質量滿意。', '2024-04-01'),
(818, 19, 0, 17, 'product', 5, '產品表現優異，非常喜歡。', '2024-04-05'),
(819, 24, 0, 23, 'product', 4, '非常好，會再次購買。', '2024-04-12'),
(820, 30, 0, 28, 'product', 5, '超出預期，完全滿意。', '2024-04-18'),
(821, 37, 0, 34, 'product', 4, '質量上乘，值得擁有。', '2024-05-01'),
(822, 8, 0, 39, 'product', 5, '性能卓越，非常滿意。', '2024-05-10'),
(823, 15, 0, 44, 'product', 4, '非常好，質量優良。', '2024-05-15'),
(824, 22, 0, 47, 'product', 5, '完全符合需求，非常好。', '2024-06-01'),
(825, 29, 0, 50, 'product', 4, '質量不錯，使用體驗佳。', '2024-06-08'),
(826, 37, 0, 5, 'product', 5, '非常滿意，性能優越。', '2024-06-15'),
(827, 3, 0, 9, 'product', 4, '滿意的產品，值得擁有。', '2024-07-01'),
(828, 7, 0, 13, 'product', 5, '質量上乘，會再回購。', '2024-07-10'),
(829, 14, 0, 18, 'product', 4, '使用體驗良好，值得推薦。', '2024-07-15'),
(830, 20, 0, 25, 'product', 5, '完全超出預期，非常滿意。', '2024-07-20'),
(831, 26, 0, 30, 'product', 4, '產品性能良好，值得購買。', '2024-08-01'),
(832, 31, 0, 34, 'product', 5, '質量卓越，完全滿意。', '2024-08-10'),
(833, 42, 0, 41, 'product', 4, '使用體驗佳，值得擁有。', '2024-08-15'),
(834, 48, 0, 44, 'product', 5, '性能出色，非常滿意。', '2024-08-20'),
(835, 5, 0, 1, 'product', 5, '產品質量非常好，完全滿意。', '2024-01-02'),
(836, 8, 0, 2, 'product', 4, '使用體驗不錯，值得購買。', '2024-01-08'),
(837, 12, 0, 3, 'product', 5, '超出預期，性能非常優越。', '2024-01-15'),
(838, 16, 0, 4, 'product', 4, '質量上乘，會再回購。', '2024-01-20'),
(839, 20, 0, 5, 'product', 5, '完全符合需求，非常喜歡。', '2024-02-01'),
(840, 24, 0, 6, 'product', 4, '性能良好，使用體驗佳。', '2024-02-07');
INSERT INTO `comment` (`id`, `user_id`, `order_id`, `object_id`, `object_type`, `star`, `content`, `date`) VALUES
(841, 27, 0, 7, 'product', 5, '產品超出預期，質量卓越。', '2024-02-14'),
(842, 30, 0, 8, 'product', 4, '非常滿意，值得擁有。', '2024-02-22'),
(843, 33, 0, 9, 'product', 5, '質量優良，非常喜歡。', '2024-03-01'),
(844, 36, 0, 10, 'product', 4, '性能良好，會再次購買。', '2024-03-08'),
(845, 40, 0, 11, 'product', 5, '非常滿意，質量上乘。', '2024-03-15'),
(846, 43, 0, 12, 'product', 4, '使用體驗不錯，性價比高。', '2024-03-22'),
(847, 6, 0, 13, 'product', 5, '完全超出預期，非常好。', '2024-04-01'),
(848, 10, 0, 14, 'product', 4, '質量良好，會再回購。', '2024-04-08'),
(849, 15, 0, 15, 'product', 5, '性能卓越，非常滿意。', '2024-04-15'),
(850, 18, 0, 16, 'product', 4, '產品質量很好，使用體驗佳。', '2024-04-22'),
(851, 21, 0, 17, 'product', 5, '完全符合需求，非常喜歡。', '2024-05-01'),
(852, 25, 0, 18, 'product', 4, '超出預期，值得擁有。', '2024-05-08'),
(853, 29, 0, 19, 'product', 5, '質量優良，非常滿意。', '2024-05-15'),
(854, 32, 0, 20, 'product', 4, '使用體驗良好，值得推薦。', '2024-05-22'),
(855, 35, 0, 1, 'product', 5, '產品質量非常好，完全滿意。', '2024-06-01'),
(856, 38, 0, 2, 'product', 4, '性能良好，會再次購買。', '2024-06-07'),
(857, 42, 0, 3, 'product', 5, '非常滿意，質量上乘。', '2024-06-15'),
(858, 45, 0, 4, 'product', 4, '使用體驗不錯，值得擁有。', '2024-06-22'),
(859, 2, 0, 5, 'product', 5, '性能卓越，完全滿意。', '2024-07-01'),
(860, 7, 0, 6, 'product', 4, '質量很好，會再回購。', '2024-07-08'),
(861, 13, 0, 7, 'product', 5, '超出預期，非常喜歡。', '2024-07-15'),
(862, 19, 0, 8, 'product', 4, '產品表現良好，值得擁有。', '2024-07-22'),
(863, 22, 0, 9, 'product', 5, '完全符合需求，非常滿意。', '2024-08-01'),
(864, 28, 0, 10, 'product', 4, '質量優良，使用體驗佳。', '2024-08-07'),
(865, 32, 0, 11, 'product', 5, '非常好，會再回購。', '2024-08-15'),
(866, 37, 0, 12, 'product', 4, '性能良好，值得購買。', '2024-08-20'),
(867, 40, 0, 13, 'product', 5, '質量上乘，完全滿意。', '2024-08-25'),
(868, 44, 0, 14, 'product', 4, '使用體驗佳，值得擁有。', '2024-08-28'),
(869, 7, 0, 15, 'product', 5, '超出預期，非常滿意。', '2024-01-10'),
(870, 11, 0, 16, 'product', 4, '性能良好，會再回購。', '2024-01-20'),
(871, 16, 0, 17, 'product', 5, '質量優良，非常喜歡。', '2024-02-05'),
(872, 20, 0, 18, 'product', 4, '產品表現良好，值得擁有。', '2024-02-15'),
(873, 24, 0, 19, 'product', 5, '完全滿意，性能卓越。', '2024-03-01'),
(874, 27, 0, 20, 'product', 4, '質量上乘，使用體驗佳。', '2024-03-10'),
(875, 31, 0, 1, 'product', 5, '非常滿意，會再回購。', '2024-03-15'),
(876, 35, 0, 2, 'product', 4, '性能良好，值得擁有。', '2024-03-20'),
(877, 39, 0, 3, 'product', 5, '質量超出預期，非常喜歡。', '2024-04-01'),
(878, 43, 0, 4, 'product', 4, '使用體驗不錯，會再回購。', '2024-04-10'),
(879, 48, 0, 5, 'product', 5, '完全符合需求，非常滿意。', '2024-04-15'),
(880, 4, 0, 6, 'product', 4, '質量良好，值得購買。', '2024-05-01'),
(881, 9, 0, 7, 'product', 5, '性能卓越，完全滿意。', '2024-05-10'),
(882, 13, 0, 8, 'product', 4, '使用體驗佳，會再回購。', '2024-05-20'),
(883, 18, 0, 9, 'product', 5, '質量優良，非常喜歡。', '2024-06-01'),
(884, 23, 0, 10, 'product', 4, '性能良好，值得擁有。', '2024-06-10'),
(885, 27, 0, 11, 'product', 5, '完全超出預期，非常滿意。', '2024-06-20'),
(886, 32, 0, 12, 'product', 4, '質量上乘，使用體驗佳。', '2024-07-01'),
(887, 36, 0, 13, 'product', 5, '性能卓越，會再回購。', '2024-07-10'),
(888, 40, 0, 14, 'product', 4, '產品表現良好，值得擁有。', '2024-07-20'),
(889, 44, 0, 15, 'product', 5, '質量優良，非常滿意。', '2024-08-01'),
(890, 48, 0, 16, 'product', 4, '性能良好，會再回購。', '2024-08-10'),
(897, 1, 134, 50, 'course', 4, '安', '2024-09-05'),
(898, 1, 134, 134, 'product', 5, '讚', '2024-09-05');

-- --------------------------------------------------------

--
-- 資料表結構 `company`
--

CREATE TABLE `company` (
  `id` int(11) NOT NULL,
  `name` varchar(255) NOT NULL,
  `account` varchar(30) NOT NULL,
  `password` varchar(30) NOT NULL,
  `company_email` varchar(50) NOT NULL,
  `city` varchar(20) NOT NULL,
  `district` varchar(20) NOT NULL,
  `address` varchar(255) NOT NULL,
  `latitude` float NOT NULL,
  `longitude` float NOT NULL,
  `responsible_person` varchar(20) NOT NULL,
  `tele` varchar(20) NOT NULL,
  `tax_number` int(20) UNSIGNED NOT NULL,
  `open_time` time NOT NULL,
  `close_time` time NOT NULL,
  `rating` float NOT NULL,
  `user_ratings_total` int(11) NOT NULL,
  `created_at` timestamp NOT NULL DEFAULT current_timestamp() ON UPDATE current_timestamp(),
  `upload_at` timestamp NULL DEFAULT NULL,
  `valid` int(3) NOT NULL,
  `vip` varchar(4) NOT NULL,
  `lobby` varchar(4) NOT NULL
) ENGINE=InnoDB DEFAULT CHARSET=utf8mb4 COLLATE=utf8mb4_general_ci;

--
-- 傾印資料表的資料 `company`
--

INSERT INTO `company` (`id`, `name`, `account`, `password`, `company_email`, `city`, `district`, `address`, `latitude`, `longitude`, `responsible_person`, `tele`, `tax_number`, `open_time`, `close_time`, `rating`, `user_ratings_total`, `created_at`, `upload_at`, `valid`, `vip`, `lobby`) VALUES
(1, '樂齡棋牌館', '2', '12345', 'test@test.com', '台北市', '松山區', '台北市松山區慶城街23-1號', 25.0536, 13, '', '02-4915-9539', 0, '08:00:00', '23:00:00', 4.3, 142, '2024-08-20 11:16:20', '0000-00-00 00:00:00', 1, '1000', '500'),
(2, '麻吉 24小時自助棋牌室', '3', '12345', 'test@test.com', '台北市', '中山區', '台北市中山區北安路480號', 25.0796, 13, '', '02-2948-6127', 0, '08:00:00', '23:00:00', 5, 5, '2024-08-20 11:16:20', '0000-00-00 00:00:00', 1, '1000', '500'),
(3, '冠軍麻將棋牌社', '4', '12345', 'test@test.com', '台北市', '萬華區', '台北市萬華區長沙街二段152號', 25.0407, 12, '', '02-1789-0567', 0, '08:00:00', '23:00:00', 3.9, 73, '2024-08-20 11:16:20', '0000-00-00 00:00:00', 1, '1000', '500'),
(4, '藝博棋牌社', '5', '12345', 'test@test.com', '桃園市', '龜山區', '桃園市龜山區文化三路552號', 25.0516, 8, '', '02-7466-5628', 0, '08:00:00', '23:00:00', 4.7, 18, '2024-08-20 11:16:20', '0000-00-00 00:00:00', 1, '1000', '500'),
(5, '東門棋牌館(麻將協會)', '6', '12345', 'test@test.com', '桃園市', '桃園區', '桃園市桃園區春日路18號', 24.9917, 7, '', '02-5746-1846', 0, '08:00:00', '23:00:00', 3.9, 30, '2024-08-20 11:16:20', '0000-00-00 00:00:00', 1, '1000', '500'),
(6, '樂天休閒棋牌社', '7', '12345', 'test@test.com', '新北市', '蘆洲區', '新北市蘆洲區中山二路54號', 25.0825, 11, '', '02-1993-4426', 0, '08:00:00', '23:00:00', 3.2, 10, '2024-08-20 11:16:20', '0000-00-00 00:00:00', 1, '1000', '500'),
(7, '百齡棋牌館', '8', '12345', 'test@test.com', '桃園市', '楊梅區', '桃園市楊梅區萬福街140號', 24.9124, 4, '', '02-6151-7477', 0, '08:00:00', '23:00:00', 4, 4, '2024-08-20 11:16:20', '0000-00-00 00:00:00', 1, '1000', '500'),
(8, 'U2棋牌社', '9', '12345', 'test@test.com', '桃園市', '中壢區', '桃園市中壢區健行路179號', 24.9483, 5, '', '02-8932-2231', 0, '08:00:00', '23:00:00', 4, 36, '2024-08-20 11:16:20', '0000-00-00 00:00:00', 1, '1000', '500'),
(9, '六九棋牌社', '10', '12345', 'test@test.com', '新北市', '三重區', '新北市三重區忠孝路一段6-1號', 25.0716, 11, '', '02-4358-5099', 0, '08:00:00', '23:00:00', 5, 1, '2024-08-20 11:16:20', '0000-00-00 00:00:00', 1, '1000', '500'),
(10, '大龜山棋牌館', '11', '12345', 'test@test.com', '桃園市', '龜山區', '桃園市龜山區萬壽路二段1133號', 24.9936, 7, '', '02-2422-6811', 0, '08:00:00', '23:00:00', 3.8, 10, '2024-08-20 11:16:20', '0000-00-00 00:00:00', 1, '1000', '500'),
(11, '過嶺棋牌社', '12', '12345', 'test@test.com', '桃園市', '新屋區', '桃園市新屋區民族路六段225-1號', 24.9617, 3, '', '02-6792-3525', 0, '08:00:00', '23:00:00', 4.8, 9, '2024-08-20 11:16:20', '0000-00-00 00:00:00', 1, '1000', '500'),
(12, '棋牌社', '13', '12345', 'test@test.com', '桃園市', '八德區', '桃園市八德區大明街69號', 24.9691, 7, '', '02-7249-5674', 0, '08:00:00', '23:00:00', 3.5, 2, '2024-08-20 11:16:20', '0000-00-00 00:00:00', 1, '1000', '500'),
(13, '圓環棋牌社', '14', '12345', 'test@test.com', '桃園市', '龜山區', '桃園市龜山區德明路57號', 24.9884, 8, '', '02-6620-6082', 0, '08:00:00', '23:00:00', 2.6, 11, '2024-08-20 11:16:20', '0000-00-00 00:00:00', 1, '1000', '500'),
(14, '銘傳棋牌社', '15', '12345', 'test@test.com', '桃園市', '龜山區', '桃園市龜山區德明路87號', 24.9889, 8, '', '02-0549-4498', 0, '08:00:00', '23:00:00', 3.8, 5, '2024-08-20 11:16:20', '0000-00-00 00:00:00', 1, '1000', '500'),
(15, '同安棋牌社', '16', '12345', 'test@test.com', '桃園市', '桃園區', '桃園市桃園區同安街520號', 25.0213, 7, '', '02-0843-0722', 0, '08:00:00', '23:00:00', 3.8, 36, '2024-08-20 11:16:20', '0000-00-00 00:00:00', 1, '1000', '500'),
(16, '中山棋牌社', '17', '12345', 'test@test.com', '桃園市', '桃園區', '桃園市桃園區中山路57號', 24.9948, 7, '', '02-1083-3249', 0, '08:00:00', '23:00:00', 4.9, 329, '2024-08-20 11:16:20', '0000-00-00 00:00:00', 1, '1000', '500'),
(17, '中華麻將競技協會', '18', '12345', 'test@test.com', '桃園市', '平鎮區', '桃園市平鎮區廣平街35號', 24.9546, 5, '', '02-2996-5233', 0, '08:00:00', '23:00:00', 4.9, 11, '2024-08-20 11:16:20', '0000-00-00 00:00:00', 1, '1000', '500'),
(18, '麻將春日棋牌社', '19', '12345', 'test@test.com', '桃園市', '桃園區', '桃園市桃園區春日路235號', 24.9976, 7, '', '02-7178-0190', 0, '08:00:00', '23:00:00', 4.7, 101, '2024-08-20 11:16:20', '0000-00-00 00:00:00', 1, '1000', '500'),
(19, '中路棋牌社', '20', '12345', 'test@test.com', '桃園市', '桃園區', '桃園市桃園區保定三街89巷61號', 24.9969, 7, '', '02-9419-6523', 0, '08:00:00', '23:00:00', 4.9, 40, '2024-08-20 11:16:20', '0000-00-00 00:00:00', 1, '1000', '500'),
(20, '麻吉休閒館', '21', '12345', 'test@test.com', '台北市', '信義區', '台北市信義區基隆路一段59號', 25.0473, 13, '', '02-4362-2238', 0, '08:00:00', '23:00:00', 5, 142, '2024-08-20 11:16:20', '0000-00-00 00:00:00', 1, '1000', '500'),
(21, '陸光棋牌社', '22', '12345', 'test@test.com', '桃園市', '龜山區', '桃園市龜山區同心二路27號', 24.9952, 7, '', '02-8106-3815', 0, '08:00:00', '23:00:00', 5, 7, '2024-08-20 11:16:20', '0000-00-00 00:00:00', 1, '1000', '500'),
(22, '文化棋牌麻將會館', '23', '12345', 'test@test.com', '桃園市', '龜山區', '桃園市龜山區文化二路48號', 25.0571, 8, '', '02-4758-2348', 0, '08:00:00', '23:00:00', 4.3, 31, '2024-08-20 11:16:20', '0000-00-00 00:00:00', 1, '1000', '500'),
(23, '大滿貫棋牌會館', '24', '12345', 'test@test.com', '新北市', '三重區', '新北市三重區重陽路二段52巷11號', 25.0639, 11, '', '02-7464-0279', 0, '08:00:00', '23:00:00', 5, 100, '2024-08-20 11:16:20', '0000-00-00 00:00:00', 1, '1000', '500'),
(24, '將神棋牌館', '25', '12345', 'test@test.com', '台北市', '大同區', '台北市大同區承德路三段149號', 25.0678, 12, '', '02-9000-4167', 0, '08:00:00', '23:00:00', 4.6, 14, '2024-08-20 11:16:20', '0000-00-00 00:00:00', 1, '1000', '500'),
(25, '旺來棋牌社', '26', '12345', 'test@test.com', '桃園市', '桃園區', '桃園市桃園區文化街65號', 24.9914, 7, '', '02-3834-6669', 0, '08:00:00', '23:00:00', 4.7, 22, '2024-08-20 11:16:20', '0000-00-00 00:00:00', 1, '1000', '500'),
(26, '長沙麻將協會', '27', '12345', 'test@test.com', '台北市', '萬華區', '台北市萬華區長沙街二段124號', 25.0403, 12, '', '02-1844-9212', 0, '08:00:00', '23:00:00', 4.2, 77, '2024-08-20 11:16:20', '0000-00-00 00:00:00', 1, '1000', '500'),
(27, '龍騰棋牌社', '28', '12345', 'test@test.com', '台北市', '士林區', '台北市士林區環河北路三段99號', 25.0844, 12, '', '02-0528-5006', 0, '08:00:00', '23:00:00', 4.8, 18, '2024-08-20 11:16:20', '0000-00-00 00:00:00', 1, '1000', '500'),
(28, '泰山棋牌館', '29', '12345', 'test@test.com', '新北市', '泰山區', '新北市泰山區仁愛路100巷11號', 25.0551, 10, '', '02-3446-2212', 0, '08:00:00', '23:00:00', 3.5, 11, '2024-08-20 11:16:20', '0000-00-00 00:00:00', 1, '1000', '500'),
(29, '群來麻將桌遊館', '30', '12345', 'test@test.com', '台北市', '文山區', '台北市文山區景後街162號', 24.9909, 13, '', '02-0725-6987', 0, '08:00:00', '23:00:00', 4.4, 145, '2024-08-20 11:16:20', '0000-00-00 00:00:00', 1, '1000', '500'),
(30, '幸運星疊牌樂趣館', '31', '12345', 'test@test.com', '桃園市', '龜山區', '桃園市龜山區樂善二路189號', 25.0466, 9, '', '02-2760-2839', 0, '08:00:00', '23:00:00', 4.8, 26, '2024-08-20 11:16:20', '0000-00-00 00:00:00', 1, '1000', '500'),
(31, '松齡棋牌會館', '32', '12345', 'test@test.com', '台北市', '中山區', '台北市中山區南京東路二段11號', 25.0523, 12, '', '02-5916-1066', 0, '08:00:00', '23:00:00', 4.8, 34, '2024-08-20 11:16:20', '0000-00-00 00:00:00', 1, '1000', '500'),
(32, '富財樂活館', '33', '12345', 'test@test.com', '新北市', '蘆洲區', '新北市蘆洲區三民路202號', 25.089, 11, '', '02-7579-4700', 0, '08:00:00', '23:00:00', 4.6, 37, '2024-08-20 11:16:20', '0000-00-00 00:00:00', 1, '1000', '500'),
(33, '萬利麻將棋牌', '34', '12345', 'test@test.com', '台北市', '萬華區', '台北市萬華區武昌街二段18號', 25.0444, 12, '', '02-0764-9721', 0, '08:00:00', '23:00:00', 4.2, 40, '2024-08-20 11:16:20', '0000-00-00 00:00:00', 1, '1000', '500'),
(34, '常青棋牌休閒館 南港館', '35', '12345', 'test@test.com', '台北市', '南港區', '台北市南港區忠孝東路七段510號', 25.0522, 14, '', '02-6312-2397', 0, '08:00:00', '23:00:00', 3.6, 55, '2024-08-20 11:16:20', '0000-00-00 00:00:00', 1, '1000', '500'),
(35, '飛馬休閒會館', '36', '12345', 'test@test.com', '台北市', '萬華區', '台北市萬華區漢口街二段54號', 25.0457, 12, '', '02-3049-8055', 0, '08:00:00', '23:00:00', 3.6, 14, '2024-08-20 11:16:20', '0000-00-00 00:00:00', 1, '1000', '500'),
(36, '常青棋牌休閒館 土城館', '37', '12345', 'test@test.com', '新北市', '土城區', '新北市土城區永豐路143號', 24.9836, 11, '', '02-1129-1478', 0, '08:00:00', '23:00:00', 4.1, 13, '2024-08-20 11:16:20', '0000-00-00 00:00:00', 1, '1000', '500'),
(37, '三合休閒棋牌社', '38', '12345', 'test@test.com', '新北市', '三重區', '新北市三重區三和路四段128號', 25.0753, 11, '', '02-4007-5600', 0, '08:00:00', '23:00:00', 2.9, 8, '2024-08-20 11:16:20', '0000-00-00 00:00:00', 1, '1000', '500'),
(38, '建國棋牌社', '39', '12345', 'test@test.com', '新北市', '鶯歌區', '新北市鶯歌區建國路136號', 24.954, 8, '', '02-5979-3096', 0, '08:00:00', '23:00:00', 5, 3, '2024-08-20 11:16:20', '0000-00-00 00:00:00', 1, '1000', '500'),
(39, '治品棋牌社', '40', '12345', 'test@test.com', '桃園市', '蘆竹區', '桃園市蘆竹區', 25.0541, 6, '', '02-7542-8425', 0, '08:00:00', '23:00:00', 1, 3, '2024-08-20 11:16:20', '0000-00-00 00:00:00', 1, '1000', '500'),
(40, '松齡棋牌館', '41', '12345', 'test@test.com', '新北市', '新店區', '新北市新店區民權路42巷32號', 24.9838, 12, '', '02-9499-2219', 0, '08:00:00', '23:00:00', 3.8, 4, '2024-08-20 11:16:20', '0000-00-00 00:00:00', 1, '1000', '500'),
(41, '富瑀棋牌社-中央館', '42', '12345', 'test@test.com', '桃園市', '中壢區', '桃園市中壢區中央西路一段78號', 24.9581, 5, '', '02-2598-6334', 0, '08:00:00', '23:00:00', 4, 2, '2024-08-20 11:16:20', '0000-00-00 00:00:00', 1, '1000', '500'),
(42, '大金麻將', '43', '12345', 'test@test.com', '台北市', '萬華區', '台北市萬華區中華路一段76巷9號', 25.0454, 12, '', '02-3876-0381', 0, '08:00:00', '23:00:00', 3.1, 9, '2024-08-20 11:16:20', '0000-00-00 00:00:00', 1, '1000', '500'),
(43, '信譽國際休閒館', '44', '12345', 'test@test.com', '新北市', '中和區', '新北市中和區中正路79號', 24.9934, 12, '', '02-0276-0237', 0, '08:00:00', '23:00:00', 5, 4, '2024-08-20 11:16:20', '0000-00-00 00:00:00', 1, '1000', '500'),
(44, '大三元棋牌會館－四維店', '45', '12345', 'test@test.com', '新北市', '板橋區', '新北市板橋區四維路144號', 25.0255, 11, '', '02-0357-1076', 0, '08:00:00', '23:00:00', 2.4, 7, '2024-08-20 11:16:20', '0000-00-00 00:00:00', 1, '1000', '500'),
(45, '民樂棋牌社-國技文化館', '46', '12345', 'test@test.com', '桃園市', '桃園區', '桃園市桃園區民富九街194號', 25.009, 7, '', '02-4310-8324', 0, '08:00:00', '23:00:00', 4, 6, '2024-08-20 11:16:20', '0000-00-00 00:00:00', 1, '1000', '500'),
(46, '大三元麻將棋牌會館-林口龜山店', '47', '12345', 'test@test.com', '桃園市', '龜山區', '桃園市龜山區大湖一路17之3號', 25.0564, 8, '', '02-8688-8469', 0, '08:00:00', '23:00:00', 4, 21, '2024-08-20 11:16:20', '0000-00-00 00:00:00', 1, '1000', '500'),
(47, '棋品空間', '48', '12345', 'test@test.com', '台北市', '信義區', '台北市信義區崇德街38巷7號', 25.0239, 13, '', '02-6282-6002', 0, '08:00:00', '23:00:00', 4.7, 22, '2024-08-20 11:16:20', '0000-00-00 00:00:00', 1, '1000', '500'),
(48, '健康常青麻將棋牌協會', '49', '12345', 'test@test.com', '台北市', '萬華區', '台北市萬華區中華路一段196號', 25.0386, 12, '', '02-1163-7812', 0, '08:00:00', '23:00:00', 0, 0, '2024-08-20 11:16:20', '0000-00-00 00:00:00', 1, '1000', '500'),
(49, '大三元麻將棋牌會館-淡水學府店', '50', '12345', 'test@test.com', '新北市', '淡水區', '新北市淡水區學府路164號', 25.1749, 10, '', '02-5573-4427', 0, '08:00:00', '23:00:00', 4, 8, '2024-08-20 11:16:20', '0000-00-00 00:00:00', 1, '1000', '500'),
(50, '介壽棋牌社', '51', '12345', 'test@test.com', '桃園市', '八德區', '桃園市八德區介壽路一段1003號', 24.9585, 7, '', '02-5418-3809', 0, '08:00:00', '23:00:00', 5, 23, '2024-08-20 11:16:20', '0000-00-00 00:00:00', 1, '1000', '500'),
(51, '大三元棋牌社', '52', '12345', 'test@test.com', '台北市', '萬華區', '台北市萬華區貴陽街二段41號', 25.0397, 12, '', '02-2791-2527', 0, '08:00:00', '23:00:00', 4.2, 14, '2024-08-20 11:16:20', '0000-00-00 00:00:00', 1, '1000', '500'),
(52, '富貴樂活館 三重蘆洲旗艦店', '53', '12345', 'test@test.com', '新北市', '三重區', '新北市三重區忠孝路二段74號', 25.0698, 11, '', '02-4266-3747', 0, '08:00:00', '23:00:00', 4.6, 79, '2024-08-20 11:16:20', '0000-00-00 00:00:00', 1, '1000', '500'),
(53, '大福樂活空間麻將館 新莊頭前分店', '54', '12345', 'test@test.com', '新北市', '新莊區', '新北市新莊區化成路19號', 25.0435, 11, '', '02-5937-8447', 0, '08:00:00', '23:00:00', 5, 45, '2024-08-20 11:16:20', '0000-00-00 00:00:00', 1, '1000', '500'),
(54, '旺來電動麻將', '55', '12345', 'test@test.com', '新北市', '中和區', '新北市中和區圓通路367巷18號', 24.9894, 11, '', '02-4423-6774', 0, '08:00:00', '23:00:00', 5, 2, '2024-08-20 11:16:20', '0000-00-00 00:00:00', 1, '1000', '500'),
(55, '清一舍', '56', '12345', 'test@test.com', '桃園市', '桃園區', '桃園市桃園區永安路1309號', 25.0116, 6, '', '02-0602-2686', 0, '08:00:00', '23:00:00', 5, 25, '2024-08-20 11:16:20', '0000-00-00 00:00:00', 1, '1000', '500'),
(56, '小時代無人自助麻將24h', '57', '12345', 'test@test.com', '桃園市', '中壢區', '桃園市中壢區新中北路424號', 24.9585, 5, '', '02-1628-0083', 0, '08:00:00', '23:00:00', 4.1, 14, '2024-08-20 11:16:20', '0000-00-00 00:00:00', 1, '1000', '500'),
(57, '台灣麻將協會', '58', '12345', 'test@test.com', '桃園市', '龍潭區', '桃園市龍潭區中豐路558-1號', 24.8847, 5, '', '02-5529-7399', 0, '08:00:00', '23:00:00', 4.2, 9, '2024-08-20 11:16:20', '0000-00-00 00:00:00', 1, '1000', '500'),
(58, '成功休閒館', '59', '12345', 'test@test.com', '台北市', '內湖區', '台北市內湖區金湖路1號', 25.0839, 14, '', '02-0408-9843', 0, '08:00:00', '23:00:00', 1.9, 26, '2024-08-20 11:16:20', '0000-00-00 00:00:00', 1, '1000', '500'),
(59, '長江棋牌社', '60', '12345', 'test@test.com', '台中市', '中區', '台中市中區市府路148號', 24.1424, 16, '', '02-7990-0421', 0, '08:00:00', '23:00:00', 4.9, 27, '2024-08-20 11:16:20', '0000-00-00 00:00:00', 1, '1000', '500'),
(60, '愛麻室休閒棋藝會館', '61', '12345', 'test@test.com', '台中市', '北屯區', '台中市北屯區松竹路一段5-1號', 24.1756, 17, '', '02-8135-9412', 0, '08:00:00', '23:00:00', 4.1, 22, '2024-08-20 11:16:20', '0000-00-00 00:00:00', 1, '1000', '500'),
(61, '松河棋牌會館', '62', '12345', 'test@test.com', '台中市', '北屯區', '台中市北屯區松竹路二段459-1號', 24.1816, 16, '', '02-2658-5052', 0, '08:00:00', '23:00:00', 4.9, 263, '2024-08-20 11:16:20', '0000-00-00 00:00:00', 1, '1000', '500'),
(62, '樂在棋中24h自助桌遊', '63', '12345', 'test@test.com', '台中市', '北屯區', '台中市西屯區逢甲路75巷38號', 24.178, 15, '', '02-7290-1291', 0, '08:00:00', '23:00:00', 4.8, 83, '2024-08-20 11:16:20', '0000-00-00 00:00:00', 1, '1000', '500'),
(63, '撈三元棋牌休閒館', '64', '12345', 'test@test.com', '台中市', '豐原區', '台中市豐原區圓環東路124號', 24.2437, 17, '', '02-4587-9062', 0, '08:00:00', '23:00:00', 0, 0, '2024-08-20 11:16:20', '0000-00-00 00:00:00', 1, '1000', '500'),
(64, 'JC自助桌遊(原蘢錦棋牌社)', '65', '12345', 'test@test.com', '台中市', '南區', '台中市南區忠明南路1232號', 24.1189, 16, '', '02-1550-0563', 0, '08:00:00', '23:00:00', 5, 96, '2024-08-20 11:16:20', '0000-00-00 00:00:00', 1, '1000', '500'),
(65, '鼎騰棋牌休閒會館', '66', '12345', 'test@test.com', '台中市', '豐原區', '台中市豐原區豐原大道七段266號', 24.2634, 17, '', '02-8167-9147', 0, '08:00:00', '23:00:00', 4.3, 8, '2024-08-20 11:16:20', '0000-00-00 00:00:00', 1, '1000', '500'),
(66, '添財麻將館棋牌社-逢甲總店', '67', '12345', 'test@test.com', '台中市', '西屯區', '台中市西屯區文華路永新巷3號', 24.1767, 15, '', '02-1234-8730', 0, '08:00:00', '23:00:00', 4.9, 142, '2024-08-20 11:16:20', '0000-00-00 00:00:00', 1, '1000', '500'),
(67, '東京棋牌社', '68', '12345', 'test@test.com', '雲林縣', '虎尾鎮', '雲林縣虎尾鎮中正路280號', 23.705, 10, '', '02-9946-3543', 0, '08:00:00', '23:00:00', 4.9, 135, '2024-08-20 11:16:20', '0000-00-00 00:00:00', 1, '1000', '500'),
(68, '懿將棋牌休閒會館', '69', '12345', 'test@test.com', '台中市', '北屯區', '台中市北屯區建和路二段166-2號', 24.1731, 17, '', '02-7878-8761', 0, '08:00:00', '23:00:00', 5, 12, '2024-08-20 11:16:20', '0000-00-00 00:00:00', 1, '1000', '500'),
(69, '豪得堡棋牌社', '70', '12345', 'test@test.com', '台中市', '西區', '台中市西區民權路211-3號', 24.1472, 16, '', '02-0170-4568', 0, '08:00:00', '23:00:00', 4.8, 227, '2024-08-20 11:16:20', '0000-00-00 00:00:00', 1, '1000', '500'),
(70, '《享樂．享玩》棋月館', '71', '12345', 'test@test.com', '台中市', '西區', '台中市西區民生路109號', 24.1411, 16, '', '02-2332-7955', 0, '08:00:00', '23:00:00', 5, 195, '2024-08-20 11:16:20', '0000-00-00 00:00:00', 1, '1000', '500'),
(71, '棋藝博士休閒麻將南屯概念館', '72', '12345', 'test@test.com', '台中市', '南屯區', '台中市南屯區南屯路二段1-1號', 24.1348, 15, '', '02-2781-0041', 0, '08:00:00', '23:00:00', 4.7, 141, '2024-08-20 11:16:20', '0000-00-00 00:00:00', 1, '1000', '500'),
(72, '一路發麻將棋牌樂活館《西屯旗艦店》', '73', '12345', 'test@test.com', '台中市', '西屯區', '台中市西屯區西屯路二段上石北二巷15號', 24.1727, 15, '', '02-1861-9183', 0, '08:00:00', '23:00:00', 4.9, 232, '2024-08-20 11:16:20', '0000-00-00 00:00:00', 1, '1000', '500'),
(73, '遊聚棋牌桌遊店', '74', '12345', 'test@test.com', '台中市', '北區', '台中市北區博館東街46號', 24.155, 16, '', '02-0332-4113', 0, '08:00:00', '23:00:00', 4.9, 32, '2024-08-20 11:16:20', '0000-00-00 00:00:00', 1, '1000', '500'),
(74, '方城棋藝社', '75', '12345', 'test@test.com', '台中市', '北區', '台中市北區進化路576號', 24.1593, 16, '', '02-9571-5513', 0, '08:00:00', '23:00:00', 5, 4, '2024-08-20 11:16:20', '0000-00-00 00:00:00', 1, '1000', '500'),
(75, '帕麻CHILL', '76', '12345', 'test@test.com', '台中市', '西屯區', '台中市西屯區上明一街54巷15號', 24.1718, 15, '', '02-8855-7734', 0, '08:00:00', '23:00:00', 4.9, 27, '2024-08-20 11:16:20', '0000-00-00 00:00:00', 1, '1000', '500'),
(76, '北屯區麻將協會', '77', '12345', 'test@test.com', '台中市', '北屯區', '台中市北屯區祥順路一段468號', 24.1587, 17, '', '02-2105-7325', 0, '08:00:00', '23:00:00', 4.7, 15, '2024-08-20 11:16:20', '0000-00-00 00:00:00', 1, '1000', '500'),
(77, '棋藝博士自助麻將豐原概念館', '78', '12345', 'test@test.com', '台中市', '豐原區', '台中市豐原區三豐路二段199號', 24.269, 17, '', '02-0312-9583', 0, '08:00:00', '23:00:00', 5, 60, '2024-08-20 11:16:20', '0000-00-00 00:00:00', 1, '1000', '500'),
(78, '爆尻桌遊館', '79', '12345', 'test@test.com', '台中市', '北區', '台中市北區光大街104號', 24.151, 16, '', '02-6978-6144', 0, '08:00:00', '23:00:00', 4.9, 91, '2024-08-20 11:16:20', '0000-00-00 00:00:00', 1, '1000', '500'),
(79, '777 霧峰德州撲克桌遊體驗館', '80', '12345', 'test@test.com', '台中市', '霧峰區', '台中市霧峰區民生路260號', 24.0759, 17, '', '02-9788-0506', 0, '08:00:00', '23:00:00', 4.6, 27, '2024-08-20 11:16:20', '0000-00-00 00:00:00', 1, '1000', '500'),
(80, '《享樂．享玩》古月館', '81', '12345', 'test@test.com', '台中市', '北區', '台中市北區學士路318號', 24.1627, 16, '', '02-3165-4311', 0, '08:00:00', '23:00:00', 5, 130, '2024-08-20 11:16:20', '0000-00-00 00:00:00', 1, '1000', '500'),
(81, '嘉義麻將-老地方棋牌室', '82', '12345', 'test@test.com', '嘉義市', '西區', '嘉義市西區西門街42號', 23.4728, 10, '', '02-2057-7355', 0, '08:00:00', '23:00:00', 5, 762, '2024-08-20 11:16:20', '0000-00-00 00:00:00', 1, '1000', '500'),
(82, '24H自助桌遊(逢甲館)', '83', '12345', 'test@test.com', '台中市', '西屯區', '台中市西屯區逢甲路19巷12號', 24.1783, 15, '', '02-0604-0957', 0, '08:00:00', '23:00:00', 4.7, 78, '2024-08-20 11:16:20', '0000-00-00 00:00:00', 1, '1000', '500'),
(83, '嘻憩所聚會空間', '84', '12345', 'test@test.com', '台中市', '西區', '台中市西區台灣大道二段179巷22號', 24.1519, 16, '', '02-2972-1992', 0, '08:00:00', '23:00:00', 5, 358, '2024-08-20 11:16:20', '0000-00-00 00:00:00', 1, '1000', '500'),
(84, '雀神棋牌會館', '85', '12345', 'test@test.com', '嘉義市', '西區', '嘉義市西區康樂街90-5號', 23.475, 10, '', '02-1042-9236', 0, '08:00:00', '23:00:00', 4.3, 24, '2024-08-20 11:16:20', '0000-00-00 00:00:00', 1, '1000', '500'),
(85, '吉雀棋牌會館 民雄館', '86', '12345', 'test@test.com', '嘉義市', '民雄鄉', '嘉義縣民雄鄉大學路三段88號附2號', 23.5556, 10, '', '02-3053-7556', 0, '08:00:00', '23:00:00', 4.8, 172, '2024-08-20 11:16:20', '0000-00-00 00:00:00', 1, '1000', '500'),
(86, '吉雀棋牌會館 旗艦館', '87', '12345', 'test@test.com', '嘉義市', '西區', '嘉義市西區自由路229號', 23.4887, 10, '', '02-8625-0456', 0, '08:00:00', '23:00:00', 4.9, 145, '2024-08-20 11:16:20', '0000-00-00 00:00:00', 1, '1000', '500'),
(87, '百齡棋牌館', '88', '12345', 'test@test.com', '桃園市', '楊梅區', '桃園市楊梅區萬福街140號', 24.9124, 4, '', '02-6406-0661', 0, '08:00:00', '23:00:00', 4, 4, '2024-08-20 11:16:20', '0000-00-00 00:00:00', 1, '1000', '500'),
(88, '摸摸包廂式自助桌遊', '89', '12345', 'test@test.com', '彰化縣', '員林市', '彰化縣員林市南昌路81號', 23.9543, 13, '', '02-4089-8464', 0, '08:00:00', '23:00:00', 4.8, 19, '2024-08-20 11:16:20', '0000-00-00 00:00:00', 1, '1000', '500'),
(89, '藝博棋牌社', '90', '12345', 'test@test.com', '桃園市', '龜山區', '桃園市龜山區文化三路552號', 25.0516, 8, '', '02-0053-4871', 0, '08:00:00', '23:00:00', 4.7, 18, '2024-08-20 11:16:20', '0000-00-00 00:00:00', 1, '1000', '500'),
(90, 'U2棋牌社', '91', '12345', 'test@test.com', '桃園市', '中壢區', '桃園市中壢區健行路179號', 24.9483, 5, '', '02-4198-6376', 0, '08:00:00', '23:00:00', 4, 36, '2024-08-20 11:16:20', '0000-00-00 00:00:00', 1, '1000', '500'),
(91, '樂齡棋牌館', '92', '12345', 'test@test.com', '台北市', '松山區', '台北市松山區慶城街23-1號', 25.0536, 13, '', '02-9288-7313', 0, '08:00:00', '23:00:00', 4.3, 142, '2024-08-20 11:16:20', '0000-00-00 00:00:00', 1, '1000', '500'),
(92, '冠軍麻將棋牌社', '93', '12345', 'test@test.com', '台北市', '萬華區', '台北市萬華區長沙街二段152號', 25.0407, 12, '', '02-8700-1563', 0, '08:00:00', '23:00:00', 3.9, 73, '2024-08-20 11:16:20', '0000-00-00 00:00:00', 1, '1000', '500'),
(93, '麻吉 24小時自助棋牌室', '94', '12345', 'test@test.com', '台北市', '中山區', '台北市中山區北安路480號', 25.0796, 13, '', '02-1714-3884', 0, '08:00:00', '23:00:00', 5, 5, '2024-08-20 11:16:20', '0000-00-00 00:00:00', 1, '1000', '500'),
(94, '參陸玖棋牌室', '95', '12345', 'test@test.com', '高雄市', '苓雅區', '高雄市苓雅區興中一路214-1號', 22.6171, 7, '', '02-4276-9727', 0, '08:00:00', '23:00:00', 4.9, 102, '2024-08-20 11:16:20', '0000-00-00 00:00:00', 1, '1000', '500'),
(95, 'Happy Mode 華美門市', '96', '12345', 'test@test.com', '台中市', '西區', '台中市西區華美西街一段142號', 24.1581, 15, '', '02-5811-9872', 0, '08:00:00', '23:00:00', 4.8, 273, '2024-08-20 11:16:20', '0000-00-00 00:00:00', 1, '1000', '500'),
(96, '麻神理工棋牌學苑', '97', '12345', 'test@test.com', '雲林縣', '虎尾鎮', '雲林縣虎尾鎮林森路二段126號', 23.7051, 10, '', '02-1930-0034', 0, '08:00:00', '23:00:00', 4.9, 113, '2024-08-20 11:16:20', '0000-00-00 00:00:00', 1, '1000', '500'),
(97, '豐原區麻將協會', '98', '12345', 'test@test.com', '台中市', '豐原區', '台中市豐原區豐原大道七段40號', 24.2643, 17, '', '02-4381-1804', 0, '08:00:00', '23:00:00', 5, 3, '2024-08-20 11:16:20', '0000-00-00 00:00:00', 1, '1000', '500'),
(98, '台中市麻將紙牌發展協會', '99', '12345', 'test@test.com', '台中市', '大里區', '台中市大里區爽文路1103號', 24.1138, 16, '', '02-5877-3974', 0, '08:00:00', '23:00:00', 4.2, 36, '2024-08-20 11:16:20', '0000-00-00 00:00:00', 1, '1000', '500'),
(99, '大三元棋牌會館-頭份店', '100', '12345', 'test@test.com', '苗栗縣', '頭份市', '苗栗縣頭份市中華路883號', 24.6829, 21, '', '02-2239-9272', 0, '08:00:00', '23:00:00', 4.7, 12, '2024-08-20 11:16:20', '0000-00-00 00:00:00', 1, '1000', '500'),
(100, '棋藝博士休閒麻將竹北會館', '101', '12345', 'test@test.com', '新竹縣', '竹北市', '新竹縣竹北市縣政十一街106號', 24.8293, 0, '', '02-9646-0412', 0, '08:00:00', '23:00:00', 4.9, 93, '2024-08-20 11:16:20', '0000-00-00 00:00:00', 1, '1000', '500'),
(101, '過嶺棋牌社', '102', '12345', 'test@test.com', '桃園市', '新屋區', '桃園市新屋區民族路六段225-1號', 24.9617, 3, '', '02-3125-4388', 0, '08:00:00', '23:00:00', 4.8, 9, '2024-08-20 11:16:20', '0000-00-00 00:00:00', 1, '1000', '500'),
(102, 'GPG神遊平台', '103', '12345', 'test@test.com', '台中市', '西屯區', '台中市西屯區市政北二路238號', 24.1637, 15, '', '02-2564-9657', 0, '08:00:00', '23:00:00', 0, 0, '2024-08-20 11:16:20', '0000-00-00 00:00:00', 1, '1000', '500'),
(103, 'BGL', '104', '12345', 'test@test.com', '台中市', '中區', '台中市中區光復路197號', 24.1446, 16, '', '02-0592-3992', 0, '08:00:00', '23:00:00', 4.6, 874, '2024-08-20 11:16:20', '0000-00-00 00:00:00', 1, '1000', '500'),
(104, '隨變24h自助桌遊(麻將館）', '105', '12345', 'test@test.com', '台中市', '南屯区', '台中市南屯区春安二街48號', 24.1349, 14, '', '02-8185-8949', 0, '08:00:00', '23:00:00', 4.8, 44, '2024-08-20 11:16:20', '0000-00-00 00:00:00', 1, '1000', '500'),
(105, '棋牌社', '106', '12345', 'test@test.com', '桃園市', '八德區', '桃園市八德區大明街69號', 24.9691, 7, '', '02-0190-4105', 0, '08:00:00', '23:00:00', 3.5, 2, '2024-08-20 11:16:20', '0000-00-00 00:00:00', 1, '1000', '500'),
(106, '向發棋牌休閒會館(開南店', '107', '12345', 'test@test.com', '桃園市', '桃園區', '桃園市桃園區永安路1309號', 25.0116, 6, '', '02-9956-7465', 0, '08:00:00', '23:00:00', 4.9, 151, '2024-08-20 11:16:20', '0000-00-00 00:00:00', 1, '1000', '500'),
(107, '中華麻將競技協會(', '108', '12345', 'test@test.com', '桃園市', '平鎮區', '桃園市平鎮區廣平街35號', 24.9546, 5, '', '02-7456-4887', 0, '08:00:00', '23:00:00', 4.9, 11, '2024-08-20 11:16:20', '0000-00-00 00:00:00', 1, '1000', '500'),
(108, '樂天休閒棋牌社', '109', '12345', 'test@test.com', '新北市', '蘆洲區', '新北市蘆洲區中山二路54號', 25.0825, 11, '', '02-2069-5681', 0, '08:00:00', '23:00:00', 3.2, 10, '2024-08-20 11:16:20', '0000-00-00 00:00:00', 1, '1000', '500'),
(109, '圓環棋牌社', '110', '12345', 'test@test.com', '桃園市', '龜山區', '桃園市龜山區德明路57號', 24.9884, 8, '', '02-2201-3963', 0, '08:00:00', '23:00:00', 2.6, 11, '2024-08-20 11:16:20', '0000-00-00 00:00:00', 1, '1000', '500'),
(110, '銘傳棋牌社', '111', '12345', 'test@test.com', '桃園市', '龜山區', '桃園市龜山區德明路87號', 24.9889, 8, '', '02-3210-4164', 0, '08:00:00', '23:00:00', 3.8, 5, '2024-08-20 11:16:20', '0000-00-00 00:00:00', 1, '1000', '500'),
(111, '文自棋牌會館', '112', '12345', 'test@test.com', '高雄市', '左營區', '高雄市左營區文自路128-1號', 22.6719, 7, '', '02-1190-3457', 0, '08:00:00', '23:00:00', 4.4, 54, '2024-08-20 11:16:20', '0000-00-00 00:00:00', 1, '1000', '500'),
(112, '頭份棋牌社', '113', '12345', 'test@test.com', '苗栗縣', '頭份市', '苗栗縣頭份市自強路188號', 24.6871, 21, '', '02-3718-8218', 0, '08:00:00', '23:00:00', 4, 2, '2024-08-20 11:16:20', '0000-00-00 00:00:00', 1, '1000', '500'),
(113, '參陸玖棋牌室', '114', '12345', 'test@test.com', '高雄市', '苓雅區', '高雄市苓雅區興中一路214-1號', 22.6171, 7, '', '02-9937-5030', 0, '08:00:00', '23:00:00', 4.9, 102, '2024-08-20 11:16:20', '0000-00-00 00:00:00', 1, '1000', '500'),
(114, '文自棋牌會館', '115', '12345', 'test@test.com', '高雄市', '左營區', '高雄市左營區文自路128-1號', 22.6719, 7, '', '02-5340-1612', 0, '08:00:00', '23:00:00', 4.4, 54, '2024-08-20 11:16:20', '0000-00-00 00:00:00', 1, '1000', '500'),
(115, '棋藝博士鳳山店', '116', '12345', 'test@test.com', '高雄市', '鳳山區', '高雄市鳳山區和平路45號', 22.6319, 8, '', '02-2041-5368', 0, '08:00:00', '23:00:00', 4.8, 130, '2024-08-20 11:16:20', '0000-00-00 00:00:00', 1, '1000', '500'),
(116, '布蘭棋苑休閒館', '117', '12345', 'test@test.com', '高雄市', '新興區', '高雄市新興區民權一路239號', 22.6265, 7, '', '02-0717-7481', 0, '08:00:00', '23:00:00', 5, 192, '2024-08-20 11:16:20', '0000-00-00 00:00:00', 1, '1000', '500'),
(117, 'Local棋牌館', '118', '12345', 'test@test.com', '高雄市', '左營區', '高雄市左營區富國路226號', 22.6621, 7, '', '02-5253-3826', 0, '08:00:00', '23:00:00', 4.6, 68, '2024-08-20 11:16:20', '0000-00-00 00:00:00', 1, '1000', '500'),
(118, '愛麻仕棋牌-高雄小港店', '119', '12345', 'test@test.com', '高雄市', '小港區', '高雄市小港區金府路104號', 22.5694, 8, '', '02-3371-5377', 0, '08:00:00', '23:00:00', 4.9, 47, '2024-08-20 11:16:20', '0000-00-00 00:00:00', 1, '1000', '500'),
(119, '愛麻仕棋牌-台南旗艦店', '120', '12345', 'test@test.com', '台南市', '永康區', '台南市永康區崑大路251號', 22.9984, 6, '', '02-6772-7731', 0, '08:00:00', '23:00:00', 4.8, 248, '2024-08-20 11:16:20', '0000-00-00 00:00:00', 1, '1000', '500'),
(120, '哈麻仕棋牌會館', '121', '12345', 'test@test.com', '高雄市', '三民區', '高雄市三民區本和街1號', 22.6535, 7, '', '02-8341-8510', 0, '08:00:00', '23:00:00', 4.9, 78, '2024-08-20 11:16:20', '0000-00-00 00:00:00', 1, '1000', '500'),
(121, '麻省理工棋牌會館', '122', '12345', 'test@test.com', '台南市', '北區', '台南市北區成功路598號', 23.0026, 4, '', '02-7527-2107', 0, '08:00:00', '23:00:00', 5, 326, '2024-08-20 11:16:20', '0000-00-00 00:00:00', 1, '1000', '500'),
(122, '文山棋牌休閒會館', '123', '12345', 'test@test.com', '高雄市', '鳳山區', '高雄市鳳山區青年路二段528號', 22.6456, 8, '', '02-7956-3458', 0, '08:00:00', '23:00:00', 3.5, 26, '2024-08-20 11:16:20', '0000-00-00 00:00:00', 1, '1000', '500'),
(123, '岡山棋牌會館', '124', '12345', 'test@test.com', '高雄市', '岡山區', '高雄市岡山區岡山路267號', 22.7936, 7, '', '02-3420-6730', 0, '08:00:00', '23:00:00', 4.7, 27, '2024-08-20 11:16:20', '0000-00-00 00:00:00', 1, '1000', '500'),
(124, '小北棋牌休閒館', '125', '12345', 'test@test.com', '台南市', '北區', '台南市北區西門路四段464號', 23.0161, 5, '', '02-3390-6762', 0, '08:00:00', '23:00:00', 4.9, 47, '2024-08-20 11:16:20', '0000-00-00 00:00:00', 1, '1000', '500'),
(125, '中山棋牌休閒會館', '126', '12345', 'test@test.com', '高雄市', '新興區', '高雄市新興區中山一路212號', 22.6336, 7, '', '02-3639-7912', 0, '08:00:00', '23:00:00', 5, 150, '2024-08-20 11:16:20', '0000-00-00 00:00:00', 1, '1000', '500'),
(126, '麻西麻西棋牌館', '127', '12345', 'test@test.com', '台南市', '永康區', '台南市永康區復興路246巷8-6號', 22.9992, 5, '', '02-8640-9466', 0, '08:00:00', '23:00:00', 5, 148, '2024-08-20 11:16:20', '0000-00-00 00:00:00', 1, '1000', '500'),
(127, '瑞豐 健康休閒棋牌會館', '128', '12345', 'test@test.com', '高雄市', '鼓山區', '高雄市鼓山區文忠路66號', 22.6653, 7, '', '02-1409-8647', 0, '08:00:00', '23:00:00', 5, 12, '2024-08-20 11:16:20', '0000-00-00 00:00:00', 1, '1000', '500'),
(128, '北風棋牌休閒館', '129', '12345', 'test@test.com', '高雄市', '楠梓區', '高雄市楠梓區後勁東路157號', 22.7185, 7, '', '02-9010-9107', 0, '08:00:00', '23:00:00', 4.7, 75, '2024-08-20 11:16:20', '0000-00-00 00:00:00', 1, '1000', '500'),
(129, '台灣麻將紙牌協會高雄仁武京吉棋牌會館', '130', '12345', 'test@test.com', '高雄市', '仁武區', '高雄市仁武區京吉三路190號', 22.684, 8, '', '02-8509-5221', 0, '08:00:00', '23:00:00', 4.6, 20, '2024-08-20 11:16:20', '0000-00-00 00:00:00', 1, '1000', '500'),
(130, '常勝棋牌休閒會館', '131', '12345', 'test@test.com', '高雄市', '左營區', '高雄市左營區重信路555號', 22.6851, 7, '', '02-0582-7246', 0, '08:00:00', '23:00:00', 4.5, 16, '2024-08-20 11:16:20', '0000-00-00 00:00:00', 1, '1000', '500'),
(131, '正隆棋藝館', '132', '12345', 'test@test.com', '高雄市', '苓雅區', '高雄市苓雅區福德二路4之1號', 22.6301, 7, '', '02-4484-0684', 0, '08:00:00', '23:00:00', 4.9, 39, '2024-08-20 11:16:20', '0000-00-00 00:00:00', 1, '1000', '500'),
(132, '常青棋牌休閒館 左營館', '133', '12345', 'test@test.com', '高雄市', '左營區', '高雄市左營區新庄仔路89號', 22.673, 7, '', '02-9968-7788', 0, '08:00:00', '23:00:00', 3.4, 29, '2024-08-20 11:16:20', '0000-00-00 00:00:00', 1, '1000', '500'),
(133, '天瑩棋牌休閒館', '134', '12345', 'test@test.com', '高雄市', '鳳山區', '高雄市鳳山區五甲二路212號', 22.6015, 8, '', '02-9036-1819', 0, '08:00:00', '23:00:00', 3.5, 6, '2024-08-20 11:16:20', '0000-00-00 00:00:00', 1, '1000', '500'),
(134, '喜雀棋牌休閒館', '135', '12345', 'test@test.com', '高雄市', '鳳山區', '高雄市鳳山區文衡路598號', 22.642, 8, '', '02-1986-4473', 0, '08:00:00', '23:00:00', 4.2, 6, '2024-08-20 11:16:20', '0000-00-00 00:00:00', 1, '1000', '500'),
(135, '至尊棋牌館', '136', '12345', 'test@test.com', '高雄市', '三民區', '高雄市三民區鼎中路137號', 22.6617, 7, '', '02-6407-8615', 0, '08:00:00', '23:00:00', 5, 2, '2024-08-20 11:16:20', '0000-00-00 00:00:00', 1, '1000', '500'),
(136, '棋藝博士(楠梓店)', '137', '12345', 'test@test.com', '高雄市', '楠梓區', '高雄市楠梓區立民路31號', 22.7417, 8, '', '02-3857-3440', 0, '08:00:00', '23:00:00', 4.5, 84, '2024-08-20 11:16:20', '0000-00-00 00:00:00', 1, '1000', '500'),
(137, '常青棋牌休閒館 哈瑪星館', '138', '12345', 'test@test.com', '高雄市', '鼓山區', '高雄市鼓山區濱海一路59號', 22.6196, 6, '', '02-5631-7833', 0, '08:00:00', '23:00:00', 4.5, 21, '2024-08-20 11:16:20', '0000-00-00 00:00:00', 1, '1000', '500'),
(138, '台灣麻將紙牌協會 富國棋牌主題會館', '139', '12345', 'test@test.com', '高雄市', '左營區', '高雄市左營區富國路167號', 22.6626, 7, '', '02-2274-7872', 0, '08:00:00', '23:00:00', 4.8, 13, '2024-08-20 11:16:20', '0000-00-00 00:00:00', 1, '1000', '500'),
(139, '衙吉休閒棋牌社', '140', '12345', 'test@test.com', '台南市', '永康區', '台南市永康區南台街35號', 23.0222, 5, '', '02-2539-9077', 0, '08:00:00', '23:00:00', 4.7, 47, '2024-08-20 11:16:20', '0000-00-00 00:00:00', 1, '1000', '500'),
(140, '常青棋牌休閒館 開元館', '141', '12345', 'test@test.com', '台南市', '北區', '台南市北區開元路436號', 23.0109, 5, '', '02-7770-1621', 0, '08:00:00', '23:00:00', 4.5, 13, '2024-08-20 11:16:20', '0000-00-00 00:00:00', 1, '1000', '500'),
(141, '方城棋牌會館-安南區', '142', '12345', 'test@test.com', '台南市', '安南區', '台南市安南區北安路四段152號', 23.0587, 5, '', '02-4795-9113', 0, '08:00:00', '23:00:00', 4.4, 7, '2024-08-20 11:16:20', '0000-00-00 00:00:00', 1, '1000', '500'),
(142, '高大棋牌運動館', '143', '12345', 'test@test.com', '高雄市', '楠梓區', '高雄市楠梓區藍田路900號', 22.7276, 6, '', '02-1182-8569', 0, '08:00:00', '23:00:00', 3.6, 27, '2024-08-20 11:16:20', '0000-00-00 00:00:00', 1, '1000', '500'),
(143, '成大棋牌休閒館', '144', '12345', 'test@test.com', '台南市', '東區', '台南市東區育樂街35-28號', 22.9952, 5, '', '02-9301-0796', 0, '08:00:00', '23:00:00', 4.2, 25, '2024-08-20 11:16:20', '0000-00-00 00:00:00', 1, '1000', '500'),
(144, '大發棋牌休閒館', '145', '12345', 'test@test.com', '高雄市', '大寮區力行路88號號', '高雄市大寮區力行路88號', 22.6032, 9, '', '02-6078-8003', 0, '08:00:00', '23:00:00', 4.9, 181, '2024-08-20 11:16:20', '0000-00-00 00:00:00', 1, '1000', '500'),
(145, '常青棋牌休閒館 東港館', '146', '12345', 'test@test.com', '屏東縣', '東港鎮', '屏東縣東港鎮船頭路', 22.4619, 11, '', '02-1781-4898', 0, '08:00:00', '23:00:00', 5, 1, '2024-08-20 11:16:20', '0000-00-00 00:00:00', 1, '1000', '500'),
(146, '麻花麻瓜棋牌俱樂部', '147', '12345', 'test@test.com', '台南市', '東區', '台南市東區東興路280號', 22.9956, 5, '', '02-9145-1034', 0, '08:00:00', '23:00:00', 0, 0, '2024-08-20 11:16:20', '0000-00-00 00:00:00', 1, '1000', '500'),
(147, '騰達棋牌社', '148', '12345', 'test@test.com', '高雄市', '鼓山區', '高雄市鼓山區新疆路21號', 22.6563, 6, '', '02-7734-5570', 0, '08:00:00', '23:00:00', 5, 6, '2024-08-20 11:16:20', '0000-00-00 00:00:00', 1, '1000', '500'),
(148, '懶日子桌遊概念館', '149', '12345', 'test@test.com', '台南市', '北區', '台南市北區公園路155號', 22.9985, 4, '', '02-4647-6524', 0, '08:00:00', '23:00:00', 4.8, 256, '2024-08-20 11:16:20', '0000-00-00 00:00:00', 1, '1000', '500'),
(149, '臺灣麻將推廣協會 高雄凱旋會館', '150', '12345', 'test@test.com', '高雄市', '前鎮區', '高雄市前鎮區凱旋三路163-1號', 22.6087, 7, '', '02-8683-3840', 0, '08:00:00', '23:00:00', 4.3, 26, '2024-08-20 11:16:20', '0000-00-00 00:00:00', 1, '1000', '500'),
(150, '嘉義麻將-老地方棋牌室', '151', '12345', 'test@test.com', '嘉義市', '西區', '嘉義市西區西門街42號', 23.4728, 10, '', '02-3154-4252', 0, '08:00:00', '23:00:00', 5, 762, '2024-08-20 11:16:20', '0000-00-00 00:00:00', 1, '1000', '500'),
(151, '聖德基督學院', '152', '12345', 'test@test.com', '桃園市', '中壢區', '320台灣桃園市中壢區新生路二段421號', 24.9851, 5, '', '02-1796-6224', 0, '08:00:00', '23:00:00', 3.9, 75, '2024-08-20 11:16:20', '0000-00-00 00:00:00', 1, '1000', '500');

-- --------------------------------------------------------

--
-- 資料表結構 `company_photo`
--

CREATE TABLE `company_photo` (
  `id` int(11) NOT NULL,
  `room_id` int(11) NOT NULL,
  `img` varchar(255) NOT NULL
) ENGINE=InnoDB DEFAULT CHARSET=utf8mb4 COLLATE=utf8mb4_general_ci;

--
-- 傾印資料表的資料 `company_photo`
--

INSERT INTO `company_photo` (`id`, `room_id`, `img`) VALUES
(1, 79, '777 霧峰德州撲克桌遊體驗館 自助麻將館 棋牌室 桌遊館-1.jpg'),
(2, 79, '777 霧峰德州撲克桌遊體驗館 自助麻將館 棋牌室 桌遊館-2.jpg'),
(3, 79, '777 霧峰德州撲克桌遊體驗館 自助麻將館 棋牌室 桌遊館-3.jpg'),
(4, 79, '777 霧峰德州撲克桌遊體驗館 自助麻將館 棋牌室 桌遊館-4.jpg'),
(5, 79, '777 霧峰德州撲克桌遊體驗館 自助麻將館 棋牌室 桌遊館-5.jpg'),
(6, 103, 'BGL-1.jpg'),
(7, 103, 'BGL-2.jpg'),
(8, 103, 'BGL-3.jpg'),
(9, 103, 'BGL-4.jpg'),
(10, 103, 'BGL-5.jpg'),
(11, 95, 'Happy Mode 華美門市-1.jpg'),
(12, 95, 'Happy Mode 華美門市-2.jpg'),
(13, 95, 'Happy Mode 華美門市-3.jpg'),
(14, 95, 'Happy Mode 華美門市-4.jpg'),
(15, 95, 'Happy Mode 華美門市-5.jpg'),
(16, 117, 'Local棋牌館-1.jpg'),
(17, 117, 'Local棋牌館-2.jpg'),
(18, 117, 'Local棋牌館-3.jpg'),
(19, 117, 'Local棋牌館-4.jpg'),
(20, 117, 'Local棋牌館-5.jpg'),
(21, 8, 'U2棋牌社-1.jpg'),
(22, 8, 'U2棋牌社-2.jpg'),
(23, 8, 'U2棋牌社-3.jpg'),
(24, 8, 'U2棋牌社-4.jpg'),
(25, 8, 'U2棋牌社-5.jpg'),
(26, 37, '三合休閒棋牌社-1.jpg'),
(27, 37, '三合休閒棋牌社-2.jpg'),
(28, 37, '三合休閒棋牌社-3.jpg'),
(29, 37, '三合休閒棋牌社-4.jpg'),
(30, 37, '三合休閒棋牌社-5.jpg'),
(31, 125, '中山棋牌休閒會館-1.jpg'),
(32, 125, '中山棋牌休閒會館-2.jpg'),
(33, 125, '中山棋牌休閒會館-3.jpg'),
(34, 125, '中山棋牌休閒會館-4.jpg'),
(35, 125, '中山棋牌休閒會館-5.jpg'),
(36, 16, '中山棋牌社-1.jpg'),
(37, 16, '中山棋牌社-2.jpg'),
(38, 16, '中山棋牌社-3.jpg'),
(39, 50, '介壽棋牌社-1.jpg'),
(40, 50, '介壽棋牌社-2.jpg'),
(41, 50, '介壽棋牌社-3.jpg'),
(42, 50, '介壽棋牌社-4.jpg'),
(43, 50, '介壽棋牌社-5.jpg'),
(44, 43, '信譽國際休閒館-1.jpg'),
(45, 43, '信譽國際休閒館-2.jpg'),
(46, 43, '信譽國際休閒館-3.jpg'),
(47, 43, '信譽國際休閒館-4.jpg'),
(48, 43, '信譽國際休閒館-5.jpg'),
(49, 48, '健康常青麻將棋牌協會-1.jpg'),
(50, 48, '健康常青麻將棋牌協會-2.jpg'),
(51, 48, '健康常青麻將棋牌協會-3.jpg'),
(52, 48, '健康常青麻將棋牌協會-4.jpg'),
(53, 48, '健康常青麻將棋牌協會-5.jpg'),
(54, 9, '六九棋牌社-1.jpg'),
(55, 9, '六九棋牌社-2.jpg'),
(56, 9, '六九棋牌社-3.jpg'),
(57, 3, '冠軍麻將棋牌社-1.jpg'),
(58, 3, '冠軍麻將棋牌社-2.jpg'),
(59, 3, '冠軍麻將棋牌社-3.jpg'),
(60, 3, '冠軍麻將棋牌社-4.jpg'),
(61, 3, '冠軍麻將棋牌社-5.jpg'),
(62, 128, '北風棋牌休閒館-1.jpg'),
(63, 128, '北風棋牌休閒館-2.jpg'),
(64, 128, '北風棋牌休閒館-3.jpg'),
(65, 128, '北風棋牌休閒館-4.jpg'),
(66, 128, '北風棋牌休閒館-5.jpg'),
(67, 98, '台中市麻將紙牌發展協會-1.jpg'),
(68, 98, '台中市麻將紙牌發展協會-2.jpg'),
(69, 98, '台中市麻將紙牌發展協會-3.jpg'),
(70, 98, '台中市麻將紙牌發展協會-4.jpg'),
(71, 98, '台中市麻將紙牌發展協會-5.jpg'),
(72, 57, '台灣麻將協會-1.jpg'),
(73, 57, '台灣麻將協會-2.jpg'),
(74, 138, '台灣麻將紙牌協會 富國棋牌主題會館-1.jpg'),
(75, 138, '台灣麻將紙牌協會 富國棋牌主題會館-2.jpg'),
(76, 138, '台灣麻將紙牌協會 富國棋牌主題會館-3.jpg'),
(77, 138, '台灣麻將紙牌協會 富國棋牌主題會館-4.jpg'),
(78, 138, '台灣麻將紙牌協會 富國棋牌主題會館-5.jpg'),
(79, 129, '台灣麻將紙牌協會高雄仁武京吉棋牌會館-1.jpg'),
(80, 129, '台灣麻將紙牌協會高雄仁武京吉棋牌會館-2.jpg'),
(81, 129, '台灣麻將紙牌協會高雄仁武京吉棋牌會館-3.jpg'),
(82, 129, '台灣麻將紙牌協會高雄仁武京吉棋牌會館-4.jpg'),
(83, 129, '台灣麻將紙牌協會高雄仁武京吉棋牌會館-5.jpg'),
(84, 86, '吉雀棋牌會館 旗艦館-1.jpg'),
(85, 86, '吉雀棋牌會館 旗艦館-2.jpg'),
(86, 86, '吉雀棋牌會館 旗艦館-3.jpg'),
(87, 86, '吉雀棋牌會館 旗艦館-4.jpg'),
(88, 86, '吉雀棋牌會館 旗艦館-5.jpg'),
(89, 85, '吉雀棋牌會館 民雄館-1.jpg'),
(90, 85, '吉雀棋牌會館 民雄館-2.jpg'),
(91, 85, '吉雀棋牌會館 民雄館-3.jpg'),
(92, 85, '吉雀棋牌會館 民雄館-4.jpg'),
(93, 85, '吉雀棋牌會館 民雄館-5.jpg'),
(94, 15, '同安棋牌社-1.jpg'),
(95, 15, '同安棋牌社-2.jpg'),
(96, 15, '同安棋牌社-3.jpg'),
(97, 15, '同安棋牌社-4.jpg'),
(98, 15, '同安棋牌社-5.jpg'),
(99, 120, '哈麻仕棋牌會館-1.jpg'),
(100, 120, '哈麻仕棋牌會館-2.jpg'),
(101, 120, '哈麻仕棋牌會館-3.jpg'),
(102, 120, '哈麻仕棋牌會館-4.jpg'),
(103, 120, '哈麻仕棋牌會館-5.jpg'),
(104, 134, '喜雀棋牌休閒館-1.jpg'),
(105, 134, '喜雀棋牌休閒館-2.jpg'),
(106, 134, '喜雀棋牌休閒館-3.jpg'),
(107, 134, '喜雀棋牌休閒館-4.jpg'),
(108, 134, '喜雀棋牌休閒館-5.jpg'),
(109, 81, '嘉義麻將-老地方棋牌室-1.jpg'),
(110, 81, '嘉義麻將-老地方棋牌室-2.jpg'),
(111, 81, '嘉義麻將-老地方棋牌室-3.jpg'),
(112, 81, '嘉義麻將-老地方棋牌室-4.jpg'),
(113, 81, '嘉義麻將-老地方棋牌室-5.jpg'),
(114, 13, '圓環棋牌社-1.jpg'),
(115, 13, '圓環棋牌社-2.jpg'),
(116, 13, '圓環棋牌社-3.jpg'),
(117, 99, '大三元棋牌會館-頭份店-1.jpg'),
(118, 99, '大三元棋牌會館-頭份店-2.jpg'),
(119, 99, '大三元棋牌會館-頭份店-3.jpg'),
(120, 51, '大三元棋牌社-1.jpg'),
(121, 51, '大三元棋牌社-2.jpg'),
(122, 51, '大三元棋牌社-3.jpg'),
(123, 46, '大三元麻將棋牌會館-林口龜山店-1.jpg'),
(124, 49, '大三元麻將棋牌會館-淡水學府店-1.jpg'),
(125, 49, '大三元麻將棋牌會館-淡水學府店-2.jpg'),
(126, 49, '大三元麻將棋牌會館-淡水學府店-3.jpg'),
(127, 49, '大三元麻將棋牌會館-淡水學府店-4.jpg'),
(128, 49, '大三元麻將棋牌會館-淡水學府店-5.jpg'),
(129, 23, '大滿貫棋牌會館-1.jpg'),
(130, 23, '大滿貫棋牌會館-2.jpg'),
(131, 23, '大滿貫棋牌會館-3.jpg'),
(132, 23, '大滿貫棋牌會館-4.jpg'),
(133, 23, '大滿貫棋牌會館-5.jpg'),
(134, 144, '大發棋牌休閒館-1.jpg'),
(135, 144, '大發棋牌休閒館-2.jpg'),
(136, 144, '大發棋牌休閒館-3.jpg'),
(137, 144, '大發棋牌休閒館-4.jpg'),
(138, 144, '大發棋牌休閒館-5.jpg'),
(139, 53, '大福樂活空間麻將館 新莊頭前分店-1.jpg'),
(140, 53, '大福樂活空間麻將館 新莊頭前分店-2.jpg'),
(141, 53, '大福樂活空間麻將館 新莊頭前分店-3.jpg'),
(142, 53, '大福樂活空間麻將館 新莊頭前分店-4.jpg'),
(143, 53, '大福樂活空間麻將館 新莊頭前分店-5.jpg'),
(144, 0, '大鑫娛樂城-1.jpg'),
(145, 10, '大龜山棋牌館-1.jpg'),
(146, 133, '天瑩棋牌休閒館-1.jpg'),
(147, 133, '天瑩棋牌休閒館-2.jpg'),
(148, 41, '富瑀棋牌社-中央館-1.jpg'),
(149, 41, '富瑀棋牌社-中央館-2.jpg'),
(150, 24, '將神棋牌館-1.jpg'),
(151, 24, '將神棋牌館-2.jpg'),
(152, 24, '將神棋牌館-3.jpg'),
(153, 24, '將神棋牌館-4.jpg'),
(154, 24, '將神棋牌館-5.jpg'),
(155, 124, '小北棋牌休閒館-1.jpg'),
(156, 124, '小北棋牌休閒館-2.jpg'),
(157, 124, '小北棋牌休閒館-3.jpg'),
(158, 124, '小北棋牌休閒館-4.jpg'),
(159, 124, '小北棋牌休閒館-5.jpg'),
(160, 56, '小時代無人自助麻將24h-1.jpg'),
(161, 56, '小時代無人自助麻將24h-2.jpg'),
(162, 56, '小時代無人自助麻將24h-3.jpg'),
(163, 56, '小時代無人自助麻將24h-4.jpg'),
(164, 56, '小時代無人自助麻將24h-5.jpg'),
(165, 123, '岡山棋牌會館-1.jpg'),
(166, 123, '岡山棋牌會館-2.jpg'),
(167, 123, '岡山棋牌會館-3.jpg'),
(168, 123, '岡山棋牌會館-4.jpg'),
(169, 123, '岡山棋牌會館-5.jpg'),
(170, 0, '已歇業-1.jpg'),
(171, 0, '已歇業-2.jpg'),
(172, 0, '已歇業-3.jpg'),
(173, 0, '已歇業-4.jpg'),
(174, 0, '已歇業-5.jpg'),
(175, 130, '常勝棋牌休閒會館-1.jpg'),
(176, 130, '常勝棋牌休閒會館-2.jpg'),
(177, 130, '常勝棋牌休閒會館-3.jpg'),
(178, 130, '常勝棋牌休閒會館-4.jpg'),
(179, 130, '常勝棋牌休閒會館-5.jpg'),
(180, 34, '常青棋牌休閒館 南港館-1.jpg'),
(181, 34, '常青棋牌休閒館 南港館-2.jpg'),
(182, 34, '常青棋牌休閒館 南港館-3.jpg'),
(183, 34, '常青棋牌休閒館 南港館-4.jpg'),
(184, 34, '常青棋牌休閒館 南港館-5.jpg'),
(185, 137, '常青棋牌休閒館 哈瑪星館-1.jpg'),
(186, 137, '常青棋牌休閒館 哈瑪星館-2.jpg'),
(187, 137, '常青棋牌休閒館 哈瑪星館-3.jpg'),
(188, 137, '常青棋牌休閒館 哈瑪星館-4.jpg'),
(189, 137, '常青棋牌休閒館 哈瑪星館-5.jpg'),
(190, 36, '常青棋牌休閒館 土城館-1.jpg'),
(191, 36, '常青棋牌休閒館 土城館-2.jpg'),
(192, 36, '常青棋牌休閒館 土城館-3.jpg'),
(193, 36, '常青棋牌休閒館 土城館-4.jpg'),
(194, 36, '常青棋牌休閒館 土城館-5.jpg'),
(195, 132, '常青棋牌休閒館 左營館-1.jpg'),
(196, 132, '常青棋牌休閒館 左營館-2.jpg'),
(197, 132, '常青棋牌休閒館 左營館-3.jpg'),
(198, 132, '常青棋牌休閒館 左營館-4.jpg'),
(199, 145, '常青棋牌休閒館 東港館-1.jpg'),
(200, 145, '常青棋牌休閒館 東港館-2.jpg'),
(201, 145, '常青棋牌休閒館 東港館-3.jpg'),
(202, 145, '常青棋牌休閒館 東港館-4.jpg'),
(203, 145, '常青棋牌休閒館 東港館-5.jpg'),
(204, 140, '常青棋牌休閒館 開元館-1.jpg'),
(205, 140, '常青棋牌休閒館 開元館-2.jpg'),
(206, 140, '常青棋牌休閒館 開元館-3.jpg'),
(207, 140, '常青棋牌休閒館 開元館-4.jpg'),
(208, 140, '常青棋牌休閒館 開元館-5.jpg'),
(209, 30, '幸運星疊牌樂趣館-1.jpg'),
(210, 30, '幸運星疊牌樂趣館-2.jpg'),
(211, 30, '幸運星疊牌樂趣館-3.jpg'),
(212, 30, '幸運星疊牌樂趣館-4.jpg'),
(213, 30, '幸運星疊牌樂趣館-5.jpg'),
(214, 38, '建國棋牌社-1.jpg'),
(215, 119, '愛麻仕棋牌-台南旗艦店-1.jpg'),
(216, 119, '愛麻仕棋牌-台南旗艦店-2.jpg'),
(217, 119, '愛麻仕棋牌-台南旗艦店-3.jpg'),
(218, 119, '愛麻仕棋牌-台南旗艦店-4.jpg'),
(219, 119, '愛麻仕棋牌-台南旗艦店-5.jpg'),
(220, 118, '愛麻仕棋牌-高雄小港店-1.jpg'),
(221, 118, '愛麻仕棋牌-高雄小港店-2.jpg'),
(222, 118, '愛麻仕棋牌-高雄小港店-3.jpg'),
(223, 118, '愛麻仕棋牌-高雄小港店-4.jpg'),
(224, 118, '愛麻仕棋牌-高雄小港店-5.jpg'),
(225, 60, '愛麻室休閒棋藝會館-1.jpg'),
(226, 60, '愛麻室休閒棋藝會館-2.jpg'),
(227, 60, '愛麻室休閒棋藝會館-3.jpg'),
(228, 60, '愛麻室休閒棋藝會館-4.jpg'),
(229, 58, '成功休閒館-1.jpg'),
(230, 58, '成功休閒館-2.jpg'),
(231, 58, '成功休閒館-3.jpg'),
(232, 58, '成功休閒館-4.jpg'),
(233, 58, '成功休閒館-5.jpg'),
(234, 143, '成大棋牌休閒館-1.jpg'),
(235, 143, '成大棋牌休閒館-2.jpg'),
(236, 143, '成大棋牌休閒館-3.jpg'),
(237, 143, '成大棋牌休閒館-4.jpg'),
(238, 143, '成大棋牌休閒館-5.jpg'),
(239, 88, '摸摸包廂式自助桌遊-1.jpg'),
(240, 88, '摸摸包廂式自助桌遊-2.jpg'),
(241, 88, '摸摸包廂式自助桌遊-3.jpg'),
(242, 88, '摸摸包廂式自助桌遊-4.jpg'),
(243, 88, '摸摸包廂式自助桌遊-5.jpg'),
(244, 63, '撈三元棋牌休閒館-1.jpg'),
(245, 63, '撈三元棋牌休閒館-2.jpg'),
(246, 22, '文化棋牌麻將會館-1.jpg'),
(247, 22, '文化棋牌麻將會館-2.jpg'),
(248, 22, '文化棋牌麻將會館-3.jpg'),
(249, 22, '文化棋牌麻將會館-4.jpg'),
(250, 22, '文化棋牌麻將會館-5.jpg'),
(251, 122, '文山棋牌休閒會館-1.jpg'),
(252, 122, '文山棋牌休閒會館-2.jpg'),
(253, 122, '文山棋牌休閒會館-3.jpg'),
(254, 122, '文山棋牌休閒會館-4.jpg'),
(255, 122, '文山棋牌休閒會館-5.jpg'),
(256, 111, '文自棋牌會館-1.jpg'),
(257, 111, '文自棋牌會館-2.jpg'),
(258, 111, '文自棋牌會館-3.jpg'),
(259, 111, '文自棋牌會館-4.jpg'),
(260, 111, '文自棋牌會館-5.jpg'),
(261, 74, '方城棋藝社-1.jpg'),
(262, 25, '旺來棋牌社-1.jpg'),
(263, 25, '旺來棋牌社-2.jpg'),
(264, 25, '旺來棋牌社-3.jpg'),
(265, 25, '旺來棋牌社-4.jpg'),
(266, 25, '旺來棋牌社-5.jpg'),
(267, 67, '東京棋牌社-1.jpg'),
(268, 67, '東京棋牌社-2.jpg'),
(269, 67, '東京棋牌社-3.jpg'),
(270, 67, '東京棋牌社-4.jpg'),
(271, 67, '東京棋牌社-5.jpg'),
(272, 47, '棋品空間-1.jpg'),
(273, 47, '棋品空間-2.jpg'),
(274, 47, '棋品空間-3.jpg'),
(275, 47, '棋品空間-4.jpg'),
(276, 47, '棋品空間-5.jpg'),
(277, 62, '樂在棋中24h自助桌遊-1.jpg'),
(278, 62, '樂在棋中24h自助桌遊-2.jpg'),
(279, 62, '樂在棋中24h自助桌遊-3.jpg'),
(280, 62, '樂在棋中24h自助桌遊-4.jpg'),
(281, 62, '樂在棋中24h自助桌遊-5.jpg'),
(282, 12, '樂天休閒棋牌社-1.jpg'),
(283, 12, '樂天休閒棋牌社-2.jpg'),
(284, 12, '樂天休閒棋牌社-3.jpg'),
(285, 12, '樂天休閒棋牌社-4.jpg'),
(286, 12, '樂天休閒棋牌社-5.jpg'),
(287, 131, '正隆棋藝館-1.jpg'),
(288, 131, '正隆棋藝館-2.jpg'),
(289, 131, '正隆棋藝館-3.jpg'),
(290, 131, '正隆棋藝館-4.jpg'),
(291, 131, '正隆棋藝館-5.jpg'),
(292, 45, '民樂棋牌社-國技文化館-1.jpg'),
(293, 45, '民樂棋牌社-國技文化館-2.jpg'),
(294, 45, '民樂棋牌社-國技文化館-3.jpg'),
(295, 45, '民樂棋牌社-國技文化館-4.jpg'),
(296, 28, '泰山棋牌館-1.jpg'),
(297, 28, '泰山棋牌館-2.jpg'),
(298, 28, '泰山棋牌館-3.jpg'),
(299, 28, '泰山棋牌館-4.jpg'),
(300, 28, '泰山棋牌館-5.jpg'),
(301, 66, '添財麻將館棋牌社-逢甲總店-1.jpg'),
(302, 66, '添財麻將館棋牌社-逢甲總店-2.jpg'),
(303, 66, '添財麻將館棋牌社-逢甲總店-3.jpg'),
(304, 66, '添財麻將館棋牌社-逢甲總店-4.jpg'),
(305, 66, '添財麻將館棋牌社-逢甲總店-5.jpg'),
(306, 78, '爆尻桌遊館-1.jpg'),
(307, 78, '爆尻桌遊館-2.jpg'),
(308, 78, '爆尻桌遊館-3.jpg'),
(309, 78, '爆尻桌遊館-4.jpg'),
(310, 78, '爆尻桌遊館-5.jpg'),
(311, 127, '瑞豐 健康休閒棋牌會館-1.jpg'),
(312, 7, '百齡棋牌館-1.jpg'),
(313, 7, '百齡棋牌館-2.jpg'),
(314, 29, '群來麻將桌遊館-1.jpg'),
(315, 29, '群來麻將桌遊館-2.jpg'),
(316, 29, '群來麻將桌遊館-3.jpg'),
(317, 29, '群來麻將桌遊館-4.jpg'),
(318, 29, '群來麻將桌遊館-5.jpg'),
(319, 135, '至尊棋牌館-1.jpg'),
(320, 149, '臺灣麻將推廣協會 高雄凱旋會館-1.jpg'),
(321, 149, '臺灣麻將推廣協會 高雄凱旋會館-2.jpg'),
(322, 149, '臺灣麻將推廣協會 高雄凱旋會館-3.jpg'),
(323, 149, '臺灣麻將推廣協會 高雄凱旋會館-4.jpg'),
(324, 149, '臺灣麻將推廣協會 高雄凱旋會館-5.jpg'),
(325, 12, '藝博棋牌社-1.jpg'),
(326, 12, '藝博棋牌社-2.jpg'),
(327, 12, '藝博棋牌社-3.jpg'),
(328, 12, '藝博棋牌社-4.jpg'),
(329, 12, '藝博棋牌社-5.jpg'),
(330, 139, '衙吉休閒棋牌社-1.jpg'),
(331, 139, '衙吉休閒棋牌社-2.jpg'),
(332, 139, '衙吉休閒棋牌社-3.jpg'),
(333, 139, '衙吉休閒棋牌社-4.jpg'),
(334, 14, '銘傳棋牌社-1.jpg'),
(335, 14, '銘傳棋牌社-2.jpg'),
(336, 14, '銘傳棋牌社-3.jpg'),
(337, 14, '銘傳棋牌社-4.jpg'),
(338, 59, '長江棋牌社-1.jpg'),
(339, 59, '長江棋牌社-2.jpg'),
(340, 59, '長江棋牌社-3.jpg'),
(341, 59, '長江棋牌社-4.jpg'),
(342, 59, '長江棋牌社-5.jpg'),
(343, 26, '長沙麻將協會-1.jpg'),
(344, 26, '長沙麻將協會-2.jpg'),
(345, 26, '長沙麻將協會-3.jpg'),
(346, 26, '長沙麻將協會-4.jpg'),
(347, 26, '長沙麻將協會-5.jpg'),
(348, 21, '陸光棋牌社-1.jpg'),
(349, 21, '陸光棋牌社-2.jpg'),
(350, 21, '陸光棋牌社-3.jpg'),
(351, 21, '陸光棋牌社-4.jpg'),
(352, 21, '陸光棋牌社-5.jpg'),
(353, 84, '雀神棋牌會館-1.jpg'),
(354, 84, '雀神棋牌會館-2.jpg'),
(355, 84, '雀神棋牌會館-3.jpg'),
(356, 84, '雀神棋牌會館-4.jpg'),
(357, 84, '雀神棋牌會館-5.jpg'),
(358, 112, '頭份棋牌社-1.jpg'),
(359, 112, '頭份棋牌社-2.jpg'),
(360, 112, '頭份棋牌社-3.jpg'),
(361, 112, '頭份棋牌社-4.jpg'),
(362, 112, '頭份棋牌社-5.jpg'),
(363, 147, '騰達棋牌社-1.jpg'),
(364, 147, '騰達棋牌社-2.jpg'),
(365, 147, '騰達棋牌社-3.jpg'),
(366, 147, '騰達棋牌社-4.jpg'),
(367, 142, '高大棋牌運動館-1.jpg'),
(368, 142, '高大棋牌運動館-2.jpg'),
(369, 142, '高大棋牌運動館-3.jpg'),
(370, 142, '高大棋牌運動館-4.jpg'),
(371, 142, '高大棋牌運動館-5.jpg'),
(372, 2, '麻吉 24小時自助棋牌室-1.jpg'),
(373, 18, '麻將春日棋牌社-1.jpg'),
(374, 18, '麻將春日棋牌社-2.jpg'),
(375, 18, '麻將春日棋牌社-3.jpg'),
(376, 18, '麻將春日棋牌社-4.jpg'),
(377, 18, '麻將春日棋牌社-5.jpg'),
(378, 121, '麻省理工棋牌會館-1.jpg'),
(379, 121, '麻省理工棋牌會館-2.jpg'),
(380, 121, '麻省理工棋牌會館-3.jpg'),
(381, 121, '麻省理工棋牌會館-4.jpg'),
(382, 121, '麻省理工棋牌會館-5.jpg'),
(383, 96, '麻神理工棋牌學苑-1.jpg'),
(384, 146, '麻花麻瓜棋牌俱樂部-1.jpg'),
(385, 146, '麻花麻瓜棋牌俱樂部-2.jpg'),
(386, 146, '麻花麻瓜棋牌俱樂部-3.jpg'),
(387, 126, '麻西麻西棋牌館-1.jpg'),
(388, 126, '麻西麻西棋牌館-2.jpg'),
(389, 126, '麻西麻西棋牌館-3.jpg'),
(390, 126, '麻西麻西棋牌館-4.jpg'),
(391, 126, '麻西麻西棋牌館-5.jpg');

-- --------------------------------------------------------

--
-- 資料表結構 `coupons`
--

CREATE TABLE `coupons` (
  `id` int(11) NOT NULL,
  `name` varchar(255) NOT NULL,
  `code` varchar(50) NOT NULL,
  `discount_type` varchar(20) NOT NULL,
  `discount_value` decimal(10,0) NOT NULL,
  `valid_from` date NOT NULL,
  `valid_to` date NOT NULL,
  `limit_value` int(50) NOT NULL,
  `usage_limit` int(11) NOT NULL,
  `created_at` datetime NOT NULL,
  `update_at` datetime NOT NULL
) ENGINE=InnoDB DEFAULT CHARSET=utf8mb4 COLLATE=utf8mb4_general_ci;

--
-- 傾印資料表的資料 `coupons`
--

INSERT INTO `coupons` (`id`, `name`, `code`, `discount_type`, `discount_value`, `valid_from`, `valid_to`, `limit_value`, `usage_limit`, `created_at`, `update_at`) VALUES
(1, '中秋優惠', '7L2SX656EZ', 'percent', 15, '2024-06-13', '2024-10-25', 2000, 700, '2024-06-04 17:54:28', '2024-06-04 17:53:37'),
(2, '夏季大促', '4B8XAJQLYH', 'percent', 10, '2024-06-09', '2024-11-01', 4000, 1000, '2024-06-04 17:54:18', '2024-06-04 17:53:54'),
(3, '生日特惠', 'MZGQC1YQA5', 'percent', 15, '2024-06-13', '2024-07-23', 5000, 300, '2024-06-04 17:57:18', '2024-06-04 18:12:55'),
(4, '會員專享', '5SW7Y0YVUY', 'cash', 2000, '2024-06-17', '2024-08-09', 6000, 600, '2024-06-04 17:57:17', '0000-00-00 00:00:00'),
(5, '冬季減價', 'CUJVA1DUYH', 'percent', 40, '2024-06-17', '2024-07-23', 10000, 600, '2024-06-04 17:57:16', '0000-00-00 00:00:00'),
(6, '新客禮包', '1VCC98C2LX', 'percent', 15, '2024-06-05', '2024-08-08', 9000, 300, '2024-06-04 17:57:15', '0000-00-00 00:00:00'),
(7, '會員專享', 'LGWUGPAZ1S', 'cash', 5000, '2024-06-14', '2024-08-30', 4000, 200, '2024-06-04 17:57:13', '0000-00-00 00:00:00'),
(8, '會員專享', '03EL0O80LY', 'cash', 7000, '2024-06-28', '2024-09-16', 10000, 500, '2024-06-04 17:57:07', '0000-00-00 00:00:00'),
(9, '節日特賣', '2KSXFPQCJI', 'cash', 7000, '2024-06-20', '2024-08-24', 6000, 100, '2024-06-04 17:57:06', '0000-00-00 00:00:00'),
(10, '春季促銷', 'MA4X1V5APR', 'percent', 15, '2024-06-04', '2024-07-15', 3000, 300, '2024-06-04 17:57:05', '0000-00-00 00:00:00'),
(11, '秋季特惠', 'N1RVK6YLIZ', 'cash', 1000, '2024-06-15', '2024-07-16', 7000, 1000, '2024-06-04 17:57:03', '0000-00-00 00:00:00'),
(12, '生日特惠', '8L83ICCFNQ', 'cash', 4000, '2024-06-01', '2024-08-12', 5000, 700, '2024-06-04 17:57:02', '2024-06-04 18:13:09'),
(13, '會員專享', 'F708U8EEVE', 'cash', 4000, '2024-06-02', '2024-07-08', 8000, 900, '2024-06-04 17:57:01', '0000-00-00 00:00:00'),
(14, '夏季大促', '6POZL3D50Z', 'percent', 15, '2024-06-06', '2024-07-17', 2000, 1000, '2024-06-04 17:57:00', '0000-00-00 00:00:00'),
(15, '春季促銷', '2F56IRP2ON', 'percent', 15, '2024-06-18', '2024-09-04', 3000, 700, '2024-06-04 17:56:58', '0000-00-00 00:00:00'),
(16, '新客禮包', '197933IIXN', 'percent', 10, '2024-06-22', '2024-09-03', 6000, 300, '2024-06-04 17:56:57', '0000-00-00 00:00:00'),
(17, '夏季大促', '8DCDN97F5U', 'percent', 20, '2024-06-02', '2024-09-16', 1000, 500, '2024-06-04 17:56:56', '0000-00-00 00:00:00'),
(18, '節日特賣', '13E3FG8CAF', 'percent', 45, '2024-06-02', '2024-08-27', 1000, 1000, '2024-06-04 17:56:54', '0000-00-00 00:00:00'),
(19, '週年慶', 'MWK4A1VMC7', 'cash', 1000, '2024-06-17', '2024-09-14', 2000, 700, '2024-06-04 17:56:53', '0000-00-00 00:00:00'),
(20, '限時優惠', 'XUB218N05B', 'cash', 2000, '2024-06-15', '2024-08-27', 3000, 600, '2024-06-04 17:56:52', '0000-00-00 00:00:00'),
(21, '限時優惠', '8DB9PTTM6S', 'cash', 2000, '2024-06-20', '2024-08-06', 3000, 100, '2024-06-04 17:56:50', '0000-00-00 00:00:00'),
(22, '節日特賣', 'A5GD6PJNLA', 'percent', 15, '2024-06-10', '2024-09-01', 1000, 800, '2024-06-04 17:56:05', '0000-00-00 00:00:00'),
(23, '週年慶', 'FXDJVF9Z5C', 'percent', 15, '2024-06-09', '2024-10-04', 10000, 100, '2024-06-04 17:56:04', '0000-00-00 00:00:00'),
(24, '限時優惠', 'NGKE58XRYM', 'cash', 10000, '2024-06-23', '2024-09-12', 1000, 400, '2024-06-04 17:56:03', '0000-00-00 00:00:00'),
(25, '限時優惠', 'SSXGEXM0LO', 'cash', 6000, '2024-06-20', '2024-08-02', 7000, 200, '2024-06-04 17:56:01', '0000-00-00 00:00:00'),
(26, '會員專享', 'D10L20TG7U', 'cash', 5000, '2024-05-07', '2024-05-30', 3000, 100, '2024-06-04 17:56:00', '2024-06-03 19:53:53'),
(27, '節日特賣', '3O3C478AR6', 'percent', 40, '2024-06-26', '2024-09-18', 7000, 900, '2024-06-04 17:55:59', '0000-00-00 00:00:00'),
(28, '秋季促銷', 'MFUAWBO3I0', 'cash', 2000, '2024-06-24', '2024-09-21', 6000, 500, '2024-06-04 17:55:57', '0000-00-00 00:00:00'),
(29, '節日特賣', 'TK6SEV0CLO', 'cash', 4000, '2024-06-07', '2024-07-23', 4000, 900, '2024-06-04 17:55:55', '0000-00-00 00:00:00'),
(30, '冬季減價', 'T6MBBYA1QY', 'percent', 15, '2024-06-07', '2024-08-24', 5000, 400, '2024-06-04 17:55:54', '0000-00-00 00:00:00'),
(31, '春季促銷', '1AYL5DLCH2', 'percent', 20, '2024-06-11', '2024-08-04', 4000, 300, '2024-06-04 17:55:52', '0000-00-00 00:00:00'),
(32, '會員專享', 'LQ8UYJCYCI', 'percent', 30, '2024-06-02', '2024-07-27', 1000, 1000, '2024-06-04 17:55:50', '0000-00-00 00:00:00'),
(33, '會員專享', 'ZMN9L8SKZ1', 'cash', 4000, '2024-06-16', '2024-07-26', 7000, 1000, '2024-06-04 17:55:45', '0000-00-00 00:00:00'),
(34, '週年慶', 'SO61BN058Z', 'percent', 15, '2024-06-05', '2024-07-19', 8000, 100, '2024-06-04 17:55:44', '2024-06-04 18:35:30'),
(35, '新客禮包', 'K0JH6XFIZB', 'percent', 20, '2024-06-10', '2024-08-23', 4000, 400, '2024-06-04 17:55:43', '0000-00-00 00:00:00'),
(36, '秋季特惠', 'M5GCGV0VDT', 'cash', 10000, '2024-06-17', '2024-08-17', 3000, 700, '2024-06-04 17:55:42', '0000-00-00 00:00:00'),
(37, '生日特惠', 'UU0XRFREOO', 'cash', 3000, '2024-06-16', '2024-07-21', 9000, 1000, '2024-06-04 17:55:39', '0000-00-00 00:00:00'),
(38, '冬季減價', 'GJYMFSENF8', 'percent', 15, '2024-06-14', '2024-09-04', 8000, 600, '2024-06-04 17:55:38', '0000-00-00 00:00:00'),
(39, '週年慶', 'BGBUEYOPBC', 'cash', 5000, '2024-06-06', '2024-08-23', 5000, 500, '2024-06-04 17:55:37', '2024-06-05 19:05:48'),
(40, '冬季減價', 'DWGA4FSZEB', 'percent', 30, '2024-06-18', '2024-08-21', 4000, 600, '2024-06-04 17:55:36', '0000-00-00 00:00:00'),
(41, '中秋優惠', 'XMAJFVK9H7', 'cash', 6000, '2024-06-16', '2024-11-01', 7000, 100, '2024-06-04 17:55:34', '0000-00-00 00:00:00'),
(42, '春季促銷', '6SQHEZYXN7', 'percent', 50, '2024-06-16', '2024-07-20', 6000, 100, '2024-06-04 17:55:33', '0000-00-00 00:00:00'),
(43, '春季促銷', '4UHCRFQVLL', 'cash', 3000, '2024-06-09', '2024-08-10', 5000, 1000, '2024-06-04 17:55:31', '2024-06-04 18:13:55'),
(44, '週年慶', 'X9C5N0N5QH', 'cash', 8000, '2024-06-27', '2024-08-05', 5000, 600, '2024-06-04 17:55:30', '2024-06-04 18:35:26'),
(45, '春季促銷', 'RJRUOZHC1A', 'cash', 6000, '2024-06-20', '2024-08-17', 8000, 600, '2024-06-04 17:55:29', '2024-06-05 19:04:24'),
(46, '限時優惠', 'ZL2R22W3LX', 'percent', 15, '2024-06-16', '2024-07-25', 2000, 100, '2024-06-04 17:55:27', '2024-06-04 18:14:38'),
(47, '生日特惠', 'SPAIZTMA9T', 'percent', 30, '2024-06-24', '2024-09-12', 5000, 100, '2024-06-04 17:55:26', '2024-06-05 16:31:57'),
(48, '春季促銷', 'AXWVEGL90E', 'cash', 5000, '2024-06-19', '2024-07-23', 3000, 100, '2024-06-04 17:55:25', '2024-06-04 18:14:51'),
(49, '生日特惠', 'D4BRCCTH4P', 'percent', 15, '2024-06-19', '2024-07-26', 8000, 400, '2024-06-04 17:55:23', '2024-06-05 19:07:24'),
(50, '生日特惠', 'C8A0O4FLMG', 'percent', 40, '2024-06-12', '2024-08-05', 1000, 500, '2024-06-04 17:55:22', '2024-06-05 19:56:11'),
(51, '節日特賣	', 'PYGIEB0CF8', 'cash', 1000, '2024-05-08', '2024-05-31', 2000, 200, '2024-06-04 17:55:18', '2024-06-05 19:05:24'),
(52, '生日特惠	', 'EOAS5XIZWV', 'cash', 2000, '2024-05-14', '2024-05-31', 2000, 20, '2024-06-04 17:55:06', '2024-06-05 19:56:05'),
(53, '夏日優惠', 'IOA478CDUI', 'cash', 2000, '2024-04-17', '2024-05-01', 2000, 300, '2024-06-04 17:55:04', '2024-06-05 16:32:04'),
(54, '夏日優惠', '8ECGCOREW6', 'percent', 20, '2024-06-09', '2024-07-04', 2000, 200, '2024-06-04 17:55:03', '2024-06-05 19:56:16'),
(55, '夏日優惠', '24Q4ZQNRHF', 'percent', 50, '2024-04-09', '2024-06-19', 2000, 200, '2024-06-04 17:54:58', '2024-06-05 19:04:08'),
(56, '夏日優惠', 'WBJTE63MBH', 'cash', 2000, '2024-05-15', '2024-06-03', 2000, 300, '2024-06-03 19:27:46', '2024-06-04 18:36:47'),
(57, '夏日優惠', 'ZZW5HT5JCA', 'percent', 20, '2024-04-10', '2024-06-26', 2000, 200, '2024-06-04 10:28:38', '2024-06-05 19:18:44'),
(58, '夏日優惠', 'GET22FX1ZU', 'percent', 50, '2024-06-02', '2024-06-28', 2000, 200, '2024-06-04 18:26:03', '2024-06-05 19:44:38'),
(59, '夏日優惠', 'PI7QGD9Y6X', 'percent', 20, '2024-06-04', '2024-07-06', 2000, 200, '2024-06-05 19:45:05', '2024-06-05 19:47:29'),
(60, '夏日優惠', '4C7QT1ZQUQ', 'cash', 3000, '2024-05-26', '2024-06-20', 3000, 400, '2024-06-05 19:47:57', '2024-06-06 13:23:54'),
(61, '夏日優惠', 'L20KQDM88T', 'cash', 4000, '2024-06-02', '2024-07-03', 3000, 200, '2024-06-05 19:49:08', '2024-06-05 19:52:25'),
(62, '夏日優惠', 'IMR5PTRBNQ', 'percent', 40, '2024-03-11', '2024-06-03', 3000, 300, '2024-06-05 19:50:22', '2024-06-05 20:40:03'),
(63, '冬季優惠', '74UJVYROI4', 'percent', 50, '2024-06-03', '2024-06-28', 3000, 200, '2024-06-05 19:51:06', '2024-06-05 20:39:55'),
(64, '冬季優惠', 'T41CCLLXQ2', 'percent', 20, '2024-06-03', '2024-07-11', 2000, 200, '2024-06-05 20:40:30', '2024-06-06 09:18:02'),
(65, '冬季優惠', 'YVM1XWOPLZ', 'percent', 30, '2024-06-11', '2024-06-28', 3000, 200, '2024-06-06 09:18:33', '0000-00-00 00:00:00'),
(66, '秋季優惠', 'WCUO6R5FRS', 'cash', 2000, '2024-06-19', '2024-08-09', 3000, 300, '2024-06-06 09:21:53', '2024-06-06 13:24:12'),
(67, '冬季優惠', '2QLMBUGL2D', 'cash', 2000, '2024-06-10', '2024-07-25', 3000, 100, '2024-06-06 09:22:30', '2024-06-06 14:46:44'),
(68, '冬季優惠', 'KY1R1E9IH1', 'percent', 50, '2024-06-12', '2024-07-06', 3000, 300, '2024-06-06 11:13:46', '2024-06-06 15:31:39'),
(69, '冬季優惠', 'B328VE6WD2', 'cash', 5000, '2024-03-12', '2024-06-19', 2000, 200, '2024-06-06 15:31:57', '2024-06-07 11:40:21'),
(71, '夏日', 'EZI6PU57OK', 'percent', 20, '2024-05-14', '2024-06-28', 3000, 200, '2024-06-07 13:54:35', '2024-06-07 13:55:39'),
(72, '新會員優惠', 'WELCOMEZx7', 'percent', 90, '2024-08-30', '2024-09-06', 0, 1, '2024-08-30 16:36:51', '2024-08-30 16:36:51'),
(73, '新會員優惠', 'WELCOMEPTl', 'percent', 90, '2024-08-30', '2024-09-06', 0, 1, '2024-08-30 16:47:23', '2024-08-30 16:47:23'),
(74, '新會員優惠', 'WELCOMEJGD', 'percent', 10, '2024-09-05', '2024-09-12', 0, 1, '2024-09-05 16:24:19', '2024-09-05 16:24:19'),
(75, '新會員優惠', 'WELCOMEuwE', 'percent', 10, '2024-09-05', '2024-09-12', 0, 1, '2024-09-05 17:21:17', '2024-09-05 17:21:17'),
(76, '新會員優惠', 'WELCOMEmVX', 'percent', 10, '2024-09-05', '2024-09-12', 0, 1, '2024-09-05 20:36:00', '2024-09-05 20:36:00'),
(77, '新會員優惠', 'WELCOMEygR', 'percent', 10, '2024-09-06', '2024-09-13', 0, 1, '2024-09-06 18:12:42', '2024-09-06 18:12:42');

-- --------------------------------------------------------

--
-- 資料表結構 `coupons_for_user`
--

CREATE TABLE `coupons_for_user` (
  `id` int(10) UNSIGNED NOT NULL,
  `user_id` int(10) NOT NULL,
  `coupon_id` int(10) NOT NULL,
  `status` varchar(20) NOT NULL,
  `createTime` datetime NOT NULL
) ENGINE=InnoDB DEFAULT CHARSET=utf8mb4 COLLATE=utf8mb4_unicode_ci;

--
-- 傾印資料表的資料 `coupons_for_user`
--

INSERT INTO `coupons_for_user` (`id`, `user_id`, `coupon_id`, `status`, `createTime`) VALUES
(1, 1, 8, 'used', '2024-08-07 06:24:44'),
(3, 1, 1, 'used', '2024-08-07 06:24:44'),
(4, 1, 70, 'used', '2024-08-07 06:24:44'),
(5, 1, 31, 'used', '2024-08-07 06:24:44'),
(9, 1, 60, 'used', '2024-08-07 06:24:44'),
(10, 1, 9, 'used', '2024-08-07 06:24:44'),
(11, 2, 8, 'unused', '2024-08-07 06:24:44'),
(12, 2, 42, 'used', '2024-08-07 06:24:44'),
(13, 2, 39, 'unused', '2024-08-07 06:24:44'),
(14, 2, 32, 'used', '2024-08-07 06:24:44'),
(15, 2, 65, 'used', '2024-08-07 06:24:44'),
(16, 2, 46, 'used', '2024-08-07 06:24:44'),
(17, 2, 25, 'used', '2024-08-07 06:24:44'),
(18, 2, 52, 'used', '2024-08-07 06:24:44'),
(19, 3, 19, 'unused', '2024-08-07 06:24:44'),
(20, 3, 38, 'used', '2024-08-07 06:24:44'),
(21, 3, 48, 'unused', '2024-08-07 06:24:44'),
(22, 3, 37, 'used', '2024-08-07 06:24:44'),
(23, 3, 25, 'used', '2024-08-07 06:24:44'),
(24, 3, 54, 'used', '2024-08-07 06:24:44'),
(25, 4, 64, 'used', '2024-08-07 06:24:44'),
(26, 4, 34, 'unused', '2024-08-07 06:24:44'),
(27, 4, 30, 'unused', '2024-08-07 06:24:44'),
(28, 4, 53, 'used', '2024-08-07 06:24:44'),
(29, 4, 11, 'unused', '2024-08-07 06:24:44'),
(30, 4, 5, 'unused', '2024-08-07 06:24:44'),
(31, 4, 8, 'used', '2024-08-07 06:24:44'),
(32, 5, 14, 'unused', '2024-08-07 06:24:44'),
(33, 5, 42, 'unused', '2024-08-07 06:24:44'),
(34, 5, 12, 'unused', '2024-08-07 06:24:44'),
(35, 5, 1, 'unused', '2024-08-07 06:24:44'),
(36, 5, 56, 'used', '2024-08-07 06:24:44'),
(37, 5, 44, 'used', '2024-08-07 06:24:44'),
(38, 5, 24, 'used', '2024-08-07 06:24:44'),
(39, 6, 48, 'unused', '2024-08-07 06:24:44'),
(40, 6, 17, 'used', '2024-08-07 06:24:44'),
(41, 6, 39, 'unused', '2024-08-07 06:24:44'),
(42, 6, 24, 'unused', '2024-08-07 06:24:44'),
(43, 6, 51, 'unused', '2024-08-07 06:24:44'),
(44, 6, 44, 'unused', '2024-08-07 06:24:44'),
(45, 6, 38, 'unused', '2024-08-07 06:24:44'),
(46, 6, 16, 'unused', '2024-08-07 06:24:44'),
(47, 6, 24, 'used', '2024-08-07 06:24:44'),
(48, 6, 60, 'used', '2024-08-07 06:24:44'),
(49, 6, 9, 'used', '2024-08-07 06:24:44'),
(50, 6, 58, 'used', '2024-08-07 06:24:44'),
(51, 7, 65, 'unused', '2024-08-07 06:24:44'),
(52, 7, 31, 'unused', '2024-08-07 06:24:44'),
(53, 7, 49, 'unused', '2024-08-07 06:24:44'),
(54, 7, 38, 'unused', '2024-08-07 06:24:44'),
(55, 7, 22, 'unused', '2024-08-07 06:24:44'),
(56, 7, 52, 'unused', '2024-08-07 06:24:44'),
(57, 7, 10, 'unused', '2024-08-07 06:24:44'),
(58, 7, 60, 'unused', '2024-08-07 06:24:44'),
(59, 7, 42, 'used', '2024-08-07 06:24:44'),
(60, 7, 9, 'used', '2024-08-07 06:24:44'),
(61, 8, 41, 'unused', '2024-08-07 06:24:44'),
(62, 8, 69, 'unused', '2024-08-07 06:24:44'),
(63, 8, 25, 'unused', '2024-08-07 06:24:44'),
(64, 8, 26, 'unused', '2024-08-07 06:24:44'),
(65, 8, 46, 'unused', '2024-08-07 06:24:44'),
(66, 8, 63, 'unused', '2024-08-07 06:24:44'),
(67, 8, 35, 'unused', '2024-08-07 06:24:44'),
(68, 8, 20, 'used', '2024-08-07 06:24:44'),
(69, 9, 28, 'unused', '2024-08-07 06:24:44'),
(70, 9, 51, 'unused', '2024-08-07 06:24:44'),
(71, 9, 37, 'unused', '2024-08-07 06:24:44'),
(72, 9, 65, 'used', '2024-08-07 06:24:44'),
(73, 9, 42, 'used', '2024-08-07 06:24:44'),
(74, 9, 46, 'used', '2024-08-07 06:24:44'),
(75, 9, 65, 'used', '2024-08-07 06:24:44'),
(76, 9, 10, 'used', '2024-08-07 06:24:44'),
(77, 10, 48, 'unused', '2024-08-07 06:24:44'),
(78, 10, 56, 'unused', '2024-08-07 06:24:44'),
(79, 10, 46, 'unused', '2024-08-07 06:24:44'),
(80, 10, 6, 'unused', '2024-08-07 06:24:44'),
(81, 10, 42, 'used', '2024-08-07 06:24:44'),
(82, 10, 27, 'used', '2024-08-07 06:24:44'),
(83, 10, 43, 'used', '2024-08-07 06:24:44'),
(84, 11, 1, 'unused', '2024-08-07 06:24:44'),
(85, 11, 39, 'unused', '2024-08-07 06:24:44'),
(86, 11, 33, 'unused', '2024-08-07 06:24:44'),
(87, 11, 40, 'unused', '2024-08-07 06:24:44'),
(88, 11, 60, 'unused', '2024-08-07 06:24:44'),
(89, 11, 1, 'unused', '2024-08-07 06:24:44'),
(90, 11, 8, 'unused', '2024-08-07 06:24:44'),
(91, 11, 13, 'used', '2024-08-07 06:24:44'),
(92, 11, 35, 'used', '2024-08-07 06:24:44'),
(93, 11, 70, 'used', '2024-08-07 06:24:44'),
(94, 12, 47, 'unused', '2024-08-07 06:24:44'),
(95, 12, 30, 'unused', '2024-08-07 06:24:44'),
(96, 12, 49, 'unused', '2024-08-07 06:24:44'),
(97, 12, 33, 'used', '2024-08-07 06:24:44'),
(98, 13, 32, 'unused', '2024-08-07 06:24:44'),
(99, 13, 7, 'unused', '2024-08-07 06:24:44'),
(100, 13, 39, 'unused', '2024-08-07 06:24:44'),
(101, 13, 22, 'unused', '2024-08-07 06:24:44'),
(102, 13, 15, 'unused', '2024-08-07 06:24:44'),
(103, 13, 7, 'used', '2024-08-07 06:24:44'),
(104, 13, 32, 'used', '2024-08-07 06:24:44'),
(105, 13, 32, 'used', '2024-08-07 06:24:44'),
(106, 13, 35, 'used', '2024-08-07 06:24:44'),
(107, 14, 57, 'unused', '2024-08-07 06:24:44'),
(108, 14, 14, 'unused', '2024-08-07 06:24:44'),
(109, 14, 7, 'unused', '2024-08-07 06:24:44'),
(110, 14, 42, 'unused', '2024-08-07 06:24:44'),
(111, 14, 37, 'unused', '2024-08-07 06:24:44'),
(112, 14, 67, 'unused', '2024-08-07 06:24:44'),
(113, 14, 62, 'unused', '2024-08-07 06:24:44'),
(114, 14, 47, 'used', '2024-08-07 06:24:44'),
(115, 14, 19, 'used', '2024-08-07 06:24:44'),
(116, 14, 66, 'used', '2024-08-07 06:24:44'),
(117, 15, 64, 'unused', '2024-08-07 06:24:44'),
(118, 15, 27, 'unused', '2024-08-07 06:24:44'),
(119, 15, 36, 'unused', '2024-08-07 06:24:44'),
(120, 15, 15, 'unused', '2024-08-07 06:24:44'),
(121, 15, 69, 'unused', '2024-08-07 06:24:44'),
(122, 15, 20, 'unused', '2024-08-07 06:24:44'),
(123, 15, 56, 'used', '2024-08-07 06:24:44'),
(124, 15, 29, 'used', '2024-08-07 06:24:44'),
(125, 15, 39, 'used', '2024-08-07 06:24:44'),
(126, 15, 9, 'used', '2024-08-07 06:24:44'),
(127, 16, 20, 'unused', '2024-08-07 06:24:44'),
(128, 16, 66, 'unused', '2024-08-07 06:24:44'),
(129, 16, 5, 'unused', '2024-08-07 06:24:44'),
(130, 16, 1, 'used', '2024-08-07 06:24:44'),
(131, 16, 56, 'used', '2024-08-07 06:24:44'),
(132, 16, 30, 'used', '2024-08-07 06:24:44'),
(133, 16, 67, 'used', '2024-08-07 06:24:44'),
(134, 16, 33, 'used', '2024-08-07 06:24:44'),
(135, 17, 35, 'unused', '2024-08-07 06:24:44'),
(136, 17, 61, 'unused', '2024-08-07 06:24:44'),
(137, 17, 34, 'unused', '2024-08-07 06:24:44'),
(138, 17, 43, 'used', '2024-08-07 06:24:44'),
(139, 17, 34, 'used', '2024-08-07 06:24:44'),
(140, 17, 59, 'used', '2024-08-07 06:24:44'),
(141, 17, 48, 'used', '2024-08-07 06:24:44'),
(142, 17, 6, 'used', '2024-08-07 06:24:44'),
(143, 18, 38, 'unused', '2024-08-07 06:24:44'),
(144, 18, 29, 'unused', '2024-08-07 06:24:44'),
(145, 18, 18, 'unused', '2024-08-07 06:24:44'),
(146, 18, 6, 'unused', '2024-08-07 06:24:44'),
(147, 18, 36, 'unused', '2024-08-07 06:24:44'),
(148, 18, 65, 'unused', '2024-08-07 06:24:44'),
(149, 18, 55, 'unused', '2024-08-07 06:24:44'),
(150, 18, 70, 'used', '2024-08-07 06:24:44'),
(151, 19, 68, 'unused', '2024-08-07 06:24:44'),
(152, 19, 36, 'unused', '2024-08-07 06:24:44'),
(153, 19, 21, 'unused', '2024-08-07 06:24:44'),
(154, 19, 27, 'unused', '2024-08-07 06:24:44'),
(155, 19, 56, 'unused', '2024-08-07 06:24:44'),
(156, 19, 60, 'used', '2024-08-07 06:24:44'),
(157, 19, 23, 'used', '2024-08-07 06:24:44'),
(158, 19, 10, 'used', '2024-08-07 06:24:44'),
(159, 19, 54, 'used', '2024-08-07 06:24:44'),
(160, 19, 37, 'used', '2024-08-07 06:24:44'),
(161, 20, 13, 'unused', '2024-08-07 06:24:44'),
(162, 20, 34, 'unused', '2024-08-07 06:24:44'),
(163, 20, 28, 'unused', '2024-08-07 06:24:44'),
(164, 20, 14, 'unused', '2024-08-07 06:24:44'),
(165, 20, 47, 'unused', '2024-08-07 06:24:44'),
(166, 20, 44, 'used', '2024-08-07 06:24:44'),
(167, 20, 38, 'used', '2024-08-07 06:24:44'),
(168, 20, 60, 'used', '2024-08-07 06:24:44'),
(169, 20, 47, 'used', '2024-08-07 06:24:44'),
(170, 20, 36, 'used', '2024-08-07 06:24:44'),
(171, 21, 66, 'unused', '2024-08-07 06:24:44'),
(172, 21, 34, 'unused', '2024-08-07 06:24:44'),
(173, 21, 2, 'unused', '2024-08-07 06:24:44'),
(174, 21, 19, 'unused', '2024-08-07 06:24:44'),
(175, 21, 18, 'unused', '2024-08-07 06:24:44'),
(176, 21, 61, 'unused', '2024-08-07 06:24:44'),
(177, 21, 29, 'unused', '2024-08-07 06:24:44'),
(178, 21, 28, 'used', '2024-08-07 06:24:44'),
(179, 21, 59, 'used', '2024-08-07 06:24:44'),
(180, 21, 46, 'used', '2024-08-07 06:24:44'),
(181, 21, 24, 'used', '2024-08-07 06:24:44'),
(182, 21, 18, 'used', '2024-08-07 06:24:44'),
(183, 22, 44, 'unused', '2024-08-07 06:24:44'),
(184, 22, 66, 'unused', '2024-08-07 06:24:44'),
(185, 22, 4, 'unused', '2024-08-07 06:24:44'),
(186, 22, 59, 'unused', '2024-08-07 06:24:44'),
(187, 22, 71, 'unused', '2024-08-07 06:24:44'),
(188, 22, 68, 'used', '2024-08-07 06:24:44'),
(189, 22, 13, 'used', '2024-08-07 06:24:44'),
(190, 22, 43, 'used', '2024-08-07 06:24:44'),
(191, 22, 35, 'used', '2024-08-07 06:24:44'),
(192, 23, 59, 'unused', '2024-08-07 06:24:44'),
(193, 23, 27, 'unused', '2024-08-07 06:24:44'),
(194, 23, 6, 'unused', '2024-08-07 06:24:44'),
(195, 23, 35, 'unused', '2024-08-07 06:24:44'),
(196, 23, 37, 'unused', '2024-08-07 06:24:44'),
(197, 23, 13, 'unused', '2024-08-07 06:24:44'),
(198, 23, 36, 'unused', '2024-08-07 06:24:44'),
(199, 23, 22, 'unused', '2024-08-07 06:24:44'),
(200, 23, 43, 'used', '2024-08-07 06:24:44'),
(201, 24, 35, 'unused', '2024-08-07 06:24:44'),
(202, 24, 64, 'unused', '2024-08-07 06:24:44'),
(203, 24, 68, 'unused', '2024-08-07 06:24:44'),
(204, 24, 14, 'unused', '2024-08-07 06:24:44'),
(205, 24, 34, 'unused', '2024-08-07 06:24:44'),
(206, 24, 21, 'used', '2024-08-07 06:24:44'),
(207, 24, 60, 'used', '2024-08-07 06:24:44'),
(208, 24, 8, 'used', '2024-08-07 06:24:44'),
(209, 25, 50, 'unused', '2024-08-07 06:24:44'),
(210, 25, 14, 'unused', '2024-08-07 06:24:44'),
(211, 25, 13, 'unused', '2024-08-07 06:24:44'),
(212, 25, 15, 'unused', '2024-08-07 06:24:44'),
(213, 25, 48, 'unused', '2024-08-07 06:24:44'),
(214, 25, 46, 'unused', '2024-08-07 06:24:44'),
(215, 25, 40, 'used', '2024-08-07 06:24:44'),
(216, 25, 56, 'used', '2024-08-07 06:24:44'),
(217, 25, 58, 'used', '2024-08-07 06:24:44'),
(218, 25, 8, 'used', '2024-08-07 06:24:44'),
(219, 25, 68, 'used', '2024-08-07 06:24:44'),
(220, 26, 7, 'unused', '2024-08-07 06:24:44'),
(221, 26, 30, 'unused', '2024-08-07 06:24:44'),
(222, 26, 1, 'unused', '2024-08-07 06:24:44'),
(223, 26, 33, 'unused', '2024-08-07 06:24:44'),
(224, 26, 46, 'unused', '2024-08-07 06:24:44'),
(225, 26, 46, 'unused', '2024-08-07 06:24:44'),
(226, 26, 21, 'used', '2024-08-07 06:24:44'),
(227, 26, 30, 'used', '2024-08-07 06:24:44'),
(228, 26, 32, 'used', '2024-08-07 06:24:44'),
(229, 26, 30, 'used', '2024-08-07 06:24:44'),
(230, 27, 16, 'unused', '2024-08-07 06:24:44'),
(231, 27, 50, 'unused', '2024-08-07 06:24:44'),
(232, 27, 45, 'unused', '2024-08-07 06:24:44'),
(233, 27, 28, 'unused', '2024-08-07 06:24:44'),
(234, 27, 44, 'used', '2024-08-07 06:24:44'),
(235, 27, 14, 'used', '2024-08-07 06:24:44'),
(236, 27, 38, 'used', '2024-08-07 06:24:44'),
(237, 28, 43, 'unused', '2024-08-07 06:24:44'),
(238, 28, 45, 'unused', '2024-08-07 06:24:44'),
(239, 28, 51, 'unused', '2024-08-07 06:24:44'),
(240, 28, 2, 'unused', '2024-08-07 06:24:44'),
(241, 28, 34, 'used', '2024-08-07 06:24:44'),
(242, 29, 69, 'unused', '2024-08-07 06:24:44'),
(243, 29, 2, 'unused', '2024-08-07 06:24:44'),
(244, 29, 1, 'unused', '2024-08-07 06:24:44'),
(245, 29, 63, 'unused', '2024-08-07 06:24:44'),
(246, 29, 3, 'unused', '2024-08-07 06:24:44'),
(247, 29, 3, 'unused', '2024-08-07 06:24:44'),
(248, 29, 30, 'unused', '2024-08-07 06:24:44'),
(249, 29, 14, 'unused', '2024-08-07 06:24:44'),
(250, 29, 15, 'used', '2024-08-07 06:24:44'),
(251, 30, 25, 'unused', '2024-08-07 06:24:44'),
(252, 30, 52, 'unused', '2024-08-07 06:24:44'),
(253, 30, 20, 'unused', '2024-08-07 06:24:44'),
(254, 30, 55, 'unused', '2024-08-07 06:24:44'),
(255, 30, 67, 'unused', '2024-08-07 06:24:44'),
(256, 30, 4, 'unused', '2024-08-07 06:24:44'),
(257, 30, 62, 'unused', '2024-08-07 06:24:44'),
(258, 30, 58, 'unused', '2024-08-07 06:24:44'),
(259, 30, 11, 'used', '2024-08-07 06:24:44'),
(260, 30, 53, 'used', '2024-08-07 06:24:44'),
(261, 30, 15, 'used', '2024-08-07 06:24:44'),
(262, 30, 5, 'used', '2024-08-07 06:24:44'),
(263, 31, 22, 'unused', '2024-08-07 06:24:44'),
(264, 31, 70, 'unused', '2024-08-07 06:24:44'),
(265, 31, 45, 'unused', '2024-08-07 06:24:44'),
(266, 31, 11, 'unused', '2024-08-07 06:24:44'),
(267, 31, 66, 'unused', '2024-08-07 06:24:44'),
(268, 31, 51, 'unused', '2024-08-07 06:24:44'),
(269, 31, 3, 'unused', '2024-08-07 06:24:44'),
(270, 31, 10, 'used', '2024-08-07 06:24:44'),
(271, 31, 61, 'used', '2024-08-07 06:24:44'),
(272, 31, 2, 'used', '2024-08-07 06:24:44'),
(273, 31, 19, 'used', '2024-08-07 06:24:44'),
(274, 32, 63, 'unused', '2024-08-07 06:24:44'),
(275, 32, 62, 'unused', '2024-08-07 06:24:44'),
(276, 32, 39, 'unused', '2024-08-07 06:24:44'),
(277, 32, 37, 'unused', '2024-08-07 06:24:44'),
(278, 32, 5, 'used', '2024-08-07 06:24:44'),
(279, 32, 10, 'used', '2024-08-07 06:24:44'),
(280, 32, 41, 'used', '2024-08-07 06:24:44'),
(281, 32, 38, 'used', '2024-08-07 06:24:44'),
(282, 33, 69, 'unused', '2024-08-07 06:24:44'),
(283, 33, 52, 'unused', '2024-08-07 06:24:44'),
(284, 33, 16, 'unused', '2024-08-07 06:24:44'),
(285, 33, 21, 'unused', '2024-08-07 06:24:44'),
(286, 33, 12, 'unused', '2024-08-07 06:24:44'),
(287, 33, 4, 'unused', '2024-08-07 06:24:44'),
(288, 33, 47, 'used', '2024-08-07 06:24:44'),
(289, 33, 54, 'used', '2024-08-07 06:24:44'),
(290, 33, 64, 'used', '2024-08-07 06:24:44'),
(291, 33, 58, 'used', '2024-08-07 06:24:44'),
(292, 33, 6, 'used', '2024-08-07 06:24:44'),
(293, 34, 68, 'unused', '2024-08-07 06:24:44'),
(294, 34, 54, 'unused', '2024-08-07 06:24:44'),
(295, 34, 9, 'unused', '2024-08-07 06:24:44'),
(296, 34, 43, 'unused', '2024-08-07 06:24:44'),
(297, 34, 4, 'unused', '2024-08-07 06:24:44'),
(298, 34, 58, 'unused', '2024-08-07 06:24:44'),
(299, 34, 66, 'used', '2024-08-07 06:24:44'),
(300, 34, 54, 'used', '2024-08-07 06:24:44'),
(301, 34, 25, 'used', '2024-08-07 06:24:44'),
(302, 34, 38, 'used', '2024-08-07 06:24:44'),
(303, 34, 56, 'used', '2024-08-07 06:24:44'),
(304, 35, 64, 'unused', '2024-08-07 06:24:44'),
(305, 35, 52, 'unused', '2024-08-07 06:24:44'),
(306, 35, 23, 'unused', '2024-08-07 06:24:44'),
(307, 35, 28, 'unused', '2024-08-07 06:24:44'),
(308, 35, 38, 'used', '2024-08-07 06:24:44'),
(309, 35, 42, 'used', '2024-08-07 06:24:44'),
(310, 35, 40, 'used', '2024-08-07 06:24:44'),
(311, 35, 4, 'used', '2024-08-07 06:24:44'),
(312, 36, 55, 'unused', '2024-08-07 06:24:44'),
(313, 36, 64, 'unused', '2024-08-07 06:24:44'),
(314, 36, 34, 'unused', '2024-08-07 06:24:44'),
(315, 36, 15, 'unused', '2024-08-07 06:24:44'),
(316, 36, 29, 'unused', '2024-08-07 06:24:44'),
(317, 36, 66, 'unused', '2024-08-07 06:24:44'),
(318, 36, 42, 'unused', '2024-08-07 06:24:44'),
(319, 36, 32, 'used', '2024-08-07 06:24:44'),
(320, 36, 31, 'used', '2024-08-07 06:24:44'),
(321, 37, 4, 'unused', '2024-08-07 06:24:44'),
(322, 37, 10, 'unused', '2024-08-07 06:24:44'),
(323, 37, 45, 'unused', '2024-08-07 06:24:44'),
(324, 37, 46, 'unused', '2024-08-07 06:24:44'),
(325, 37, 67, 'unused', '2024-08-07 06:24:44'),
(326, 37, 49, 'unused', '2024-08-07 06:24:44'),
(327, 37, 5, 'used', '2024-08-07 06:24:44'),
(328, 38, 40, 'unused', '2024-08-07 06:24:44'),
(329, 38, 52, 'unused', '2024-08-07 06:24:44'),
(330, 38, 48, 'unused', '2024-08-07 06:24:44'),
(331, 38, 56, 'unused', '2024-08-07 06:24:44'),
(332, 38, 70, 'used', '2024-08-07 06:24:44'),
(333, 38, 59, 'used', '2024-08-07 06:24:44'),
(334, 38, 66, 'used', '2024-08-07 06:24:44'),
(335, 38, 27, 'used', '2024-08-07 06:24:44'),
(336, 38, 17, 'used', '2024-08-07 06:24:44'),
(337, 39, 27, 'unused', '2024-08-07 06:24:44'),
(338, 39, 69, 'unused', '2024-08-07 06:24:44'),
(339, 39, 14, 'unused', '2024-08-07 06:24:44'),
(340, 39, 68, 'unused', '2024-08-07 06:24:44'),
(341, 39, 56, 'used', '2024-08-07 06:24:44'),
(342, 39, 48, 'used', '2024-08-07 06:24:44'),
(343, 39, 3, 'used', '2024-08-07 06:24:44'),
(344, 39, 64, 'used', '2024-08-07 06:24:44'),
(345, 39, 53, 'used', '2024-08-07 06:24:44'),
(346, 40, 35, 'unused', '2024-08-07 06:24:44'),
(347, 40, 48, 'unused', '2024-08-07 06:24:44'),
(348, 40, 37, 'unused', '2024-08-07 06:24:44'),
(349, 40, 9, 'used', '2024-08-07 06:24:44'),
(350, 40, 55, 'used', '2024-08-07 06:24:44'),
(351, 40, 60, 'used', '2024-08-07 06:24:44'),
(352, 40, 46, 'used', '2024-08-07 06:24:44'),
(353, 41, 25, 'unused', '2024-08-07 06:24:44'),
(354, 41, 4, 'unused', '2024-08-07 06:24:44'),
(355, 41, 54, 'unused', '2024-08-07 06:24:44'),
(356, 41, 6, 'unused', '2024-08-07 06:24:44'),
(357, 41, 66, 'unused', '2024-08-07 06:24:44'),
(358, 41, 1, 'used', '2024-08-07 06:24:44'),
(359, 41, 67, 'used', '2024-08-07 06:24:44'),
(360, 41, 34, 'used', '2024-08-07 06:24:44'),
(361, 42, 65, 'unused', '2024-08-07 06:24:44'),
(362, 42, 8, 'unused', '2024-08-07 06:24:44'),
(363, 42, 10, 'unused', '2024-08-07 06:24:44'),
(364, 42, 8, 'unused', '2024-08-07 06:24:44'),
(365, 42, 42, 'unused', '2024-08-07 06:24:44'),
(366, 42, 68, 'unused', '2024-08-07 06:24:44'),
(367, 42, 38, 'used', '2024-08-07 06:24:44'),
(368, 42, 13, 'used', '2024-08-07 06:24:44'),
(369, 42, 44, 'used', '2024-08-07 06:24:44'),
(370, 43, 25, 'unused', '2024-08-07 06:24:44'),
(371, 43, 58, 'unused', '2024-08-07 06:24:44'),
(372, 43, 45, 'unused', '2024-08-07 06:24:44'),
(373, 43, 35, 'used', '2024-08-07 06:24:44'),
(374, 44, 13, 'unused', '2024-08-07 06:24:44'),
(375, 44, 27, 'unused', '2024-08-07 06:24:44'),
(376, 44, 24, 'unused', '2024-08-07 06:24:44'),
(377, 44, 58, 'unused', '2024-08-07 06:24:44'),
(378, 44, 7, 'used', '2024-08-07 06:24:44'),
(379, 44, 10, 'used', '2024-08-07 06:24:44'),
(380, 44, 71, 'used', '2024-08-07 06:24:44'),
(381, 45, 51, 'unused', '2024-08-07 06:24:44'),
(382, 45, 29, 'unused', '2024-08-07 06:24:44'),
(383, 45, 22, 'unused', '2024-08-07 06:24:44'),
(384, 45, 29, 'unused', '2024-08-07 06:24:44'),
(385, 45, 34, 'unused', '2024-08-07 06:24:44'),
(386, 45, 62, 'unused', '2024-08-07 06:24:44'),
(387, 45, 56, 'unused', '2024-08-07 06:24:44'),
(388, 45, 51, 'unused', '2024-08-07 06:24:44'),
(389, 45, 23, 'used', '2024-08-07 06:24:44'),
(390, 45, 37, 'used', '2024-08-07 06:24:44'),
(391, 46, 27, 'unused', '2024-08-07 06:24:44'),
(392, 46, 23, 'unused', '2024-08-07 06:24:44'),
(393, 46, 35, 'unused', '2024-08-07 06:24:44'),
(394, 46, 60, 'unused', '2024-08-07 06:24:44'),
(395, 46, 47, 'unused', '2024-08-07 06:24:44'),
(396, 46, 29, 'unused', '2024-08-07 06:24:44'),
(397, 46, 50, 'unused', '2024-08-07 06:24:44'),
(398, 46, 7, 'used', '2024-08-07 06:24:44'),
(399, 46, 35, 'used', '2024-08-07 06:24:44'),
(400, 46, 63, 'used', '2024-08-07 06:24:44'),
(401, 47, 70, 'unused', '2024-08-07 06:24:44'),
(402, 47, 44, 'unused', '2024-08-07 06:24:44'),
(403, 47, 30, 'unused', '2024-08-07 06:24:44'),
(404, 47, 30, 'unused', '2024-08-07 06:24:44'),
(405, 47, 23, 'unused', '2024-08-07 06:24:44'),
(406, 47, 26, 'unused', '2024-08-07 06:24:44'),
(407, 47, 66, 'used', '2024-08-07 06:24:44'),
(408, 47, 24, 'used', '2024-08-07 06:24:44'),
(409, 47, 69, 'used', '2024-08-07 06:24:44'),
(410, 47, 11, 'used', '2024-08-07 06:24:44'),
(411, 47, 53, 'used', '2024-08-07 06:24:44'),
(412, 48, 53, 'unused', '2024-08-07 06:24:44'),
(413, 48, 53, 'unused', '2024-08-07 06:24:44'),
(414, 48, 71, 'unused', '2024-08-07 06:24:44'),
(415, 48, 47, 'unused', '2024-08-07 06:24:44'),
(416, 48, 16, 'unused', '2024-08-07 06:24:44'),
(417, 48, 22, 'unused', '2024-08-07 06:24:44'),
(418, 48, 49, 'unused', '2024-08-07 06:24:44'),
(419, 48, 36, 'used', '2024-08-07 06:24:44'),
(420, 48, 38, 'used', '2024-08-07 06:24:44'),
(421, 48, 9, 'used', '2024-08-07 06:24:44'),
(422, 49, 1, 'unused', '2024-08-07 06:24:44'),
(423, 49, 47, 'unused', '2024-08-07 06:24:44'),
(424, 49, 44, 'unused', '2024-08-07 06:24:44'),
(425, 49, 69, 'unused', '2024-08-07 06:24:44'),
(426, 49, 48, 'used', '2024-08-07 06:24:44'),
(427, 50, 59, 'unused', '2024-08-07 06:24:44'),
(428, 50, 29, 'unused', '2024-08-07 06:24:44'),
(429, 50, 30, 'unused', '2024-08-07 06:24:44'),
(430, 50, 18, 'unused', '2024-08-07 06:24:44'),
(431, 50, 3, 'unused', '2024-08-07 06:24:44'),
(432, 50, 71, 'unused', '2024-08-07 06:24:44'),
(433, 50, 42, 'used', '2024-08-07 06:24:44'),
(434, 50, 33, 'used', '2024-08-07 06:24:44'),
(435, 50, 55, 'used', '2024-08-07 06:24:44'),
(437, 98, 72, 'unused', '2024-08-30 16:36:51'),
(438, 98, 28, 'unused', '2024-08-30 16:37:01'),
(439, 99, 73, 'unused', '2024-08-30 16:47:23'),
(440, 99, 70, 'unused', '2024-08-30 16:47:34'),
(442, 99, 47, 'unused', '2024-08-30 17:57:07'),
(443, 99, 16, 'unused', '2024-08-30 17:58:22'),
(445, 99, 27, 'unused', '2024-09-04 15:18:27'),
(446, 100, 74, 'unused', '2024-09-05 16:24:19'),
(447, 102, 75, 'unused', '2024-09-05 17:21:17'),
(448, 102, 1, 'unused', '2024-09-05 17:23:26'),
(449, 102, 70, 'unused', '2024-09-05 17:23:38'),
(451, 6, 76, 'used', '2024-09-05 20:36:00'),
(452, 6, 1, 'unused', '2024-09-05 20:36:21'),
(453, 4, 77, 'unused', '2024-09-06 18:12:42'),
(454, 1, 47, 'unused', '2024-09-09 09:31:12'),
(455, 1, 2, 'unused', '2024-09-09 10:34:14'),
(456, 1, 23, 'unused', '2024-09-09 10:35:04');

-- --------------------------------------------------------

--
-- 資料表結構 `course`
--

CREATE TABLE `course` (
  `id` int(5) UNSIGNED NOT NULL,
  `course_name` varchar(50) NOT NULL,
  `category_id` int(3) NOT NULL,
  `content` text NOT NULL,
  `price` int(6) UNSIGNED NOT NULL,
  `images` varchar(50) NOT NULL,
  `file` varchar(255) NOT NULL,
  `created_at` datetime NOT NULL,
  `updated_at` datetime NOT NULL,
  `on_datetime` date NOT NULL,
  `off_datetime` date NOT NULL,
  `valid` tinyint(4) NOT NULL DEFAULT 1
) ENGINE=InnoDB DEFAULT CHARSET=utf8mb4 COLLATE=utf8mb4_unicode_ci;

--
-- 傾印資料表的資料 `course`
--

INSERT INTO `course` (`id`, `course_name`, `category_id`, `content`, `price`, `images`, `file`, `created_at`, `updated_at`, `on_datetime`, `off_datetime`, `valid`) VALUES
(1, '麻將大師之路：掌握技巧、精通策略。拆臭下車的時機及心法', 2, '這是麻將大師的內容摘要。本章節主要介紹了如何拆臭下車基礎概念，其為17堂吳老師麻將系列課程的第一堂。\n《麻將大師之路：掌握技巧、精通策略》深入解析拆臭下車的時機及心法，助你快速提升麻將水平，成為真正的大師。立即觀看，讓技巧與策略引領你的麻將之旅！', 1000, '1mahjong.jpg', 'go1.mp4', '2024-05-28 15:09:26', '2024-05-28 15:09:26', '2024-05-05', '2024-06-06', 1),
(2, '麻將魔法學堂：從入門到高手，魔法一步步展開', 2, '這是第2章的內容摘要。本章深入探討了進階理論。', 4000, '2mahjong.jpg', 'go2.mp4', '2024-05-28 15:09:26', '2024-05-28 15:09:26', '2024-05-30', '2024-06-08', 1),
(3, '麻將心理戰：揭秘對手心理，勝利在指間', 2, '這是第3章的內容摘要。本章開始實踐先前學到的知識。', 3000, '3mahjong.jpg', 'go3.mp4', '2024-05-28 15:09:26', '2024-05-28 15:09:26', '2024-06-01', '2024-06-27', 1),
(4, '麻將策略工坊：戰術、布局，學會讓牌在你手中說話', 2, '這是第4章的內容摘要。本章討論了問題解決的技巧。', 10000, '4mahjong.jpg', 'go4.mp4', '2024-05-28 15:09:26', '2024-05-28 15:09:26', '2024-06-02', '2024-06-21', 1),
(5, '麻將智慧班：腦力激盪、思維拓展，用智慧擊敗對手', 2, '這是第5章的內容摘要。本章介紹了常見錯誤及其避免方法。', 10000, '5mahjong.jpg', 'go5.mp4', '2024-05-28 15:09:26', '2024-05-28 15:09:26', '2024-06-01', '2024-06-03', 1),
(6, '麻將大師班：從菜鳥到大師，成就你的麻將夢', 2, '這是第6章的內容摘要。本章回顧並鞏固了前面幾章的知識。', 1100, '6mahjong.jpg', 'go6.mp4', '2024-05-28 15:09:26', '2024-05-28 15:09:26', '2024-06-02', '2024-06-19', 1),
(7, '麻將魅力課：深入探索麻將的神奇魅力，迷人不已', 2, '這是第7章的內容摘要。本章進入更專業的領域。', 800, '7mahjong.jpg', 'go7.mp4', '2024-05-28 15:09:26', '2024-05-28 15:09:26', '2024-05-24', '2024-05-30', 1),
(8, '麻將戰略密技：揭開麻將的奧秘，讓你成為贏家', 2, '這是第8章的內容摘要。本章介紹了實用的工具和技術。', 900, '8mahjong.jpg', 'go8.mp4', '2024-05-28 15:09:26', '2024-05-28 15:09:26', '2024-05-23', '2024-05-30', 1),
(9, '麻將風雲計：預測風向、把握大勢，制霸麻將桌', 2, '這是第9章的內容摘要。本章探討了有趣的案例研究。', 400, '9mahjong.jpg', 'go9.mp4', '2024-05-28 15:09:26', '2024-05-28 15:09:26', '2024-05-22', '2024-05-30', 1),
(10, '麻將之道：修煉心境、融入文化，探索麻將的深層魅力', 2, '這是第10章的內容摘要。本章總結了第一部分的內容。', 3000, '10mahjong.jpg', 'go10.mp4', '2024-05-28 15:09:26', '2024-05-28 15:09:26', '2024-05-05', '2024-06-06', 1),
(11, '圍棋教室：兒童啟蒙課，打破0基礎，為兒童設計的圍棋課', 3, '專為零基礎的小朋友打造的啟蒙課程，透過生動的動畫與親和力十足的嘉嘉老師，讓您的孩子能夠在快樂學棋的環境中，開啟獨立思考的大門。\n集結棋界豐富兒童教學經驗的專業師資團隊，為零基礎的小朋友打造的圍棋啟蒙課程！\n1. 互動式影音課程 4 堂，可重複觀看\n2. 附贈 1 個月 VIP 方案\n3. 附贈 G19 模擬檢定\n4. 課程平台可重複使用（對弈、做題、AI 覆盤一站完成）', 5555, '1go.jpg', 'go1.mp4', '2024-06-06 10:40:40', '0000-00-00 00:00:00', '2024-05-26', '2024-10-31', 1),
(12, '圍棋教室：發掘棋藝之道，與棋友共成長', 3, '這是第12章的內容摘要。本章學習如何應用理論解決實際問題。', 5566, '2go.jpg', 'go2.mp4', '2024-06-06 11:08:29', '0000-00-00 00:00:00', '2024-06-03', '2024-06-27', 1),
(13, '圍棋教室：追尋棋路，探索智慧之門', 3, '這是第13章的內容摘要。本章介紹了一些高級概念。', 77775, '3go.jpg', 'go3.mp4', '2024-06-06 11:10:24', '0000-00-00 00:00:00', '2024-05-26', '2024-10-09', 1),
(14, '從零開始學撲克：從初學者到高手的進化之路', 1, '這是第14章的內容摘要。本章探討了該領域的最新發展。', 3000, '1poker.jpg', 'go4.mp4', '2024-05-28 15:09:26', '2024-05-28 15:09:26', '2024-06-01', '2025-05-04', 1),
(15, '從零開始學撲克：挑戰極限，一步一步成為撲克大師', 1, '這是第15章的內容摘要。本章進行了一些有趣的實驗和練習。', 3000, '2poker.jpg', 'go5.mp4', '2024-05-28 15:09:26', '2024-05-28 15:09:26', '2024-06-01', '2025-05-04', 1),
(16, '從零開始撲克：掌握技巧、展現智慧', 1, '這是第16章的內容摘要。本章介紹了重要的研究方法。', 3000, '3poker.jpg', 'go6.mp4', '2024-05-28 15:09:26', '2024-05-28 15:09:26', '2024-06-01', '2025-05-04', 1),
(17, '從零開始撲克：從棋盤的那一端開始，成就撲克的巔峰', 1, '這是第17章的內容摘要。本章深入探討了常見的誤解。', 3000, '4poker.jpg', 'go7.mp4', '2024-05-28 15:09:26', '2024-05-28 15:09:26', '2024-06-01', '2025-05-04', 1),
(18, '從零開始學撲克：策略、佈局，讓你成為撲克的王者', 1, '這是第18章的內容摘要。本章學習如何進行有效的團隊合作。', 3000, '5poker.jpg', 'go8.mp4', '2024-05-28 15:09:26', '2024-05-28 15:09:26', '2024-06-01', '2025-05-04', 1),
(19, '從零開始學撲克：磨練技能，勝利在眼前', 1, '這是第19章的內容摘要。本章介紹了實用的職業技能。', 3000, '6poker.jpg', 'go9.mp4', '2024-05-28 15:09:26', '2024-05-28 15:09:26', '2024-06-01', '2025-05-04', 1),
(20, '從零開始學撲克：挑戰自我極限，突破撲克的困難', 1, '這是第20章的內容摘要。本章是第二部分的總結。', 3000, '7poker.jpg', 'go10.mp4', '2024-05-28 15:09:26', '2024-05-28 15:09:26', '2024-06-01', '2025-05-04', 1),
(21, '從零開始學撲克：揭開撲克的奧秘，贏在棋局中', 1, '這是第21章的內容摘要。本章開始了全新的主題。', 3000, '8poker.jpg', 'go1.mp4', '2024-05-28 15:09:26', '2024-05-28 15:09:26', '2024-06-01', '2025-05-04', 1),
(22, '從零開始學撲克：戰勝對手，成為撲克的王者', 1, '這是第22章的內容摘要。本章深入研究了複雜的案例。', 3000, '9poker.jpg', 'go2.mp4', '2024-05-28 15:09:26', '2024-05-28 15:09:26', '2024-06-01', '2025-05-04', 1),
(23, '從零開始學撲克', 1, '這是第23章的內容摘要。本章介紹了關鍵的理論框架。', 3000, '10poker.jpg', 'go3.mp4', '2024-05-28 15:09:26', '2024-05-28 15:09:26', '2024-06-01', '2025-05-04', 1),
(24, '麻將課：戰術、策略，成就你的麻將夢', 2, '這是第24章的內容摘要。本章探討了該領域的歷史發展。', 3000, '4mahjong.jpg', 'go4.mp4', '2024-05-28 15:09:26', '2024-05-28 15:09:26', '2024-06-01', '2025-05-04', 1),
(25, '麻將課：從菜鳥到大師，體驗麻將的魅力', 2, '這是第25章的內容摘要。本章學習如何進行數據分析。', 3000, '5mahjong.jpg', 'go5.mp4', '2024-05-28 15:09:26', '2024-05-28 15:09:26', '2024-06-01', '2025-05-04', 1),
(26, '麻將課：發揮智慧，挑戰對手的極限', 2, '這是第26章的內容摘要。本章介紹了創新的解決方案。', 3000, '6mahjong.jpg', 'go6.mp4', '2024-05-28 15:09:26', '2024-05-28 15:09:26', '2024-06-01', '2025-05-04', 1),
(27, '麻將課：從麻將桌上的每一局開始，提升你的技能', 2, '這是第27章的內容摘要。本章探討了常見的倫理問題。', 3000, '7mahjong.jpg', 'go7.mp4', '2024-05-28 15:09:26', '2024-05-28 15:09:26', '2024-06-01', '2025-05-04', 1),
(28, '麻將課：掌握牌局節奏，探索麻將的精髓', 2, '這是第28章的內容摘要。本章學習如何撰寫專業報告。', 3000, '8mahjong.jpg', 'go8.mp4', '2024-05-28 15:09:26', '2024-05-28 15:09:26', '2024-06-01', '2025-05-04', 1),
(29, '麻將課：從零開始，追尋麻將之道', 2, '這是第29章的內容摘要。本章介紹了質量控制技巧。', 3000, '9mahjong.jpg', 'go9.mp4', '2024-05-28 15:09:26', '2024-05-28 15:09:26', '2024-06-01', '2025-05-04', 1),
(30, '麻將課：揭開麻將的奧秘，成就你的麻將之夢', 2, '這是第30章的內容摘要。本章是第三部分的總結。', 3000, '10mahjong.jpg', 'go10.mp4', '2024-05-28 15:09:26', '2024-05-28 15:09:26', '2024-06-01', '2025-05-04', 1),
(31, '麻將課：挑戰對手，成為麻將大師', 2, '這是第31章的內容摘要。本章開始探討更專業的主題。', 3000, '1mahjong.jpg', 'go1.mp4', '2024-05-28 15:09:26', '2024-05-28 15:09:26', '2024-06-01', '2025-05-04', 1),
(32, '麻將課：探索麻將的深層魅力', 2, '這是第32章的內容摘要。本章學習如何應對複雜情況。', 3000, '2mahjong.jpg', 'go2.mp4', '2024-05-28 15:09:26', '2024-05-28 15:09:26', '2024-06-01', '2025-05-04', 1),
(33, '麻將課麻將課：從入門到高手，掌握麻將的奧秘', 2, '這是第33章的內容摘要。本章介紹了先進的技術和工具。', 3000, '3mahjong.jpg', 'go3.mp4', '2024-05-28 15:09:26', '2024-05-28 15:09:26', '2024-06-01', '2025-05-04', 1),
(34, '圍棋教室：向圍棋的大師學習，成為棋藝的高手', 3, '這是第34章的內容摘要。本章探討了未來發展方向。', 3000, '4go.jpg', 'go4.mp4', '2024-05-28 15:09:26', '2024-05-28 15:09:26', '2024-06-01', '2025-05-04', 1),
(35, '圍棋教室：從入門到進階，掌握圍棋的技巧', 3, '這是第35章的內容摘要。本章進行了高級的模擬實驗。', 3000, '5go.jpg', 'go5.mp4', '2024-05-28 15:09:26', '2024-05-28 15:09:26', '2024-06-01', '2025-05-04', 1),
(36, '圍棋教室：挑戰棋局，突破圍棋的困難', 3, '這是第36章的內容摘要。本章介紹了跨學科的研究方法。', 3000, '6go.jpg', 'go6.mp4', '2024-05-28 15:09:26', '2024-05-28 15:09:26', '2024-06-01', '2025-05-04', 1),
(37, '圍棋教室：追尋圍棋的智慧之光', 3, '這是第37章的內容摘要。本章探討了具挑戰性的理論問題。', 3000, '7go.jpg', 'go7.mp4', '2024-05-28 15:09:26', '2024-05-28 15:09:26', '2024-06-01', '2025-05-04', 1),
(38, '圍棋教室：在棋盤上追尋智慧，開啟圍棋之路', 3, '這是第38章的內容摘要。本章學習項目管理技巧。', 3000, '8go.jpg', 'go8.mp4', '2024-05-28 15:09:26', '2024-05-28 15:09:26', '2024-06-01', '2025-05-04', 1),
(39, '圍棋教室：從初學者到高手，掌握圍棋的精髓', 3, '這是第39章的內容摘要。本章介紹了決策制定策略。', 3000, '9go.jpg', 'go9.mp4', '2024-05-28 15:09:26', '2024-05-28 15:09:26', '2024-06-01', '2025-05-04', 1),
(40, '圍棋教室：尋找棋路，探索棋藝', 3, '這是第40章的內容摘要。本章是第四部分的總結。', 3000, '10go.jpg', 'go10.mp4', '2024-05-28 15:09:26', '2024-05-28 15:09:26', '2024-06-01', '2025-05-04', 1),
(41, '圍棋教室：挑戰自我極限，成為圍棋的王者', 3, '這是第41章的內容摘要。本章開始最後的學習單元。', 3000, '1go.jpg', 'go1.mp4', '2024-05-28 15:09:26', '2024-05-28 15:09:26', '2024-06-01', '2025-05-04', 1),
(42, '圍棋教室：與好友一同奮戰，體驗圍棋的樂趣', 3, '這是第42章的內容摘要。本章探討了高級研究主題。', 3000, '2go.jpg', 'go2.mp4', '2024-05-28 15:09:26', '2024-05-28 15:09:26', '2024-06-01', '2025-05-04', 1),
(43, '圍棋教室：征服棋盤，成為圍棋大師', 3, '這是第43章的內容摘要。本章介紹了前沿技術發展。', 3000, '3go.jpg', 'go3.mp4', '2024-05-28 15:09:26', '2024-05-28 15:09:26', '2024-06-01', '2025-05-04', 1),
(44, '圍棋教室：追尋智慧之光，成就棋藝', 3, '這是第44章的內容摘要。本章分析了複雜系統結構。', 3000, '4go.jpg', 'go4.mp4', '2024-05-28 15:09:26', '2024-05-28 15:09:26', '2024-06-01', '2025-05-04', 1),
(45, '圍棋教室：掌握棋局節奏，挑戰棋友', 3, '這是第45章的內容摘要。本章學習風險評估和管理。', 3000, '5go.jpg', 'go5.mp4', '2024-05-28 15:09:26', '2024-05-28 15:09:26', '2024-06-01', '2025-05-04', 1),
(46, '圍棋教室：從初學者到高手，追尋圍棋之路', 3, '這是第46章的內容摘要。本章介紹了創新思維方式。', 3000, '6go.jpg', 'go6.mp4', '2024-05-28 15:09:26', '2024-05-28 15:09:26', '2024-06-01', '2025-05-04', 1),
(47, '圍棋教室：挑戰自我極限，征服圍棋的頂峰', 3, '這是第47章的內容摘要。本章探討了全球性挑戰。', 3000, '7go.jpg', 'go7.mp4', '2024-05-28 15:09:26', '2024-05-28 15:09:26', '2024-06-01', '2025-05-04', 1),
(48, '圍棋教室：探索圍棋的奧秘，成就棋技', 3, '這是第48章的內容摘要。本章學習知識的實際應用。', 3000, '8go.jpg', 'go8.mp4', '2024-05-28 15:09:26', '2024-05-28 15:09:26', '2024-06-01', '2025-05-04', 1),
(49, '西洋棋進階班：提升棋力，成為西洋棋高手', 4, '這是第49章的內容摘要。本章介紹了高級分析技術。', 3000, '1chess.jpg', 'go9.mp4', '2024-05-28 15:09:26', '2024-05-28 15:09:26', '2024-06-01', '2025-05-04', 1),
(50, '西洋棋進階班：從初學者到大師，掌握西洋棋的技巧', 4, '這是第50章的內容摘要。本章總結了整個課程內容。', 3000, '2chess.jpg', 'go10.mp4', '2024-05-28 15:09:26', '2024-05-28 15:09:26', '2024-06-01', '2025-05-04', 1),
(51, '西洋棋進階班：挑戰對手，成就西洋棋的巔峰', 4, '學習西洋棋的基本規則和國際棋盤的擺放，適合初學者入門。', 3000, '3chess.jpg', 'v10.mp4', '2024-05-28 15:09:26', '2024-05-28 15:09:26', '2024-06-01', '2025-05-04', 1),
(52, '西洋棋進階班：發揮智慧，戰勝對手的每一步', 4, '深入了解西洋棋各棋子的走法與策略，提升開局技巧。', 3000, '4chess.jpg', 'v10.mp4', '2024-05-28 15:09:26', '2024-05-28 15:09:26', '2024-06-01', '2025-05-04', 1),
(53, '西洋棋進階班：從入門到進階，追尋西洋棋的奧秘', 4, '掌握中盤戰術，如何控制棋盤中心及佈局計劃。', 3000, '5chess.jpg', 'v10.mp4', '2024-05-28 15:09:26', '2024-05-28 15:09:26', '2024-06-01', '2025-05-04', 1),
(54, '西洋棋進階班：突破自我極限，提升西洋棋的水準', 4, '學習不同開局如義大利開局、法國防禦等，為你的棋局打下穩固基礎。', 3000, '6chess.jpg', 'v10.mp4', '2024-05-28 15:09:26', '2024-05-28 15:09:26', '2024-06-01', '2025-05-04', 1),
(55, '西洋棋進階班：與好友一同挑戰，體驗西洋棋的樂趣', 4, '專注於西洋棋的終盤技巧，學會如何將對手逼入困境並取勝。', 3000, '7chess.jpg', 'v10.mp4', '2024-05-28 15:09:26', '2024-05-28 15:09:26', '2024-06-01', '2025-05-04', 1),
(56, '西洋棋進階班：從零開始，揭開西洋棋的神秘', 4, '運用西洋棋的攻擊戰術，如閃擊、夾攻及鉤刺，提升棋力。', 3000, '8chess.jpg', 'v10.mp4', '2024-05-28 15:09:26', '2024-05-28 15:09:26', '2024-06-01', '2025-05-04', 1),
(57, '西洋棋進階班：挑戰自我極限，成為西洋棋的王者', 4, '探索防守策略，學會如何防止對手的致命攻擊。', 3000, '9chess.jpg', 'v10.mp4', '2024-05-28 15:09:26', '2024-05-28 15:09:26', '2024-06-01', '2025-05-04', 1),
(58, '西洋棋進階班：從初學者到高手，掌握西洋棋的精髓', 4, '介紹歷史上的經典棋局，學習大師們的思考方式與策略。', 3000, '10chess.jpg', 'v10.mp4', '2024-05-28 15:09:26', '2024-05-28 15:09:26', '2024-06-01', '2025-05-04', 1),
(59, '西洋棋進階班：在棋盤上追尋智慧，體驗西洋棋的樂趣', 4, '實戰模擬，通過對局練習掌握如何應對不同類型的對手。', 3000, '1chess.jpg', 'v10.mp4', '2024-05-28 15:09:26', '2024-05-28 15:09:26', '2024-06-01', '2025-05-04', 1),
(60, '西洋棋進階班：提升棋力，突破西洋棋的極限', 4, '學習如何透過犧牲棋子來換取戰略優勢，掌握進攻的藝術。', 3000, '2chess.jpg', 'v10.mp4', '2024-05-28 15:09:26', '2024-05-28 15:09:26', '2024-06-01', '2025-05-04', 1),
(61, '西洋棋進階班：從入門到進階，追尋西洋棋的智慧', 4, '探索西洋棋的戰術陷阱，如何設置並避免棋局中的陷阱。', 3000, '3chess.jpg', 'v10.mp4', '2024-05-28 15:09:26', '2024-05-28 15:09:26', '2024-06-01', '2025-05-04', 1),
(62, '西洋棋進階班：挑戰對手，成為西洋棋的王者', 4, '提高計算能力，學習如何在棋局中快速評估形勢並作出最佳決策。', 3000, '4chess.jpg', 'v10.mp4', '2024-05-28 15:09:26', '2024-05-28 15:09:26', '2024-06-01', '2025-05-04', 1),
(63, '西洋棋進階班：發揮智慧，征服西洋棋的世界', 4, '總結各種常見結局，學會如何利用少量棋子成功將軍。', 3000, '5chess.jpg', 'v10.mp4', '2024-05-28 15:09:26', '2024-05-28 15:09:26', '2024-06-01', '2025-05-04', 1),
(64, '象棋學堂：學習古老遊戲，掌握象棋的精髓', 5, '提高計算能力，學會如何利用少量棋子成功將軍。', 3000, '1shogi.jpg', 'v10.mp4', '2024-05-28 15:09:26', '2024-05-28 15:09:26', '2024-06-01', '2025-05-04', 1),
(65, '象棋學堂：從入門到進階，挑戰象棋的極限', 5, '學習象棋的基本規則和棋盤佈局，適合初學者了解象棋世界。', 3000, '2shogi.jpg', 'v10.mp4', '2024-05-28 15:09:26', '2024-05-28 15:09:26', '2024-06-01', '2025-05-04', 1),
(66, '象棋學堂：追尋智慧之光，征服象棋的頂峰', 5, '深入解析各棋子的走法與功能，掌握士象的防守及車馬炮的進攻。', 3000, '3shogi.jpg', 'v10.mp4', '2024-05-28 15:09:26', '2024-05-28 15:09:26', '2024-06-01', '2025-05-04', 1),
(67, '象棋學堂：探索象棋的奧秘，成就象棋的王者', 5, '學習象棋開局原則，了解常見開局如屏風馬、飛象局的佈局技巧。', 3000, '4shogi.jpg', 'v10.mp4', '2024-05-28 15:09:26', '2024-05-28 15:09:26', '2024-06-01', '2025-05-04', 1),
(68, '象棋學堂：從棋盤上追尋智慧，成為象棋大師', 5, '提升中盤戰術，學會掌控棋盤，運用連環炮及夾擊手法攻擊對手。', 3000, '5shogi.jpg', 'v10.mp4', '2024-05-28 15:09:26', '2024-05-28 15:09:26', '2024-06-01', '2025-05-04', 1),
(69, '象棋學堂：突破自我極限，掌握象棋的技巧', 5, '探討象棋的終盤技巧，如何利用雙車、雙炮結合將死對方。', 3000, '6shogi.jpg', 'v10.mp4', '2024-05-28 15:09:26', '2024-05-28 15:09:26', '2024-06-01', '2025-05-04', 1),
(70, '象棋學堂：智慧之門的啟航者', 5, '學習各種攻擊套路，如巧用車炮配合進行雷霆一擊。', 3000, '7shogi.jpg', 'v10.mp4', '2024-05-28 15:09:26', '2024-05-28 15:09:26', '2024-06-01', '2025-05-04', 1),
(71, '象棋學堂：智慧戰局的掌握者', 5, '防守策略剖析，學習應對對手的猛攻並穩固自身防線。', 3000, '8shogi.jpg', 'v10.mp4', '2024-05-28 15:09:26', '2024-05-28 15:09:26', '2024-06-01', '2025-05-04', 1),
(72, '象棋學堂：古老棋藝的傳承者', 5, '介紹歷史上的經典象棋對局，學習大師級的精彩走法與精妙布局。', 3000, '9shogi.jpg', 'v10.mp4', '2024-05-28 15:09:26', '2024-05-28 15:09:26', '2024-06-01', '2025-05-04', 1),
(73, '象棋學堂：智慧對弈的智者', 5, '實戰演練，通過多樣對局提升應變能力，模擬各種對手的戰術。', 3000, '10shogi.jpg', 'v10.mp4', '2024-05-28 15:09:26', '2024-05-28 15:09:26', '2024-06-01', '2025-05-04', 1),
(74, '象棋學堂：策略佈局的大師', 5, '學會利用犧牲戰術換取位置優勢，掌握以小博大的對弈技巧。', 3000, '1shogi.jpg', 'v10.mp4', '2024-05-28 15:09:26', '2024-05-28 15:09:26', '2024-06-01', '2025-05-04', 1),
(75, '象棋學堂：智慧對局的冠軍', 5, '象棋戰術陷阱解析，如何設置局中陷阱讓對手落入計策。', 3000, '2shogi.jpg', 'v10.mp4', '2024-05-28 15:09:26', '2024-05-28 15:09:26', '2024-06-01', '2025-05-04', 1),
(76, '象棋學堂：智慧之路的追隨者', 5, '提升局面計算能力，學習如何在複雜局面中作出最佳決策。', 3000, '3shogi.jpg', 'v10.mp4', '2024-05-28 15:09:26', '2024-05-28 15:09:26', '2024-06-01', '2025-05-04', 1),
(77, '象棋學堂：智慧棋藝的探索者', 5, '介紹象棋的各種殺法，如何在對方毫無防備時迅速將軍。', 3000, '4shogi.jpg', 'v10.mp4', '2024-05-28 15:09:26', '2024-05-28 15:09:26', '2024-06-01', '2025-05-04', 1),
(78, '象棋學堂：智慧之光的引導者', 5, '學習雙車殺、單馬殺等經典結局技巧，掌握精確的攻擊手法。', 3000, '5shogi.jpg', 'v10.mp4', '2024-05-28 15:09:26', '2024-05-28 15:09:26', '2024-06-01', '2025-05-04', 1),
(79, '象棋學堂：智慧象棋的學者', 5, '分析各類經典棋局總結，學習在劣勢中逆轉對手的思路與方法。', 3000, '6shogi.jpg', 'v10.mp4', '2024-05-28 15:09:26', '2024-05-28 15:09:26', '2024-06-01', '2025-05-04', 1),
(80, '象棋學堂：智慧決策的掌握者', 5, '專注於象棋的實戰應用，學會根據對手風格靈活調整戰術。', 3000, '7shogi.jpg', 'v10.mp4', '2024-05-28 15:09:26', '2024-05-28 15:09:26', '2024-06-01', '2025-05-04', 1),
(81, '象棋學堂：古老棋藝的後繼者', 5, '了解象棋布局陷阱，學會如何避免和應對對手的陷阱設置。', 3000, '8shogi.jpg', 'v10.mp4', '2024-05-28 15:09:26', '2024-05-28 15:09:26', '2024-06-01', '2025-05-04', 1),
(82, '象棋學堂：智慧棋路的開拓者', 5, '學習車炮聯合作戰的進攻模式，強化進攻的連貫性和爆發力。', 3000, '9shogi.jpg', 'v10.mp4', '2024-05-28 15:09:26', '2024-05-28 15:09:26', '2024-06-01', '2025-05-04', 1),
(83, '象棋學堂：策略布局的藝術家', 5, '精通象棋中的“閃擊戰”，如何快速形成攻勢並給對手壓力。', 3000, '10shogi.jpg', 'v10.mp4', '2024-05-28 15:09:26', '2024-05-28 15:09:26', '2024-06-01', '2025-05-04', 1),
(84, '象棋學堂：智慧對弈的高手', 5, '探索象棋的各種變化，如何利用變化路線讓對手措手不及。', 3000, '1shogi.jpg', 'v10.mp4', '2024-05-28 15:09:26', '2024-05-28 15:09:26', '2024-06-01', '2025-05-04', 1),
(85, '象棋學堂：古老智慧的體現者', 5, '提高實戰應對能力，學習如何在實戰中利用每個棋子的最大潛能。', 3000, '2shogi.jpg', 'v10.mp4', '2024-05-28 15:09:26', '2024-05-28 15:09:26', '2024-06-01', '2025-05-04', 1),
(86, '象棋學堂：智慧之路的遊子', 5, '專門講解如何破解對手的強勢開局，反制對手並扭轉局勢。', 3000, '3shogi.jpg', 'v10.mp4', '2024-05-28 15:09:26', '2024-05-28 15:09:26', '2024-06-01', '2025-05-04', 1),
(87, '象棋學堂：智慧棋道的探索者', 5, '學習象棋中的“拖刀計”，如何利用巧妙的走法拖住對手主力。', 3000, '4shogi.jpg', 'v10.mp4', '2024-05-28 15:09:26', '2024-05-28 15:09:26', '2024-06-01', '2025-05-04', 1),
(88, '象棋學堂：智慧象棋的鑑賞者', 5, '綜合總結各種經典結局和防守技巧，讓你在象棋對局中游刃有餘。', 3000, '5shogi.jpg', 'v10.mp4', '2024-05-28 15:09:26', '2024-05-28 15:09:26', '2024-06-01', '2025-05-04', 1);

-- --------------------------------------------------------

--
-- 資料表結構 `course_category`
--

CREATE TABLE `course_category` (
  `id` int(11) NOT NULL,
  `course_id` int(11) NOT NULL,
  `name` varchar(50) NOT NULL,
  `ch_name` varchar(60) NOT NULL
) ENGINE=InnoDB DEFAULT CHARSET=utf8mb4 COLLATE=utf8mb4_unicode_ci;

--
-- 傾印資料表的資料 `course_category`
--

INSERT INTO `course_category` (`id`, `course_id`, `name`, `ch_name`) VALUES
(1, 1, 'poker', '撲克類'),
(2, 2, 'mahjong', '麻將類'),
(3, 3, 'go', '圍棋類'),
(4, 4, 'chess', '西洋棋類'),
(5, 5, 'shogi', '象棋類');

-- --------------------------------------------------------

--
-- 資料表結構 `course_chapter`
--

CREATE TABLE `course_chapter` (
  `id` int(3) NOT NULL,
  `course_id` int(11) NOT NULL,
  `chapter_name` varchar(50) NOT NULL,
  `content` text NOT NULL,
  `images` varchar(255) NOT NULL,
  `video_url` varchar(255) NOT NULL,
  `position` tinyint(4) NOT NULL
) ENGINE=InnoDB DEFAULT CHARSET=utf8mb4 COLLATE=utf8mb4_unicode_ci;

--
-- 傾印資料表的資料 `course_chapter`
--

INSERT INTO `course_chapter` (`id`, `course_id`, `chapter_name`, `content`, `images`, `video_url`, `position`) VALUES
(1, 101, '西洋棋入門第1集| 如何走棋', '教會0基礎的新手如何下西洋棋（西洋棋），從西洋棋（西洋棋）入門到西洋棋（西洋棋）基礎，西洋棋（西洋棋）提高，大師，讓新手菜鳥0基礎的你快速解鎖西洋棋（西洋棋）的技能，成為一名西洋棋（西洋棋）棋手', 'https://img.youtube.com/vi/Lj5I4PTu69Q/maxresdefault.jpg', 'https://www.youtube.com/watch?v=Lj5I4PTu69Q&list=PL7TagbHPoExOi01Sw7laPhjtBNC9JCG6K', 1),
(2, 101, 'Chapter 1: Basics', 'This chapter covers the basics.', 'image2.jpg', 'https://example.com/video2', 2),
(3, 101, 'Chapter 2: Intermediate', 'This chapter covers intermediate topics.', 'image3.jpg', 'https://example.com/video3', 3),
(4, 101, 'Chapter 3: Advanced', 'This chapter covers advanced topics.', 'image4.jpg', 'https://example.com/video4', 4),
(5, 101, 'Chapter 4: Conclusion', 'This chapter concludes the course.', 'image5.jpg', 'https://example.com/video5', 5),
(6, 102, 'Introduction to Course', 'This is the introductory chapter.', 'image1.jpg', 'https://example.com/video1', 1),
(7, 102, 'Chapter 1: Basics', 'This chapter covers the basics.', 'image2.jpg', 'https://example.com/video2', 2),
(8, 102, 'Chapter 2: Intermediate', 'This chapter covers intermediate topics.', 'image3.jpg', 'https://example.com/video3', 3),
(9, 102, 'Chapter 3: Advanced', 'This chapter covers advanced topics.', 'image4.jpg', 'https://example.com/video4', 4),
(10, 102, 'Chapter 4: Conclusion', 'This chapter concludes the course.', 'image5.jpg', 'https://example.com/video5', 5),
(11, 103, 'Introduction to Course', 'This is the introductory chapter.', 'image1.jpg', 'https://example.com/video1', 1),
(12, 103, 'Chapter 1: Basics', 'This chapter covers the basics.', 'image2.jpg', 'https://example.com/video2', 2),
(13, 103, 'Chapter 2: Intermediate', 'This chapter covers intermediate topics.', 'image3.jpg', 'https://example.com/video3', 3),
(14, 103, 'Chapter 3: Advanced', 'This chapter covers advanced topics.', 'image4.jpg', 'https://example.com/video4', 4),
(15, 103, 'Chapter 4: Conclusion', 'This chapter concludes the course.', 'image5.jpg', 'https://example.com/video5', 5),
(16, 104, 'Introduction to Course', 'This is the introductory chapter.', 'image1.jpg', 'https://example.com/video1', 1),
(17, 104, 'Chapter 1: Basics', 'This chapter covers the basics.', 'image2.jpg', 'https://example.com/video2', 2),
(18, 104, 'Chapter 2: Intermediate', 'This chapter covers intermediate topics.', 'image3.jpg', 'https://example.com/video3', 3),
(19, 104, 'Chapter 3: Advanced', 'This chapter covers advanced topics.', 'image4.jpg', 'https://example.com/video4', 4),
(20, 104, 'Chapter 4: Conclusion', 'This chapter concludes the course.', 'image5.jpg', 'https://example.com/video5', 5),
(21, 105, 'Introduction to Course', 'This is the introductory chapter.', 'image1.jpg', 'https://example.com/video1', 1),
(22, 105, 'Chapter 1: Basics', 'This chapter covers the basics.', 'image2.jpg', 'https://example.com/video2', 2),
(23, 105, 'Chapter 2: Intermediate', 'This chapter covers intermediate topics.', 'image3.jpg', 'https://example.com/video3', 3),
(24, 105, 'Chapter 3: Advanced', 'This chapter covers advanced topics.', 'image4.jpg', 'https://example.com/video4', 4),
(25, 105, 'Chapter 4: Conclusion', 'This chapter concludes the course.', 'image5.jpg', 'https://example.com/video5', 5),
(26, 106, 'Introduction to Course', 'This is the introductory chapter.', 'image1.jpg', 'https://example.com/video1', 1),
(27, 106, 'Chapter 1: Basics', 'This chapter covers the basics.', 'image2.jpg', 'https://example.com/video2', 2),
(28, 106, 'Chapter 2: Intermediate', 'This chapter covers intermediate topics.', 'image3.jpg', 'https://example.com/video3', 3),
(29, 106, 'Chapter 3: Advanced', 'This chapter covers advanced topics.', 'image4.jpg', 'https://example.com/video4', 4),
(30, 106, 'Chapter 4: Conclusion', 'This chapter concludes the course.', 'image5.jpg', 'https://example.com/video5', 5),
(31, 107, 'Introduction to Course', 'This is the introductory chapter.', 'image1.jpg', 'https://example.com/video1', 1),
(32, 107, 'Chapter 1: Basics', 'This chapter covers the basics.', 'image2.jpg', 'https://example.com/video2', 2),
(33, 107, 'Chapter 2: Intermediate', 'This chapter covers intermediate topics.', 'image3.jpg', 'https://example.com/video3', 3),
(34, 107, 'Chapter 3: Advanced', 'This chapter covers advanced topics.', 'image4.jpg', 'https://example.com/video4', 4),
(35, 107, 'Chapter 4: Conclusion', 'This chapter concludes the course.', 'image5.jpg', 'https://example.com/video5', 5),
(36, 108, 'Introduction to Course', 'This is the introductory chapter.', 'image1.jpg', 'https://example.com/video1', 1),
(37, 108, 'Chapter 1: Basics', 'This chapter covers the basics.', 'image2.jpg', 'https://example.com/video2', 2),
(38, 108, 'Chapter 2: Intermediate', 'This chapter covers intermediate topics.', 'image3.jpg', 'https://example.com/video3', 3),
(39, 108, 'Chapter 3: Advanced', 'This chapter covers advanced topics.', 'image4.jpg', 'https://example.com/video4', 4),
(40, 108, 'Chapter 4: Conclusion', 'This chapter concludes the course.', 'image5.jpg', 'https://example.com/video5', 5),
(41, 109, 'Introduction to Course', 'This is the introductory chapter.', 'image1.jpg', 'https://example.com/video1', 1),
(42, 109, 'Chapter 1: Basics', 'This chapter covers the basics.', 'image2.jpg', 'https://example.com/video2', 2),
(43, 109, 'Chapter 2: Intermediate', 'This chapter covers intermediate topics.', 'image3.jpg', 'https://example.com/video3', 3),
(44, 109, 'Chapter 3: Advanced', 'This chapter covers advanced topics.', 'image4.jpg', 'https://example.com/video4', 4),
(45, 109, 'Chapter 4: Conclusion', 'This chapter concludes the course.', 'image5.jpg', 'https://example.com/video5', 5),
(46, 110, 'Introduction to Course', 'This is the introductory chapter.', 'image1.jpg', 'https://example.com/video1', 1),
(47, 110, 'Chapter 1: Basics', 'This chapter covers the basics.', 'image2.jpg', 'https://example.com/video2', 2),
(48, 110, 'Chapter 2: Intermediate', 'This chapter covers intermediate topics.', 'image3.jpg', 'https://example.com/video3', 3),
(49, 110, 'Chapter 3: Advanced', 'This chapter covers advanced topics.', 'image4.jpg', 'https://example.com/video4', 4),
(50, 110, 'Chapter 4: Conclusion', 'This chapter concludes the course.', 'image5.jpg', 'https://example.com/video5', 5);

-- --------------------------------------------------------

--
-- 資料表結構 `course_intro`
--

CREATE TABLE `course_intro` (
  `id` int(255) NOT NULL,
  `course_id` int(11) NOT NULL,
  `content` text NOT NULL,
  `position` varchar(255) NOT NULL,
  `type` varchar(255) NOT NULL,
  `created_at` date NOT NULL
) ENGINE=InnoDB DEFAULT CHARSET=utf8mb4 COLLATE=utf8mb4_general_ci;

--
-- 傾印資料表的資料 `course_intro`
--

INSERT INTO `course_intro` (`id`, `course_id`, `content`, `position`, `type`, `created_at`) VALUES
(1, 101, 'Content for course 101, part 1.', '1', 'poker', '2024-08-01'),
(2, 101, 'Content for course 101, part 2.', '2', 'mahjong', '2024-08-01'),
(3, 101, 'Content for course 101, part 3.', '3', 'go', '2024-08-01'),
(4, 101, 'Content for course 101, part 4.', '4', 'chess', '2024-08-01'),
(5, 101, 'Content for course 101, part 5.', '5', 'shogi', '2024-08-01'),
(6, 102, 'Content for course 102, part 1.', '1', 'mahjong', '2024-08-02'),
(7, 102, 'Content for course 102, part 2.', '2', 'chess', '2024-08-02'),
(8, 102, 'Content for course 102, part 3.', '3', 'go', '2024-08-02'),
(9, 102, 'Content for course 102, part 4.', '4', 'poker', '2024-08-02'),
(10, 102, 'Content for course 102, part 5.', '5', 'shogi', '2024-08-02'),
(11, 103, 'Content for course 103, part 1.', '1', 'shogi', '2024-08-03'),
(12, 103, 'Content for course 103, part 2.', '2', 'poker', '2024-08-03'),
(13, 103, 'Content for course 103, part 3.', '3', 'mahjong', '2024-08-03'),
(14, 103, 'Content for course 103, part 4.', '4', 'chess', '2024-08-03'),
(15, 103, 'Content for course 103, part 5.', '5', 'go', '2024-08-03'),
(16, 104, 'Content for course 104, part 1.', '1', 'go', '2024-08-04'),
(17, 104, 'Content for course 104, part 2.', '2', 'chess', '2024-08-04'),
(18, 104, 'Content for course 104, part 3.', '3', 'poker', '2024-08-04'),
(19, 104, 'Content for course 104, part 4.', '4', 'mahjong', '2024-08-04'),
(20, 104, 'Content for course 104, part 5.', '5', 'shogi', '2024-08-04'),
(21, 105, 'Content for course 105, part 1.', '1', 'mahjong', '2024-08-05'),
(22, 105, 'Content for course 105, part 2.', '2', 'shogi', '2024-08-05'),
(23, 105, 'Content for course 105, part 3.', '3', 'go', '2024-08-05'),
(24, 105, 'Content for course 105, part 4.', '4', 'chess', '2024-08-05'),
(25, 105, 'Content for course 105, part 5.', '5', 'poker', '2024-08-05'),
(26, 106, 'Content for course 106, part 1.', '1', 'chess', '2024-08-06'),
(27, 106, 'Content for course 106, part 2.', '2', 'shogi', '2024-08-06'),
(28, 106, 'Content for course 106, part 3.', '3', 'mahjong', '2024-08-06'),
(29, 106, 'Content for course 106, part 4.', '4', 'go', '2024-08-06'),
(30, 106, 'Content for course 106, part 5.', '5', 'poker', '2024-08-06'),
(31, 107, 'Content for course 107, part 1.', '1', 'go', '2024-08-07'),
(32, 107, 'Content for course 107, part 2.', '2', 'chess', '2024-08-07'),
(33, 107, 'Content for course 107, part 3.', '3', 'poker', '2024-08-07'),
(34, 107, 'Content for course 107, part 4.', '4', 'mahjong', '2024-08-07'),
(35, 107, 'Content for course 107, part 5.', '5', 'shogi', '2024-08-07'),
(36, 108, 'Content for course 108, part 1.', '1', 'shogi', '2024-08-08'),
(37, 108, 'Content for course 108, part 2.', '2', 'poker', '2024-08-08'),
(38, 108, 'Content for course 108, part 3.', '3', 'mahjong', '2024-08-08'),
(39, 108, 'Content for course 108, part 4.', '4', 'go', '2024-08-08'),
(40, 108, 'Content for course 108, part 5.', '5', 'chess', '2024-08-08'),
(41, 109, 'Content for course 109, part 1.', '1', 'poker', '2024-08-09'),
(42, 109, 'Content for course 109, part 2.', '2', 'shogi', '2024-08-09'),
(43, 109, 'Content for course 109, part 3.', '3', 'chess', '2024-08-09'),
(44, 109, 'Content for course 109, part 4.', '4', 'mahjong', '2024-08-09'),
(45, 109, 'Content for course 109, part 5.', '5', 'go', '2024-08-09'),
(46, 110, 'Content for course 110, part 1.', '1', 'mahjong', '2024-08-10'),
(47, 110, 'Content for course 110, part 2.', '2', 'go', '2024-08-10'),
(48, 110, 'Content for course 110, part 3.', '3', 'chess', '2024-08-10'),
(49, 110, 'Content for course 110, part 4.', '4', 'shogi', '2024-08-10'),
(50, 110, 'Content for course 110, part 5.', '5', 'poker', '2024-08-10');

-- --------------------------------------------------------

--
-- 資料表結構 `credit_card`
--

CREATE TABLE `credit_card` (
  `id` int(20) UNSIGNED NOT NULL,
  `user_id` varchar(30) NOT NULL,
  `card_name` varchar(20) NOT NULL,
  `card_number` varchar(30) NOT NULL,
  `card_type` varchar(20) NOT NULL,
  `exp_date` varchar(5) NOT NULL,
  `status` varchar(20) NOT NULL
) ENGINE=InnoDB DEFAULT CHARSET=utf8mb4 COLLATE=utf8mb4_unicode_ci;

--
-- 傾印資料表的資料 `credit_card`
--

INSERT INTO `credit_card` (`id`, `user_id`, `card_name`, `card_number`, `card_type`, `exp_date`, `status`) VALUES
(1, '1', '聯邦銀行', '5102878516430490', 'MasterCard', '03/26', 'Active'),
(2, '1', '台新銀行', '5581942398065621', 'MasterCard', '11/25', 'Active'),
(3, '2', '國泰世華銀行', '4867341771622621', 'Visa', '05/27', 'Active'),
(4, '2', '中信銀行', '4048885132264523', 'Visa', '11/26', 'Active'),
(5, '2', '第一銀行', '5486686730238586', 'MasterCard', '11/27', 'Active'),
(6, '3', '台新銀行', '5367479775902148', 'MasterCard', '04/26', 'Active'),
(7, '3', '中信銀行', '4276739138374533', 'Visa', '04/27', 'Active'),
(8, '3', '台灣銀行', '4114352064807476', 'Visa', '08/28', 'Active'),
(9, '3', '中信銀行', '4369918703430685', 'Visa', '08/27', 'Active'),
(10, '4', '第一銀行', '5597355744501769', 'MasterCard', '01/28', 'Active'),
(11, '5', '第一銀行', '5308022419968462', 'MasterCard', '04/29', 'Active'),
(12, '5', '台灣銀行', '4065850598893468', 'Visa', '07/26', 'Invalid'),
(13, '5', '第一銀行', '5557270224045819', 'MasterCard', '10/26', 'Active'),
(14, '6', '第一銀行', '5203146066002362', 'MasterCard', '08/27', 'Invalid'),
(15, '6', '國泰世華銀行', '4763453804892919', 'Visa', '01/26', 'Active'),
(16, '6', '國泰世華銀行', '4391423204005454', 'Visa', '11/28', 'Active'),
(17, '6', '台新銀行', '5385794143807334', 'MasterCard', '06/26', 'Active'),
(18, '7', '第一銀行', '5231403695243641', 'MasterCard', '05/26', 'Active'),
(19, '7', '台灣銀行', '4742565469368616', 'Visa', '10/28', 'Active'),
(20, '7', '第一銀行', '5464063187667622', 'MasterCard', '06/27', 'Invalid'),
(21, '7', '聯邦銀行', '5379520289760395', 'MasterCard', '10/27', 'Active'),
(22, '8', '第一銀行', '5501306859486875', 'MasterCard', '03/28', 'Active'),
(23, '8', '台灣銀行', '4809085279268690', 'Visa', '11/26', 'Invalid'),
(24, '9', '第一銀行', '5481766008958506', 'MasterCard', '03/28', 'Active'),
(25, '9', '中信銀行', '4597941455745862', 'Visa', '03/28', 'Active'),
(26, '9', '台灣銀行', '4950520419279596', 'Visa', '03/29', 'Active'),
(27, '10', '中信銀行', '4745203623147808', 'Visa', '05/27', 'Active'),
(28, '10', '國泰世華銀行', '4996496489939797', 'Visa', '01/29', 'Invalid'),
(29, '10', '聯邦銀行', '5435237749993017', 'MasterCard', '08/26', 'Active'),
(30, '10', '國泰世華銀行', '4259330256352987', 'Visa', '07/27', 'Active'),
(31, '11', '台新銀行', '5164493254486212', 'MasterCard', '07/28', 'Active'),
(32, '12', '國泰世華銀行', '4701149643926386', 'Visa', '04/27', 'Active'),
(33, '13', '台灣銀行', '4631118130128370', 'Visa', '09/26', 'Invalid'),
(34, '13', '台灣銀行', '4427885262300970', 'Visa', '09/26', 'Active'),
(35, '13', '國泰世華銀行', '4143338005535691', 'Visa', '08/26', 'Active'),
(36, '14', '中信銀行', '4509156233713052', 'Visa', '04/28', 'Invalid'),
(37, '14', '第一銀行', '5219732889803062', 'MasterCard', '09/25', 'Active'),
(38, '14', '國泰世華銀行', '4182237398331592', 'Visa', '12/27', 'Active'),
(39, '14', '中信銀行', '4890519494226299', 'Visa', '02/26', 'Active'),
(40, '15', '台灣銀行', '4216554367623078', 'Visa', '04/28', 'Active'),
(41, '15', '第一銀行', '5129835700988191', 'MasterCard', '11/27', 'Invalid'),
(42, '15', '台灣銀行', '4284099838941526', 'Visa', '08/25', 'Active'),
(43, '15', '台新銀行', '5128072369590977', 'MasterCard', '11/25', 'Active'),
(44, '16', '台新銀行', '5504168643035848', 'MasterCard', '03/28', 'Active'),
(45, '16', '第一銀行', '5125161622266672', 'MasterCard', '12/26', 'Active'),
(46, '16', '台灣銀行', '4631657366692913', 'Visa', '06/28', 'Active'),
(47, '16', '台新銀行', '5335642819504668', 'MasterCard', '08/27', 'Active'),
(48, '17', '聯邦銀行', '5436312326946558', 'MasterCard', '12/27', 'Active'),
(49, '18', '第一銀行', '5432925311917866', 'MasterCard', '08/26', 'Active'),
(50, '18', '國泰世華銀行', '4213412260158066', 'Visa', '01/29', 'Active'),
(51, '18', '台新銀行', '5348403191082669', 'MasterCard', '10/25', 'Active'),
(52, '19', '聯邦銀行', '5374020225533199', 'MasterCard', '11/25', 'Active'),
(53, '19', '聯邦銀行', '5496523851497394', 'MasterCard', '01/29', 'Active'),
(54, '19', '第一銀行', '5430810843718026', 'MasterCard', '03/26', 'Active'),
(55, '19', '第一銀行', '5550262401261240', 'MasterCard', '05/29', 'Active'),
(56, '20', '台新銀行', '5113841187527246', 'MasterCard', '02/27', 'Active'),
(57, '21', '台新銀行', '5150489697509734', 'MasterCard', '01/27', 'Active'),
(58, '21', '國泰世華銀行', '4702397680971884', 'Visa', '07/27', 'Active'),
(59, '22', '台灣銀行', '4949428881021660', 'Visa', '10/27', 'Active'),
(60, '22', '第一銀行', '5281659153361788', 'MasterCard', '04/28', 'Active'),
(61, '23', '台新銀行', '5234131883083188', 'MasterCard', '09/28', 'Invalid'),
(62, '23', '台新銀行', '5494580723553626', 'MasterCard', '05/28', 'Active'),
(63, '23', '聯邦銀行', '5463694771454955', 'MasterCard', '01/26', 'Active'),
(64, '23', '台新銀行', '5389778732494075', 'MasterCard', '10/26', 'Active'),
(65, '24', '台灣銀行', '4837178935424673', 'Visa', '02/26', 'Active'),
(66, '25', '國泰世華銀行', '4287527081489732', 'Visa', '03/26', 'Invalid'),
(67, '26', '國泰世華銀行', '4689056087988033', 'Visa', '12/25', 'Active'),
(68, '26', '第一銀行', '5394131480930549', 'MasterCard', '06/29', 'Active'),
(69, '27', '第一銀行', '5433070338125334', 'MasterCard', '01/27', 'Active'),
(70, '27', '台灣銀行', '4796961586216028', 'Visa', '09/25', 'Active'),
(71, '27', '第一銀行', '5286210378170375', 'MasterCard', '04/27', 'Active'),
(72, '27', '第一銀行', '5270270341724694', 'MasterCard', '10/25', 'Active'),
(73, '28', '中信銀行', '4583147248320299', 'Visa', '01/27', 'Active'),
(74, '28', '國泰世華銀行', '4873326644809303', 'Visa', '06/27', 'Active'),
(75, '28', '國泰世華銀行', '4671100256827177', 'Visa', '05/28', 'Active'),
(76, '28', '國泰世華銀行', '4984943243224497', 'Visa', '12/28', 'Active'),
(77, '29', '聯邦銀行', '5540216512525653', 'MasterCard', '07/28', 'Active'),
(78, '29', '台灣銀行', '4141704097826748', 'Visa', '09/27', 'Active'),
(79, '30', '台灣銀行', '4753754562317525', 'Visa', '08/28', 'Active'),
(80, '30', '聯邦銀行', '5398469226867286', 'MasterCard', '01/26', 'Active'),
(81, '30', '台灣銀行', '4146515068397133', 'Visa', '10/25', 'Invalid'),
(82, '30', '聯邦銀行', '5593754246740410', 'MasterCard', '06/28', 'Active'),
(83, '31', '聯邦銀行', '5434176504824432', 'MasterCard', '08/27', 'Active'),
(84, '31', '中信銀行', '4519182687442946', 'Visa', '03/29', 'Active'),
(85, '31', '中信銀行', '4977406555853891', 'Visa', '11/25', 'Active'),
(86, '32', '台新銀行', '5270028001216741', 'MasterCard', '02/27', 'Active'),
(87, '32', '國泰世華銀行', '4846393039216354', 'Visa', '07/28', 'Active'),
(88, '33', '台新銀行', '5566896652510697', 'MasterCard', '01/29', 'Active'),
(89, '34', '第一銀行', '5283275241755390', 'MasterCard', '06/27', 'Active'),
(90, '34', '台新銀行', '5241265202736416', 'MasterCard', '09/27', 'Active'),
(91, '34', '台新銀行', '5157058070503446', 'MasterCard', '04/26', 'Active'),
(92, '34', '聯邦銀行', '5228340263554169', 'MasterCard', '05/28', 'Invalid'),
(93, '35', '台灣銀行', '4544819999311964', 'Visa', '02/28', 'Active'),
(94, '36', '國泰世華銀行', '4046647748475392', 'Visa', '01/28', 'Active'),
(95, '37', '國泰世華銀行', '4571675256711161', 'Visa', '12/26', 'Active'),
(96, '37', '聯邦銀行', '5348162272540571', 'MasterCard', '10/26', 'Active'),
(97, '37', '台新銀行', '5188104451184667', 'MasterCard', '08/25', 'Active'),
(98, '37', '第一銀行', '5430446949636858', 'MasterCard', '12/25', 'Active'),
(99, '38', '國泰世華銀行', '4374394985544615', 'Visa', '02/27', 'Active'),
(100, '38', '中信銀行', '4762408834260993', 'Visa', '04/29', 'Active'),
(101, '38', '中信銀行', '4054452799508839', 'Visa', '01/27', 'Active'),
(102, '38', '國泰世華銀行', '4810510628330234', 'Visa', '06/26', 'Active'),
(103, '39', '中信銀行', '4544501761012099', 'Visa', '10/25', 'Active'),
(104, '39', '聯邦銀行', '5379244174306045', 'MasterCard', '01/26', 'Active'),
(105, '39', '中信銀行', '4421114846499747', 'Visa', '07/27', 'Active'),
(106, '39', '台新銀行', '5123218500942394', 'MasterCard', '04/29', 'Invalid'),
(107, '40', '台新銀行', '5312227228737693', 'MasterCard', '02/27', 'Active'),
(108, '40', '中信銀行', '4631915727762965', 'Visa', '06/27', 'Active'),
(109, '41', '台灣銀行', '4398151005317634', 'Visa', '08/27', 'Active'),
(110, '42', '台新銀行', '5483207659148360', 'MasterCard', '03/26', 'Active'),
(111, '42', '台灣銀行', '4908215470360975', 'Visa', '01/29', 'Active'),
(112, '42', '第一銀行', '5300893769122722', 'MasterCard', '03/27', 'Active'),
(113, '42', '國泰世華銀行', '4509298077707411', 'Visa', '02/29', 'Active'),
(114, '43', '中信銀行', '4313723082631800', 'Visa', '05/26', 'Active'),
(115, '43', '中信銀行', '4526495785013841', 'Visa', '05/27', 'Active'),
(116, '44', '國泰世華銀行', '4224136714378236', 'Visa', '07/27', 'Active'),
(117, '44', '台新銀行', '5401726029357744', 'MasterCard', '12/28', 'Active'),
(118, '45', '國泰世華銀行', '4872966284902405', 'Visa', '07/26', 'Active'),
(119, '45', '台新銀行', '5457709642150009', 'MasterCard', '11/28', 'Active'),
(120, '45', '台灣銀行', '4491019658345351', 'Visa', '01/27', 'Active'),
(121, '45', '台新銀行', '5536867634053086', 'MasterCard', '06/29', 'Active'),
(122, '46', '國泰世華銀行', '4595781077164480', 'Visa', '01/27', 'Active'),
(123, '46', '第一銀行', '5196901496028606', 'MasterCard', '04/29', 'Active'),
(124, '46', '聯邦銀行', '5403384300422458', 'MasterCard', '01/27', 'Active'),
(125, '47', '中信銀行', '4336375844353979', 'Visa', '04/29', 'Active'),
(126, '47', '台新銀行', '5169392813011911', 'MasterCard', '05/28', 'Active'),
(127, '47', '台灣銀行', '4921182857707769', 'Visa', '04/26', 'Active'),
(128, '47', '中信銀行', '4039006014615146', 'Visa', '08/28', 'Invalid'),
(129, '48', '台灣銀行', '4619217983906982', 'Visa', '05/29', 'Active'),
(130, '49', '台新銀行', '5567814014696407', 'MasterCard', '11/27', 'Active'),
(131, '49', '第一銀行', '5162370465536907', 'MasterCard', '09/25', 'Active'),
(132, '49', '台灣銀行', '4349641679290770', 'Visa', '10/26', 'Active'),
(133, '49', '台新銀行', '5434978666633916', 'MasterCard', '01/28', 'Active'),
(134, '50', '國泰世華銀行', '4693011637446189', 'Visa', '12/28', 'Active'),
(135, '99', 'aaa', '4123412312341234', 'Visa', '05/26', 'Invalid'),
(136, '102', '1', '2234234234234234', 'MasterCard', '12/33', 'Invalid');

-- --------------------------------------------------------

--
-- 資料表結構 `favorite`
--

CREATE TABLE `favorite` (
  `id` int(30) UNSIGNED NOT NULL,
  `user_id` int(20) NOT NULL,
  `object_type` varchar(20) NOT NULL,
  `object_id` int(30) NOT NULL
) ENGINE=InnoDB DEFAULT CHARSET=utf8mb4 COLLATE=utf8mb4_unicode_ci;

--
-- 傾印資料表的資料 `favorite`
--

INSERT INTO `favorite` (`id`, `user_id`, `object_type`, `object_id`) VALUES
(1, 1, 'course', 29),
(2, 1, 'course', 44),
(6, 1, 'course', 32),
(7, 1, 'company', 128),
(8, 1, 'company', 127),
(10, 1, 'company', 46),
(11, 1, 'company', 48),
(12, 1, 'company', 130),
(14, 1, 'product', 254),
(15, 1, 'product', 223),
(16, 1, 'product', 180),
(17, 1, 'product', 255),
(18, 1, 'product', 187),
(19, 2, 'course', 3),
(20, 2, 'course', 48),
(21, 2, 'course', 16),
(22, 2, 'company', 46),
(23, 2, 'company', 65),
(24, 2, 'company', 12),
(25, 2, 'company', 151),
(26, 2, 'company', 137),
(27, 2, 'product', 153),
(28, 2, 'product', 181),
(29, 2, 'product', 66),
(30, 2, 'product', 108),
(31, 2, 'product', 27),
(32, 2, 'product', 43),
(33, 3, 'course', 21),
(34, 3, 'course', 27),
(35, 3, 'course', 29),
(36, 3, 'company', 78),
(37, 3, 'company', 101),
(38, 3, 'company', 94),
(39, 3, 'product', 184),
(40, 3, 'product', 63),
(41, 3, 'product', 222),
(42, 3, 'product', 151),
(43, 4, 'course', 25),
(44, 4, 'course', 24),
(45, 4, 'course', 46),
(46, 4, 'course', 23),
(47, 4, 'course', 10),
(48, 4, 'company', 119),
(49, 4, 'company', 49),
(50, 4, 'company', 56),
(51, 4, 'company', 54),
(52, 4, 'product', 197),
(53, 4, 'product', 75),
(54, 4, 'product', 107),
(55, 4, 'product', 235),
(56, 4, 'product', 5),
(57, 5, 'course', 7),
(58, 5, 'course', 3),
(59, 5, 'course', 8),
(60, 5, 'course', 45),
(61, 5, 'course', 28),
(62, 5, 'course', 47),
(63, 5, 'company', 13),
(64, 5, 'company', 11),
(65, 5, 'company', 56),
(66, 5, 'product', 203),
(67, 5, 'product', 109),
(68, 5, 'product', 34),
(69, 6, 'course', 28),
(70, 6, 'course', 21),
(71, 6, 'course', 47),
(72, 6, 'course', 48),
(73, 6, 'course', 46),
(74, 6, 'course', 18),
(75, 6, 'company', 107),
(76, 6, 'company', 74),
(77, 6, 'company', 130),
(78, 6, 'company', 22),
(79, 6, 'product', 259),
(80, 6, 'product', 77),
(81, 6, 'product', 175),
(82, 6, 'product', 179),
(83, 6, 'product', 61),
(84, 6, 'product', 132),
(85, 7, 'course', 36),
(86, 7, 'course', 2),
(87, 7, 'course', 43),
(88, 7, 'course', 9),
(89, 7, 'course', 45),
(90, 7, 'course', 19),
(91, 7, 'company', 60),
(92, 7, 'company', 26),
(93, 7, 'company', 56),
(94, 7, 'company', 101),
(95, 7, 'company', 7),
(96, 7, 'product', 144),
(97, 7, 'product', 67),
(98, 7, 'product', 76),
(99, 7, 'product', 47),
(100, 7, 'product', 128),
(101, 7, 'product', 205),
(102, 8, 'course', 32),
(103, 8, 'course', 16),
(104, 8, 'course', 15),
(105, 8, 'course', 19),
(106, 8, 'course', 25),
(107, 8, 'company', 5),
(108, 8, 'company', 111),
(109, 8, 'company', 74),
(110, 8, 'company', 146),
(111, 8, 'company', 71),
(112, 8, 'company', 65),
(113, 8, 'product', 82),
(114, 8, 'product', 169),
(115, 8, 'product', 24),
(116, 8, 'product', 33),
(117, 8, 'product', 225),
(118, 8, 'product', 139),
(119, 9, 'course', 50),
(120, 9, 'course', 23),
(121, 9, 'course', 7),
(122, 9, 'course', 19),
(123, 9, 'course', 2),
(124, 9, 'company', 77),
(125, 9, 'company', 19),
(126, 9, 'company', 105),
(127, 9, 'company', 72),
(128, 9, 'company', 64),
(129, 9, 'product', 193),
(130, 9, 'product', 220),
(131, 9, 'product', 17),
(132, 9, 'product', 189),
(133, 9, 'product', 240),
(134, 9, 'product', 69),
(135, 10, 'course', 46),
(136, 10, 'course', 7),
(137, 10, 'course', 38),
(138, 10, 'course', 11),
(139, 10, 'course', 36),
(140, 10, 'course', 3),
(141, 10, 'company', 34),
(142, 10, 'company', 15),
(143, 10, 'company', 129),
(144, 10, 'company', 146),
(145, 10, 'company', 134),
(146, 10, 'product', 131),
(147, 10, 'product', 201),
(148, 10, 'product', 95),
(149, 10, 'product', 135),
(150, 10, 'product', 205),
(151, 10, 'product', 18),
(152, 11, 'course', 17),
(153, 11, 'course', 31),
(154, 11, 'course', 2),
(155, 11, 'course', 36),
(156, 11, 'course', 24),
(157, 11, 'company', 85),
(158, 11, 'company', 132),
(159, 11, 'company', 146),
(160, 11, 'company', 62),
(161, 11, 'company', 5),
(162, 11, 'company', 146),
(163, 11, 'product', 125),
(164, 11, 'product', 7),
(165, 11, 'product', 217),
(166, 11, 'product', 218),
(167, 11, 'product', 118),
(168, 12, 'course', 27),
(169, 12, 'course', 22),
(170, 12, 'course', 33),
(171, 12, 'course', 10),
(172, 12, 'company', 32),
(173, 12, 'company', 68),
(174, 12, 'company', 153),
(175, 12, 'product', 232),
(176, 12, 'product', 171),
(177, 12, 'product', 151),
(178, 12, 'product', 194),
(179, 13, 'course', 2),
(180, 13, 'course', 3),
(181, 13, 'course', 18),
(182, 13, 'course', 41),
(183, 13, 'course', 9),
(184, 13, 'course', 31),
(185, 13, 'company', 110),
(186, 13, 'company', 28),
(187, 13, 'company', 23),
(188, 13, 'company', 156),
(189, 13, 'company', 95),
(190, 13, 'product', 5),
(191, 13, 'product', 209),
(192, 13, 'product', 77),
(193, 14, 'course', 45),
(194, 14, 'course', 9),
(195, 14, 'course', 9),
(196, 14, 'course', 25),
(197, 14, 'company', 124),
(198, 14, 'company', 45),
(199, 14, 'company', 139),
(200, 14, 'company', 46),
(201, 14, 'company', 2),
(202, 14, 'product', 135),
(203, 14, 'product', 82),
(204, 14, 'product', 170),
(205, 14, 'product', 118),
(206, 14, 'product', 115),
(207, 14, 'product', 184),
(208, 15, 'course', 11),
(209, 15, 'course', 5),
(210, 15, 'course', 30),
(211, 15, 'course', 14),
(212, 15, 'course', 47),
(213, 15, 'company', 42),
(214, 15, 'company', 50),
(215, 15, 'company', 57),
(216, 15, 'company', 120),
(217, 15, 'product', 146),
(218, 15, 'product', 11),
(219, 15, 'product', 92),
(220, 15, 'product', 83),
(221, 16, 'course', 3),
(222, 16, 'course', 10),
(223, 16, 'course', 41),
(224, 16, 'course', 36),
(225, 16, 'course', 26),
(226, 16, 'course', 16),
(227, 16, 'company', 60),
(228, 16, 'company', 69),
(229, 16, 'company', 145),
(230, 16, 'company', 142),
(231, 16, 'company', 19),
(232, 16, 'company', 62),
(233, 16, 'product', 255),
(234, 16, 'product', 139),
(235, 16, 'product', 249),
(236, 17, 'course', 19),
(237, 17, 'course', 37),
(238, 17, 'course', 16),
(239, 17, 'course', 37),
(240, 17, 'course', 49),
(241, 17, 'course', 28),
(242, 17, 'company', 101),
(243, 17, 'company', 119),
(244, 17, 'company', 127),
(245, 17, 'company', 92),
(246, 17, 'product', 186),
(247, 17, 'product', 10),
(248, 17, 'product', 66),
(249, 17, 'product', 142),
(250, 17, 'product', 31),
(251, 17, 'product', 6),
(252, 18, 'course', 48),
(253, 18, 'course', 17),
(254, 18, 'course', 46),
(255, 18, 'company', 49),
(256, 18, 'company', 74),
(257, 18, 'company', 118),
(258, 18, 'company', 73),
(259, 18, 'product', 199),
(260, 18, 'product', 44),
(261, 18, 'product', 242),
(262, 18, 'product', 251),
(263, 18, 'product', 146),
(264, 18, 'product', 89),
(265, 19, 'course', 22),
(266, 19, 'course', 36),
(267, 19, 'course', 43),
(268, 19, 'company', 67),
(269, 19, 'company', 138),
(270, 19, 'company', 70),
(271, 19, 'company', 133),
(272, 19, 'product', 128),
(273, 19, 'product', 60),
(274, 19, 'product', 165),
(275, 19, 'product', 100),
(276, 19, 'product', 117),
(277, 19, 'product', 38),
(278, 20, 'course', 5),
(279, 20, 'course', 7),
(280, 20, 'course', 14),
(281, 20, 'course', 48),
(282, 20, 'course', 3),
(283, 20, 'course', 20),
(284, 20, 'company', 9),
(285, 20, 'company', 16),
(286, 20, 'company', 149),
(287, 20, 'product', 195),
(288, 20, 'product', 127),
(289, 20, 'product', 143),
(290, 21, 'course', 29),
(291, 21, 'course', 40),
(292, 21, 'course', 18),
(293, 21, 'course', 28),
(294, 21, 'course', 48),
(295, 21, 'company', 92),
(296, 21, 'company', 25),
(297, 21, 'company', 73),
(298, 21, 'company', 138),
(299, 21, 'company', 120),
(300, 21, 'product', 30),
(301, 21, 'product', 31),
(302, 21, 'product', 154),
(303, 21, 'product', 72),
(304, 22, 'course', 49),
(305, 22, 'course', 34),
(306, 22, 'course', 5),
(307, 22, 'course', 14),
(308, 22, 'course', 19),
(309, 22, 'company', 123),
(310, 22, 'company', 13),
(311, 22, 'company', 139),
(312, 22, 'product', 229),
(313, 22, 'product', 236),
(314, 22, 'product', 155),
(315, 22, 'product', 139),
(316, 22, 'product', 199),
(317, 22, 'product', 259),
(318, 23, 'course', 1),
(319, 23, 'course', 9),
(320, 23, 'course', 16),
(321, 23, 'company', 87),
(322, 23, 'company', 32),
(323, 23, 'company', 64),
(324, 23, 'company', 48),
(325, 23, 'company', 91),
(326, 23, 'company', 101),
(327, 23, 'product', 258),
(328, 23, 'product', 162),
(329, 23, 'product', 230),
(330, 23, 'product', 79),
(331, 24, 'course', 22),
(332, 24, 'course', 19),
(333, 24, 'course', 2),
(334, 24, 'company', 146),
(335, 24, 'company', 43),
(336, 24, 'company', 45),
(337, 24, 'product', 118),
(338, 24, 'product', 201),
(339, 24, 'product', 115),
(340, 24, 'product', 66),
(341, 24, 'product', 199),
(342, 25, 'course', 34),
(343, 25, 'course', 8),
(344, 25, 'course', 44),
(345, 25, 'company', 21),
(346, 25, 'company', 106),
(347, 25, 'company', 143),
(348, 25, 'company', 148),
(349, 25, 'company', 132),
(350, 25, 'company', 18),
(351, 25, 'product', 118),
(352, 25, 'product', 104),
(353, 25, 'product', 30),
(354, 25, 'product', 236),
(355, 25, 'product', 239),
(356, 25, 'product', 228),
(357, 26, 'course', 38),
(358, 26, 'course', 34),
(359, 26, 'course', 48),
(360, 26, 'company', 66),
(361, 26, 'company', 93),
(362, 26, 'company', 77),
(363, 26, 'company', 118),
(364, 26, 'company', 2),
(365, 26, 'company', 96),
(366, 26, 'product', 175),
(367, 26, 'product', 37),
(368, 26, 'product', 226),
(369, 26, 'product', 113),
(370, 26, 'product', 93),
(371, 26, 'product', 61),
(372, 27, 'course', 8),
(373, 27, 'course', 41),
(374, 27, 'course', 38),
(375, 27, 'company', 56),
(376, 27, 'company', 125),
(377, 27, 'company', 102),
(378, 27, 'company', 39),
(379, 27, 'product', 207),
(380, 27, 'product', 123),
(381, 27, 'product', 256),
(382, 27, 'product', 153),
(383, 28, 'course', 48),
(384, 28, 'course', 11),
(385, 28, 'course', 40),
(386, 28, 'course', 38),
(387, 28, 'course', 26),
(388, 28, 'company', 113),
(389, 28, 'company', 9),
(390, 28, 'company', 87),
(391, 28, 'product', 259),
(392, 28, 'product', 59),
(393, 28, 'product', 142),
(394, 28, 'product', 110),
(395, 28, 'product', 162),
(396, 29, 'course', 14),
(397, 29, 'course', 8),
(398, 29, 'course', 22),
(399, 29, 'course', 47),
(400, 29, 'course', 17),
(401, 29, 'course', 40),
(402, 29, 'company', 120),
(403, 29, 'company', 8),
(404, 29, 'company', 107),
(405, 29, 'product', 152),
(406, 29, 'product', 84),
(407, 29, 'product', 194),
(408, 30, 'course', 29),
(409, 30, 'course', 2),
(410, 30, 'course', 46),
(411, 30, 'course', 4),
(412, 30, 'company', 92),
(413, 30, 'company', 61),
(414, 30, 'company', 111),
(415, 30, 'company', 121),
(416, 30, 'company', 82),
(417, 30, 'product', 27),
(418, 30, 'product', 121),
(419, 30, 'product', 40),
(420, 31, 'course', 31),
(421, 31, 'course', 46),
(422, 31, 'course', 20),
(423, 31, 'company', 150),
(424, 31, 'company', 22),
(425, 31, 'company', 106),
(426, 31, 'product', 218),
(427, 31, 'product', 215),
(428, 31, 'product', 102),
(429, 31, 'product', 12),
(430, 31, 'product', 99),
(431, 32, 'course', 16),
(432, 32, 'course', 6),
(433, 32, 'course', 28),
(434, 32, 'course', 7),
(435, 32, 'course', 49),
(436, 32, 'course', 26),
(437, 32, 'company', 142),
(438, 32, 'company', 38),
(439, 32, 'company', 72),
(440, 32, 'company', 115),
(441, 32, 'company', 112),
(442, 32, 'company', 1),
(443, 32, 'product', 137),
(444, 32, 'product', 100),
(445, 32, 'product', 86),
(446, 33, 'course', 43),
(447, 33, 'course', 41),
(448, 33, 'course', 17),
(449, 33, 'course', 13),
(450, 33, 'course', 8),
(451, 33, 'course', 26),
(452, 33, 'company', 155),
(453, 33, 'company', 123),
(454, 33, 'company', 135),
(455, 33, 'company', 135),
(456, 33, 'company', 141),
(457, 33, 'company', 5),
(458, 33, 'product', 117),
(459, 33, 'product', 161),
(460, 33, 'product', 139),
(461, 34, 'course', 2),
(462, 34, 'course', 49),
(463, 34, 'course', 22),
(464, 34, 'company', 37),
(465, 34, 'company', 143),
(466, 34, 'company', 109),
(467, 34, 'company', 60),
(468, 34, 'company', 139),
(469, 34, 'company', 26),
(470, 34, 'product', 120),
(471, 34, 'product', 51),
(472, 34, 'product', 15),
(473, 34, 'product', 24),
(474, 34, 'product', 35),
(475, 34, 'product', 255),
(476, 35, 'course', 43),
(477, 35, 'course', 41),
(478, 35, 'course', 4),
(479, 35, 'course', 20),
(480, 35, 'course', 6),
(481, 35, 'company', 39),
(482, 35, 'company', 107),
(483, 35, 'company', 69),
(484, 35, 'company', 148),
(485, 35, 'company', 9),
(486, 35, 'company', 132),
(487, 35, 'product', 51),
(488, 35, 'product', 79),
(489, 35, 'product', 124),
(490, 35, 'product', 48),
(491, 35, 'product', 62),
(492, 36, 'course', 31),
(493, 36, 'course', 37),
(494, 36, 'course', 31),
(495, 36, 'company', 28),
(496, 36, 'company', 60),
(497, 36, 'company', 108),
(498, 36, 'company', 110),
(499, 36, 'product', 166),
(500, 36, 'product', 130),
(501, 36, 'product', 52),
(502, 36, 'product', 38),
(503, 37, 'course', 43),
(504, 37, 'course', 13),
(505, 37, 'course', 49),
(506, 37, 'course', 7),
(507, 37, 'course', 33),
(508, 37, 'course', 16),
(509, 37, 'company', 121),
(510, 37, 'company', 47),
(511, 37, 'company', 35),
(512, 37, 'company', 104),
(513, 37, 'company', 152),
(514, 37, 'company', 155),
(515, 37, 'product', 236),
(516, 37, 'product', 215),
(517, 37, 'product', 178),
(518, 37, 'product', 169),
(519, 37, 'product', 252),
(520, 37, 'product', 21),
(521, 38, 'course', 15),
(522, 38, 'course', 4),
(523, 38, 'course', 15),
(524, 38, 'course', 27),
(525, 38, 'company', 107),
(526, 38, 'company', 25),
(527, 38, 'company', 51),
(528, 38, 'company', 129),
(529, 38, 'company', 80),
(530, 38, 'product', 33),
(531, 38, 'product', 243),
(532, 38, 'product', 115),
(533, 38, 'product', 148),
(534, 38, 'product', 233),
(535, 39, 'course', 1),
(536, 39, 'course', 33),
(537, 39, 'course', 28),
(538, 39, 'course', 42),
(539, 39, 'course', 40),
(540, 39, 'course', 45),
(541, 39, 'company', 84),
(542, 39, 'company', 66),
(543, 39, 'company', 14),
(544, 39, 'company', 108),
(545, 39, 'product', 219),
(546, 39, 'product', 161),
(547, 39, 'product', 174),
(548, 39, 'product', 254),
(549, 39, 'product', 131),
(550, 40, 'course', 24),
(551, 40, 'course', 47),
(552, 40, 'course', 13),
(553, 40, 'course', 21),
(554, 40, 'course', 26),
(555, 40, 'company', 6),
(556, 40, 'company', 86),
(557, 40, 'company', 48),
(558, 40, 'product', 35),
(559, 40, 'product', 102),
(560, 40, 'product', 82),
(561, 41, 'course', 7),
(562, 41, 'course', 32),
(563, 41, 'course', 14),
(564, 41, 'course', 31),
(565, 41, 'course', 12),
(566, 41, 'company', 130),
(567, 41, 'company', 94),
(568, 41, 'company', 31),
(569, 41, 'company', 47),
(570, 41, 'company', 69),
(571, 41, 'company', 68),
(572, 41, 'product', 77),
(573, 41, 'product', 77),
(574, 41, 'product', 125),
(575, 41, 'product', 195),
(576, 41, 'product', 164),
(577, 42, 'course', 21),
(578, 42, 'course', 17),
(579, 42, 'course', 10),
(580, 42, 'course', 16),
(581, 42, 'course', 48),
(582, 42, 'company', 42),
(583, 42, 'company', 101),
(584, 42, 'company', 15),
(585, 42, 'company', 41),
(586, 42, 'product', 23),
(587, 42, 'product', 24),
(588, 42, 'product', 2),
(589, 43, 'course', 32),
(590, 43, 'course', 38),
(591, 43, 'course', 10),
(592, 43, 'course', 1),
(593, 43, 'course', 7),
(594, 43, 'course', 24),
(595, 43, 'company', 78),
(596, 43, 'company', 75),
(597, 43, 'company', 127),
(598, 43, 'product', 256),
(599, 43, 'product', 83),
(600, 43, 'product', 247),
(601, 43, 'product', 118),
(602, 43, 'product', 100),
(603, 43, 'product', 176),
(604, 44, 'course', 27),
(605, 44, 'course', 26),
(606, 44, 'course', 31),
(607, 44, 'course', 24),
(608, 44, 'course', 34),
(609, 44, 'course', 11),
(610, 44, 'company', 131),
(611, 44, 'company', 5),
(612, 44, 'company', 35),
(613, 44, 'company', 105),
(614, 44, 'company', 6),
(615, 44, 'company', 68),
(616, 44, 'product', 4),
(617, 44, 'product', 224),
(618, 44, 'product', 151),
(619, 44, 'product', 112),
(620, 44, 'product', 97),
(621, 45, 'course', 23),
(622, 45, 'course', 34),
(623, 45, 'course', 16),
(624, 45, 'course', 16),
(625, 45, 'course', 42),
(626, 45, 'company', 22),
(627, 45, 'company', 142),
(628, 45, 'company', 42),
(629, 45, 'company', 83),
(630, 45, 'company', 155),
(631, 45, 'company', 148),
(632, 45, 'product', 51),
(633, 45, 'product', 165),
(634, 45, 'product', 109),
(635, 45, 'product', 103),
(636, 46, 'course', 26),
(637, 46, 'course', 44),
(638, 46, 'course', 17),
(639, 46, 'company', 69),
(640, 46, 'company', 98),
(641, 46, 'company', 14),
(642, 46, 'product', 260),
(643, 46, 'product', 59),
(644, 46, 'product', 120),
(645, 46, 'product', 228),
(646, 47, 'course', 4),
(647, 47, 'course', 15),
(648, 47, 'course', 2),
(649, 47, 'company', 55),
(650, 47, 'company', 72),
(651, 47, 'company', 99),
(652, 47, 'company', 120),
(653, 47, 'company', 79),
(654, 47, 'product', 186),
(655, 47, 'product', 199),
(656, 47, 'product', 48),
(657, 48, 'course', 27),
(658, 48, 'course', 36),
(659, 48, 'course', 37),
(660, 48, 'course', 4),
(661, 48, 'course', 2),
(662, 48, 'course', 19),
(663, 48, 'company', 103),
(664, 48, 'company', 61),
(665, 48, 'company', 94),
(666, 48, 'product', 241),
(667, 48, 'product', 207),
(668, 48, 'product', 122),
(669, 49, 'course', 22),
(670, 49, 'course', 41),
(671, 49, 'course', 39),
(672, 49, 'course', 23),
(673, 49, 'company', 129),
(674, 49, 'company', 157),
(675, 49, 'company', 123),
(676, 49, 'company', 70),
(677, 49, 'company', 70),
(678, 49, 'company', 72),
(679, 49, 'product', 172),
(680, 49, 'product', 50),
(681, 49, 'product', 106),
(682, 49, 'product', 76),
(683, 49, 'product', 114),
(684, 49, 'product', 114),
(685, 50, 'course', 27),
(686, 50, 'course', 49),
(687, 50, 'course', 29),
(688, 50, 'company', 25),
(689, 50, 'company', 72),
(690, 50, 'company', 73),
(691, 50, 'company', 156),
(692, 50, 'company', 130),
(693, 50, 'company', 92),
(694, 50, 'product', 202),
(695, 50, 'product', 125),
(696, 50, 'product', 139),
(699, 1, 'product', 5),
(704, 1, 'product', 29),
(705, 1, 'product', 30),
(709, 1, 'product', 191),
(710, 1, 'product', 192),
(711, 1, 'product', 190),
(712, 1, 'product', 195),
(714, 1, 'product', 193),
(716, 1, 'product', 194),
(735, 3, 'product', 38),
(736, 1, 'product', 203),
(737, 1, 'product', 204),
(738, 1, 'product', 207),
(743, 1, 'product', 8),
(756, 1, 'product', 1),
(767, 1, 'product', 3),
(768, 1, 'product', 16),
(770, 1, 'product', 189),
(773, 1, 'product', 166),
(776, 4, 'product', 1),
(777, 4, 'product', 2),
(778, 4, 'product', 3),
(781, 17, 'product', 1),
(783, 17, 'product', 11),
(784, 17, 'product', 22),
(785, 17, 'product', 24),
(786, 17, 'product', 23),
(790, 99, 'product', 1),
(794, 99, 'product', 12),
(798, 99, 'product', 166),
(800, 1, 'product', 10),
(801, 1, 'product', 11),
(803, 1, 'product', 45),
(817, 1, 'course', 50),
(838, 99, 'product', 7),
(842, 99, 'product', 6),
(856, 1, 'course', 11),
(862, 1, 'product', 7),
(863, 1, 'product', 134),
(866, 1, 'company', 2),
(867, 1, 'company', 7),
(868, 1, 'company', 6),
(869, 1, 'company', 11),
(870, 1, 'company', 1),
(871, 1, 'course', 2),
(872, 1, 'course', 4),
(873, 1, 'course', 13),
(874, 1, 'course', 65),
(875, 1, 'course', 64),
(876, 1, 'course', 22),
(878, 1, 'course', 3),
(882, 1, 'course', 14),
(884, 1, 'product', 28),
(886, 6, 'product', 2);

-- --------------------------------------------------------

--
-- 資料表結構 `mahjong_table`
--

CREATE TABLE `mahjong_table` (
  `id` int(11) NOT NULL,
  `company_id` int(11) NOT NULL,
  `name` varchar(20) NOT NULL,
  `status` tinyint(10) NOT NULL,
  `playroom_type` tinyint(4) NOT NULL,
  `price` varchar(10) NOT NULL,
  `create_at` datetime NOT NULL,
  `update_at` datetime DEFAULT NULL,
  `is_deleted` int(11) NOT NULL DEFAULT 0
) ENGINE=InnoDB DEFAULT CHARSET=utf8mb4 COLLATE=utf8mb4_unicode_ci;

--
-- 傾印資料表的資料 `mahjong_table`
--

INSERT INTO `mahjong_table` (`id`, `company_id`, `name`, `status`, `playroom_type`, `price`, `create_at`, `update_at`, `is_deleted`) VALUES
(1, 1, 'EA-76', 0, 1, '1000', '2024-08-20 12:05:39', '0000-00-00 00:00:00', 0),
(2, 1, 'ED-79', 2, 1, '800', '2024-08-20 12:05:39', '0000-00-00 00:00:00', 0),
(3, 1, 'CE-27', 1, 0, '300', '2024-08-20 12:05:39', '0000-00-00 00:00:00', 0),
(4, 1, 'CD-61', 1, 0, '400', '2024-08-20 12:05:39', '0000-00-00 00:00:00', 0),
(5, 1, 'AD-13', 1, 0, '300', '2024-08-20 12:05:39', '0000-00-00 00:00:00', 0),
(6, 1, 'CA-77', 0, 0, '300', '2024-08-20 12:05:39', '0000-00-00 00:00:00', 0),
(7, 1, 'AC-85', 2, 0, '500', '2024-08-20 12:05:39', '0000-00-00 00:00:00', 0),
(8, 1, 'EB-92', 1, 0, '500', '2024-08-20 12:05:39', '0000-00-00 00:00:00', 0),
(9, 2, 'AC-59', 0, 0, '400', '2024-08-20 12:05:39', '0000-00-00 00:00:00', 0),
(10, 2, 'DB-75', 1, 0, '500', '2024-08-20 12:05:39', '0000-00-00 00:00:00', 0),
(11, 2, 'BA-68', 0, 0, '300', '2024-08-20 12:05:39', '0000-00-00 00:00:00', 0),
(12, 2, 'AB-73', 0, 1, '1000', '2024-08-20 12:05:39', '0000-00-00 00:00:00', 0),
(13, 2, 'AD-36', 2, 0, '300', '2024-08-20 12:05:39', '0000-00-00 00:00:00', 0),
(14, 2, 'CB-39', 1, 1, '900', '2024-08-20 12:05:39', '0000-00-00 00:00:00', 0),
(15, 2, 'BE-89', 2, 0, '400', '2024-08-20 12:05:39', '0000-00-00 00:00:00', 0),
(16, 2, 'DC-93', 2, 0, '400', '2024-08-20 12:05:39', '0000-00-00 00:00:00', 0),
(17, 3, 'DE-58', 1, 0, '300', '2024-08-20 12:05:39', '0000-00-00 00:00:00', 0),
(18, 3, 'CA-90', 2, 1, '900', '2024-08-20 12:05:39', '0000-00-00 00:00:00', 0),
(19, 3, 'DB-94', 2, 0, '300', '2024-08-20 12:05:39', '0000-00-00 00:00:00', 0),
(20, 3, 'AE-30', 1, 0, '300', '2024-08-20 12:05:39', '0000-00-00 00:00:00', 0),
(21, 3, 'EC-31', 2, 0, '400', '2024-08-20 12:05:39', '0000-00-00 00:00:00', 0),
(22, 3, 'CE-46', 2, 1, '900', '2024-08-20 12:05:39', '0000-00-00 00:00:00', 0),
(23, 3, 'AD-35', 0, 0, '500', '2024-08-20 12:05:39', '0000-00-00 00:00:00', 0),
(24, 3, 'DA-24', 0, 0, '300', '2024-08-20 12:05:39', '0000-00-00 00:00:00', 0),
(25, 3, 'BD-88', 1, 0, '400', '2024-08-20 12:05:39', '0000-00-00 00:00:00', 0),
(26, 4, 'DA-94', 2, 0, '300', '2024-08-20 12:05:39', '0000-00-00 00:00:00', 0),
(27, 4, 'CA-82', 0, 0, '300', '2024-08-20 12:05:39', '0000-00-00 00:00:00', 0),
(28, 4, 'CB-54', 1, 1, '800', '2024-08-20 12:05:39', '0000-00-00 00:00:00', 0),
(29, 4, 'DE-29', 1, 0, '500', '2024-08-20 12:05:39', '0000-00-00 00:00:00', 0),
(30, 4, 'BE-90', 0, 0, '400', '2024-08-20 12:05:39', '0000-00-00 00:00:00', 0),
(31, 4, 'AD-18', 0, 1, '1000', '2024-08-20 12:05:39', '0000-00-00 00:00:00', 0),
(32, 4, 'EC-81', 0, 0, '300', '2024-08-20 12:05:39', '0000-00-00 00:00:00', 0),
(33, 4, 'AE-97', 0, 0, '400', '2024-08-20 12:05:39', '0000-00-00 00:00:00', 0),
(34, 4, 'EA-89', 2, 0, '300', '2024-08-20 12:05:39', '0000-00-00 00:00:00', 0),
(35, 4, 'CE-14', 0, 0, '300', '2024-08-20 12:05:39', '0000-00-00 00:00:00', 0),
(36, 5, 'AD-10', 2, 0, '300', '2024-08-20 12:05:39', '0000-00-00 00:00:00', 0),
(37, 5, 'EA-38', 2, 1, '800', '2024-08-20 12:05:39', '0000-00-00 00:00:00', 0),
(38, 5, 'ED-46', 2, 0, '500', '2024-08-20 12:05:39', '0000-00-00 00:00:00', 0),
(39, 5, 'DB-97', 1, 1, '1000', '2024-08-20 12:05:39', '0000-00-00 00:00:00', 0),
(40, 5, 'CE-91', 1, 0, '400', '2024-08-20 12:05:39', '0000-00-00 00:00:00', 0),
(41, 5, 'BD-78', 1, 0, '300', '2024-08-20 12:05:39', '0000-00-00 00:00:00', 0),
(42, 5, 'BC-32', 1, 0, '400', '2024-08-20 12:05:39', '0000-00-00 00:00:00', 0),
(43, 5, 'CB-15', 1, 0, '400', '2024-08-20 12:05:39', '0000-00-00 00:00:00', 0),
(44, 5, 'EB-61', 0, 0, '500', '2024-08-20 12:05:39', '0000-00-00 00:00:00', 0),
(45, 5, 'DE-63', 1, 0, '500', '2024-08-20 12:05:39', '0000-00-00 00:00:00', 0),
(46, 6, 'DE-56', 1, 1, '900', '2024-08-20 12:05:39', '0000-00-00 00:00:00', 0),
(47, 6, 'BE-41', 0, 1, '1000', '2024-08-20 12:05:39', '0000-00-00 00:00:00', 0),
(48, 6, 'EC-69', 2, 0, '400', '2024-08-20 12:05:39', '0000-00-00 00:00:00', 0),
(49, 6, 'CE-37', 1, 0, '300', '2024-08-20 12:05:39', '0000-00-00 00:00:00', 0),
(50, 6, 'DA-79', 2, 0, '400', '2024-08-20 12:05:39', '0000-00-00 00:00:00', 0),
(51, 6, 'CD-16', 0, 0, '300', '2024-08-20 12:05:39', '0000-00-00 00:00:00', 0),
(52, 6, 'CB-94', 1, 0, '500', '2024-08-20 12:05:39', '0000-00-00 00:00:00', 0),
(53, 6, 'DB-66', 0, 0, '500', '2024-08-20 12:05:39', '0000-00-00 00:00:00', 0),
(54, 6, 'BD-82', 2, 0, '300', '2024-08-20 12:05:39', '0000-00-00 00:00:00', 0),
(55, 7, 'DB-29', 1, 0, '400', '2024-08-20 12:05:39', '0000-00-00 00:00:00', 0),
(56, 7, 'BE-72', 1, 1, '1000', '2024-08-20 12:05:39', '0000-00-00 00:00:00', 0),
(57, 7, 'AE-20', 0, 0, '300', '2024-08-20 12:05:39', '0000-00-00 00:00:00', 0),
(58, 7, 'CA-50', 1, 0, '300', '2024-08-20 12:05:39', '0000-00-00 00:00:00', 0),
(59, 7, 'BC-18', 1, 0, '500', '2024-08-20 12:05:39', '0000-00-00 00:00:00', 0),
(60, 7, 'ED-70', 1, 1, '1000', '2024-08-20 12:05:39', '0000-00-00 00:00:00', 0),
(61, 7, 'EB-30', 1, 0, '300', '2024-08-20 12:05:39', '0000-00-00 00:00:00', 0),
(62, 7, 'BD-99', 1, 0, '500', '2024-08-20 12:05:39', '0000-00-00 00:00:00', 0),
(63, 7, 'BA-94', 0, 0, '400', '2024-08-20 12:05:39', '0000-00-00 00:00:00', 0),
(64, 8, 'BD-70', 1, 0, '400', '2024-08-20 12:05:39', '0000-00-00 00:00:00', 0),
(65, 8, 'AC-66', 2, 0, '500', '2024-08-20 12:05:39', '0000-00-00 00:00:00', 0),
(66, 8, 'DA-72', 2, 0, '500', '2024-08-20 12:05:39', '0000-00-00 00:00:00', 0),
(67, 8, 'CA-57', 0, 1, '800', '2024-08-20 12:05:39', '0000-00-00 00:00:00', 0),
(68, 8, 'EC-96', 1, 0, '300', '2024-08-20 12:05:39', '0000-00-00 00:00:00', 0),
(69, 8, 'BC-47', 2, 0, '300', '2024-08-20 12:05:39', '0000-00-00 00:00:00', 0),
(70, 8, 'ED-12', 2, 1, '1000', '2024-08-20 12:05:39', '0000-00-00 00:00:00', 0),
(71, 8, 'DB-56', 1, 0, '300', '2024-08-20 12:05:39', '0000-00-00 00:00:00', 0),
(72, 9, 'EA-72', 1, 1, '800', '2024-08-20 12:05:39', '0000-00-00 00:00:00', 0),
(73, 9, 'BC-43', 1, 0, '400', '2024-08-20 12:05:39', '0000-00-00 00:00:00', 0),
(74, 9, 'AC-94', 1, 1, '1000', '2024-08-20 12:05:39', '0000-00-00 00:00:00', 0),
(75, 9, 'BA-83', 0, 0, '400', '2024-08-20 12:05:39', '0000-00-00 00:00:00', 0),
(76, 9, 'DB-70', 1, 0, '400', '2024-08-20 12:05:39', '0000-00-00 00:00:00', 0),
(77, 9, 'DC-56', 2, 0, '400', '2024-08-20 12:05:39', '0000-00-00 00:00:00', 0),
(78, 9, 'CB-46', 1, 0, '300', '2024-08-20 12:05:39', '0000-00-00 00:00:00', 0),
(79, 9, 'DA-95', 1, 0, '500', '2024-08-20 12:05:39', '0000-00-00 00:00:00', 0),
(80, 9, 'AE-26', 0, 0, '300', '2024-08-20 12:05:39', '0000-00-00 00:00:00', 0),
(81, 9, 'AB-57', 0, 0, '300', '2024-08-20 12:05:39', '0000-00-00 00:00:00', 0),
(82, 10, 'AE-11', 2, 0, '300', '2024-08-20 12:05:39', '0000-00-00 00:00:00', 0),
(83, 10, 'EA-29', 2, 1, '1000', '2024-08-20 12:05:39', '0000-00-00 00:00:00', 0),
(84, 10, 'CA-88', 0, 1, '800', '2024-08-20 12:05:39', '0000-00-00 00:00:00', 0),
(85, 10, 'BE-20', 0, 0, '300', '2024-08-20 12:05:39', '0000-00-00 00:00:00', 0),
(86, 10, 'DB-36', 0, 0, '500', '2024-08-20 12:05:39', '0000-00-00 00:00:00', 0),
(87, 10, 'AD-51', 2, 0, '500', '2024-08-20 12:05:39', '0000-00-00 00:00:00', 0),
(88, 10, 'BD-35', 2, 0, '400', '2024-08-20 12:05:39', '0000-00-00 00:00:00', 0),
(89, 10, 'EB-70', 1, 0, '500', '2024-08-20 12:05:39', '0000-00-00 00:00:00', 0),
(90, 10, 'AB-43', 0, 0, '500', '2024-08-20 12:05:39', '0000-00-00 00:00:00', 0),
(91, 10, 'CB-30', 1, 0, '500', '2024-08-20 12:05:39', '0000-00-00 00:00:00', 0),
(92, 11, 'ED-74', 2, 1, '900', '2024-08-20 12:05:39', '0000-00-00 00:00:00', 0),
(93, 11, 'DC-54', 2, 0, '300', '2024-08-20 12:05:39', '0000-00-00 00:00:00', 0),
(94, 11, 'CE-30', 0, 0, '300', '2024-08-20 12:05:39', '0000-00-00 00:00:00', 0),
(95, 11, 'AD-20', 2, 0, '500', '2024-08-20 12:05:39', '0000-00-00 00:00:00', 0),
(96, 11, 'AE-50', 2, 1, '900', '2024-08-20 12:05:39', '0000-00-00 00:00:00', 0),
(97, 11, 'EA-82', 1, 0, '500', '2024-08-20 12:05:39', '0000-00-00 00:00:00', 0),
(98, 11, 'CD-55', 2, 0, '400', '2024-08-20 12:05:39', '0000-00-00 00:00:00', 0),
(99, 11, 'CB-39', 2, 0, '300', '2024-08-20 12:05:39', '0000-00-00 00:00:00', 0),
(100, 11, 'AC-62', 1, 0, '400', '2024-08-20 12:05:39', '0000-00-00 00:00:00', 0),
(101, 11, 'DE-67', 0, 0, '300', '2024-08-20 12:05:39', '0000-00-00 00:00:00', 0),
(102, 12, 'DA-27', 1, 1, '900', '2024-08-20 12:05:39', '0000-00-00 00:00:00', 0),
(103, 12, 'DC-11', 1, 0, '500', '2024-08-20 12:05:39', '0000-00-00 00:00:00', 0),
(104, 12, 'BE-37', 0, 0, '300', '2024-08-20 12:05:39', '0000-00-00 00:00:00', 0),
(105, 12, 'DB-44', 1, 1, '800', '2024-08-20 12:05:39', '0000-00-00 00:00:00', 0),
(106, 12, 'AD-60', 0, 0, '400', '2024-08-20 12:05:39', '0000-00-00 00:00:00', 0),
(107, 12, 'EC-39', 0, 0, '400', '2024-08-20 12:05:39', '0000-00-00 00:00:00', 0),
(108, 12, 'ED-65', 1, 0, '300', '2024-08-20 12:05:39', '0000-00-00 00:00:00', 0),
(109, 12, 'CA-18', 1, 0, '500', '2024-08-20 12:05:39', '0000-00-00 00:00:00', 0),
(110, 12, 'BD-72', 0, 0, '400', '2024-08-20 12:05:39', '0000-00-00 00:00:00', 0),
(111, 12, 'BC-90', 1, 0, '500', '2024-08-20 12:05:39', '0000-00-00 00:00:00', 0),
(112, 13, 'EA-86', 0, 1, '1000', '2024-08-20 12:05:39', '0000-00-00 00:00:00', 0),
(113, 13, 'CE-98', 0, 1, '900', '2024-08-20 12:05:39', '0000-00-00 00:00:00', 0),
(114, 13, 'ED-18', 0, 0, '400', '2024-08-20 12:05:39', '0000-00-00 00:00:00', 0),
(115, 13, 'CD-41', 0, 0, '400', '2024-08-20 12:05:39', '0000-00-00 00:00:00', 0),
(116, 13, 'BC-91', 1, 0, '400', '2024-08-20 12:05:39', '0000-00-00 00:00:00', 0),
(117, 13, 'EC-83', 1, 0, '500', '2024-08-20 12:05:39', '0000-00-00 00:00:00', 0),
(118, 13, 'BE-51', 2, 0, '500', '2024-08-20 12:05:39', '0000-00-00 00:00:00', 0),
(119, 13, 'BD-82', 1, 0, '300', '2024-08-20 12:05:39', '0000-00-00 00:00:00', 0),
(120, 13, 'CA-59', 0, 0, '500', '2024-08-20 12:05:39', '0000-00-00 00:00:00', 0),
(121, 13, 'DC-67', 1, 0, '300', '2024-08-20 12:05:39', '0000-00-00 00:00:00', 0),
(122, 14, 'CA-70', 0, 0, '300', '2024-08-20 12:05:39', '0000-00-00 00:00:00', 0),
(123, 14, 'CE-89', 1, 0, '500', '2024-08-20 12:05:39', '0000-00-00 00:00:00', 0),
(124, 14, 'DC-87', 2, 0, '300', '2024-08-20 12:05:39', '0000-00-00 00:00:00', 0),
(125, 14, 'EA-47', 2, 0, '300', '2024-08-20 12:05:39', '0000-00-00 00:00:00', 0),
(126, 14, 'EC-41', 1, 0, '400', '2024-08-20 12:05:39', '0000-00-00 00:00:00', 0),
(127, 14, 'BE-13', 0, 0, '500', '2024-08-20 12:05:39', '0000-00-00 00:00:00', 0),
(128, 14, 'AC-69', 0, 1, '900', '2024-08-20 12:05:39', '0000-00-00 00:00:00', 0),
(129, 14, 'EB-86', 1, 1, '900', '2024-08-20 12:05:39', '0000-00-00 00:00:00', 0),
(130, 14, 'BD-46', 0, 0, '500', '2024-08-20 12:05:39', '0000-00-00 00:00:00', 0),
(131, 15, 'AE-16', 1, 1, '1000', '2024-08-20 12:05:39', '0000-00-00 00:00:00', 0),
(132, 15, 'CB-50', 2, 1, '900', '2024-08-20 12:05:39', '0000-00-00 00:00:00', 0),
(133, 15, 'EA-90', 1, 0, '500', '2024-08-20 12:05:39', '0000-00-00 00:00:00', 0),
(134, 15, 'CD-32', 1, 0, '500', '2024-08-20 12:05:39', '0000-00-00 00:00:00', 0),
(135, 15, 'AC-51', 2, 0, '500', '2024-08-20 12:05:39', '0000-00-00 00:00:00', 0),
(136, 15, 'BD-18', 0, 0, '300', '2024-08-20 12:05:39', '0000-00-00 00:00:00', 0),
(137, 15, 'BA-76', 0, 0, '500', '2024-08-20 12:05:39', '0000-00-00 00:00:00', 0),
(138, 15, 'CE-53', 0, 0, '400', '2024-08-20 12:05:39', '0000-00-00 00:00:00', 0),
(139, 16, 'DE-79', 0, 0, '500', '2024-08-20 12:05:39', '0000-00-00 00:00:00', 0),
(140, 16, 'DB-80', 0, 1, '800', '2024-08-20 12:05:39', '0000-00-00 00:00:00', 0),
(141, 16, 'BA-43', 0, 1, '800', '2024-08-20 12:05:39', '0000-00-00 00:00:00', 0),
(142, 16, 'AE-16', 2, 0, '500', '2024-08-20 12:05:39', '0000-00-00 00:00:00', 0),
(143, 16, 'BD-15', 0, 0, '300', '2024-08-20 12:05:39', '0000-00-00 00:00:00', 0),
(144, 16, 'BE-27', 2, 0, '400', '2024-08-20 12:05:39', '0000-00-00 00:00:00', 0),
(145, 16, 'CD-91', 2, 0, '400', '2024-08-20 12:05:39', '0000-00-00 00:00:00', 0),
(146, 16, 'AC-73', 0, 0, '500', '2024-08-20 12:05:39', '0000-00-00 00:00:00', 0),
(147, 16, 'DA-35', 2, 0, '300', '2024-08-20 12:05:39', '0000-00-00 00:00:00', 0),
(148, 17, 'ED-10', 1, 0, '500', '2024-08-20 12:05:39', '0000-00-00 00:00:00', 0),
(149, 17, 'EC-75', 0, 0, '400', '2024-08-20 12:05:39', '0000-00-00 00:00:00', 0),
(150, 17, 'BA-90', 2, 0, '500', '2024-08-20 12:05:39', '0000-00-00 00:00:00', 0),
(151, 17, 'CE-59', 0, 1, '800', '2024-08-20 12:05:39', '0000-00-00 00:00:00', 0),
(152, 17, 'CB-51', 1, 1, '900', '2024-08-20 12:05:39', '0000-00-00 00:00:00', 0),
(153, 17, 'AC-67', 0, 0, '400', '2024-08-20 12:05:39', '0000-00-00 00:00:00', 0),
(154, 17, 'BE-24', 0, 0, '400', '2024-08-20 12:05:39', '0000-00-00 00:00:00', 0),
(155, 17, 'AB-35', 2, 0, '500', '2024-08-20 12:05:39', '0000-00-00 00:00:00', 0),
(156, 18, 'BC-56', 1, 1, '800', '2024-08-20 12:05:39', '0000-00-00 00:00:00', 0),
(157, 18, 'EC-37', 2, 0, '300', '2024-08-20 12:05:39', '0000-00-00 00:00:00', 0),
(158, 18, 'AB-33', 1, 1, '800', '2024-08-20 12:05:39', '0000-00-00 00:00:00', 0),
(159, 18, 'DE-51', 1, 0, '400', '2024-08-20 12:05:39', '0000-00-00 00:00:00', 0),
(160, 18, 'EB-72', 1, 0, '500', '2024-08-20 12:05:39', '0000-00-00 00:00:00', 0),
(161, 18, 'BA-88', 0, 0, '300', '2024-08-20 12:05:39', '0000-00-00 00:00:00', 0),
(162, 18, 'AE-11', 1, 0, '300', '2024-08-20 12:05:39', '0000-00-00 00:00:00', 0),
(163, 18, 'CD-58', 2, 0, '500', '2024-08-20 12:05:39', '0000-00-00 00:00:00', 0),
(164, 18, 'AC-92', 0, 0, '400', '2024-08-20 12:05:39', '0000-00-00 00:00:00', 0),
(165, 18, 'CA-45', 1, 0, '500', '2024-08-20 12:05:39', '0000-00-00 00:00:00', 0),
(166, 19, 'AE-48', 0, 1, '900', '2024-08-20 12:05:39', '0000-00-00 00:00:00', 0),
(167, 19, 'BA-91', 2, 1, '1000', '2024-08-20 12:05:39', '0000-00-00 00:00:00', 0),
(168, 19, 'AD-32', 0, 0, '300', '2024-08-20 12:05:39', '0000-00-00 00:00:00', 0),
(169, 19, 'AB-68', 2, 0, '500', '2024-08-20 12:05:39', '0000-00-00 00:00:00', 0),
(170, 19, 'EC-44', 0, 0, '500', '2024-08-20 12:05:39', '0000-00-00 00:00:00', 0),
(171, 19, 'ED-18', 2, 0, '500', '2024-08-20 12:05:39', '0000-00-00 00:00:00', 0),
(172, 19, 'BE-60', 2, 0, '400', '2024-08-20 12:05:39', '0000-00-00 00:00:00', 0),
(173, 19, 'DE-69', 1, 0, '300', '2024-08-20 12:05:39', '0000-00-00 00:00:00', 0),
(174, 20, 'AC-46', 2, 0, '400', '2024-08-20 12:05:39', '0000-00-00 00:00:00', 0),
(175, 20, 'CA-95', 1, 0, '300', '2024-08-20 12:05:39', '0000-00-00 00:00:00', 0),
(176, 20, 'DA-93', 0, 0, '500', '2024-08-20 12:05:39', '0000-00-00 00:00:00', 0),
(177, 20, 'ED-39', 2, 1, '1000', '2024-08-20 12:05:39', '0000-00-00 00:00:00', 0),
(178, 20, 'CE-21', 2, 0, '400', '2024-08-20 12:05:39', '0000-00-00 00:00:00', 0),
(179, 20, 'DB-57', 2, 1, '900', '2024-08-20 12:05:39', '0000-00-00 00:00:00', 0),
(180, 20, 'EB-51', 2, 0, '500', '2024-08-20 12:05:39', '0000-00-00 00:00:00', 0),
(181, 20, 'CD-32', 2, 0, '400', '2024-08-20 12:05:39', '0000-00-00 00:00:00', 0),
(182, 21, 'CE-28', 2, 1, '900', '2024-08-20 12:05:39', '0000-00-00 00:00:00', 0),
(183, 21, 'CD-21', 2, 1, '900', '2024-08-20 12:05:39', '0000-00-00 00:00:00', 0),
(184, 21, 'BC-55', 2, 0, '400', '2024-08-20 12:05:39', '0000-00-00 00:00:00', 0),
(185, 21, 'DB-15', 1, 0, '500', '2024-08-20 12:05:39', '0000-00-00 00:00:00', 0),
(186, 21, 'EB-83', 0, 0, '300', '2024-08-20 12:05:39', '0000-00-00 00:00:00', 0),
(187, 21, 'DA-63', 0, 0, '500', '2024-08-20 12:05:39', '0000-00-00 00:00:00', 0),
(188, 21, 'EA-76', 0, 0, '500', '2024-08-20 12:05:39', '0000-00-00 00:00:00', 0),
(189, 21, 'AC-80', 2, 0, '300', '2024-08-20 12:05:39', '0000-00-00 00:00:00', 0),
(190, 21, 'ED-94', 1, 0, '300', '2024-08-20 12:05:39', '0000-00-00 00:00:00', 0),
(191, 22, 'DA-38', 2, 1, '1000', '2024-08-20 12:05:39', '0000-00-00 00:00:00', 0),
(192, 22, 'BE-10', 2, 1, '800', '2024-08-20 12:05:39', '0000-00-00 00:00:00', 0),
(193, 22, 'DB-19', 2, 0, '400', '2024-08-20 12:05:39', '0000-00-00 00:00:00', 0),
(194, 22, 'BD-48', 0, 0, '500', '2024-08-20 12:05:39', '0000-00-00 00:00:00', 0),
(195, 22, 'AB-13', 0, 0, '300', '2024-08-20 12:05:39', '0000-00-00 00:00:00', 0),
(196, 22, 'CA-36', 0, 0, '500', '2024-08-20 12:05:39', '0000-00-00 00:00:00', 0),
(197, 22, 'AE-42', 1, 0, '300', '2024-08-20 12:05:39', '0000-00-00 00:00:00', 0),
(198, 22, 'DC-94', 1, 0, '300', '2024-08-20 12:05:39', '0000-00-00 00:00:00', 0),
(199, 22, 'EC-53', 1, 0, '400', '2024-08-20 12:05:39', '0000-00-00 00:00:00', 0),
(200, 22, 'BC-64', 2, 0, '500', '2024-08-20 12:05:39', '0000-00-00 00:00:00', 0),
(201, 23, 'DA-73', 1, 0, '400', '2024-08-20 12:05:39', '0000-00-00 00:00:00', 0),
(202, 23, 'CD-59', 2, 0, '300', '2024-08-20 12:05:39', '0000-00-00 00:00:00', 0),
(203, 23, 'EC-97', 1, 1, '800', '2024-08-20 12:05:39', '0000-00-00 00:00:00', 0),
(204, 23, 'AD-21', 1, 1, '900', '2024-08-20 12:05:39', '0000-00-00 00:00:00', 0),
(205, 23, 'EA-20', 0, 0, '500', '2024-08-20 12:05:39', '0000-00-00 00:00:00', 0),
(206, 23, 'DC-40', 2, 0, '400', '2024-08-20 12:05:39', '0000-00-00 00:00:00', 0),
(207, 23, 'AC-49', 2, 0, '500', '2024-08-20 12:05:39', '0000-00-00 00:00:00', 0),
(208, 23, 'DB-88', 1, 0, '300', '2024-08-20 12:05:39', '0000-00-00 00:00:00', 0),
(209, 23, 'AB-85', 2, 0, '300', '2024-08-20 12:05:39', '0000-00-00 00:00:00', 0),
(210, 24, 'AB-69', 1, 1, '1000', '2024-08-20 12:05:39', '0000-00-00 00:00:00', 0),
(211, 24, 'EA-42', 2, 1, '800', '2024-08-20 12:05:39', '0000-00-00 00:00:00', 0),
(212, 24, 'ED-32', 1, 0, '400', '2024-08-20 12:05:39', '0000-00-00 00:00:00', 0),
(213, 24, 'BA-47', 2, 0, '400', '2024-08-20 12:05:39', '0000-00-00 00:00:00', 0),
(214, 24, 'DA-97', 0, 0, '300', '2024-08-20 12:05:39', '0000-00-00 00:00:00', 0),
(215, 24, 'BD-72', 0, 0, '300', '2024-08-20 12:05:39', '0000-00-00 00:00:00', 0),
(216, 24, 'DB-58', 0, 0, '400', '2024-08-20 12:05:39', '0000-00-00 00:00:00', 0),
(217, 24, 'BE-53', 2, 0, '500', '2024-08-20 12:05:39', '0000-00-00 00:00:00', 0),
(218, 24, 'DE-56', 2, 0, '400', '2024-08-20 12:05:39', '0000-00-00 00:00:00', 0),
(219, 24, 'AC-91', 2, 0, '300', '2024-08-20 12:05:39', '0000-00-00 00:00:00', 0),
(220, 25, 'AC-65', 2, 1, '1000', '2024-08-20 12:05:39', '0000-00-00 00:00:00', 0),
(221, 25, 'AE-21', 1, 1, '1000', '2024-08-20 12:05:39', '0000-00-00 00:00:00', 0),
(222, 25, 'CD-61', 2, 0, '300', '2024-08-20 12:05:39', '0000-00-00 00:00:00', 0),
(223, 25, 'BA-13', 0, 0, '300', '2024-08-20 12:05:39', '0000-00-00 00:00:00', 0),
(224, 25, 'EB-95', 0, 0, '400', '2024-08-20 12:05:39', '0000-00-00 00:00:00', 0),
(225, 25, 'EC-81', 1, 0, '400', '2024-08-20 12:05:39', '0000-00-00 00:00:00', 0),
(226, 25, 'AB-84', 1, 0, '300', '2024-08-20 12:05:39', '0000-00-00 00:00:00', 0),
(227, 25, 'EA-39', 0, 0, '300', '2024-08-20 12:05:39', '0000-00-00 00:00:00', 0),
(228, 25, 'CB-99', 1, 0, '300', '2024-08-20 12:05:39', '0000-00-00 00:00:00', 0),
(229, 26, 'EA-24', 2, 0, '500', '2024-08-20 12:05:39', '0000-00-00 00:00:00', 0),
(230, 26, 'CB-50', 0, 1, '900', '2024-08-20 12:05:39', '0000-00-00 00:00:00', 0),
(231, 26, 'BD-71', 1, 0, '300', '2024-08-20 12:05:39', '0000-00-00 00:00:00', 0),
(232, 26, 'BE-75', 0, 0, '300', '2024-08-20 12:05:39', '0000-00-00 00:00:00', 0),
(233, 26, 'EB-41', 2, 1, '900', '2024-08-20 12:05:39', '0000-00-00 00:00:00', 0),
(234, 26, 'CD-17', 1, 0, '300', '2024-08-20 12:05:39', '0000-00-00 00:00:00', 0),
(235, 26, 'AB-95', 2, 0, '400', '2024-08-20 12:05:39', '0000-00-00 00:00:00', 0),
(236, 26, 'DE-87', 0, 0, '500', '2024-08-20 12:05:39', '0000-00-00 00:00:00', 0),
(237, 26, 'ED-92', 2, 0, '300', '2024-08-20 12:05:39', '0000-00-00 00:00:00', 0),
(238, 27, 'DA-65', 2, 1, '800', '2024-08-20 12:05:39', '0000-00-00 00:00:00', 0),
(239, 27, 'AE-28', 2, 1, '800', '2024-08-20 12:05:39', '0000-00-00 00:00:00', 0),
(240, 27, 'CE-60', 1, 0, '400', '2024-08-20 12:05:39', '0000-00-00 00:00:00', 0),
(241, 27, 'EC-49', 1, 0, '500', '2024-08-20 12:05:39', '0000-00-00 00:00:00', 0),
(242, 27, 'DE-98', 2, 0, '500', '2024-08-20 12:05:39', '0000-00-00 00:00:00', 0),
(243, 27, 'EB-70', 1, 0, '300', '2024-08-20 12:05:39', '0000-00-00 00:00:00', 0),
(244, 27, 'DC-78', 2, 0, '500', '2024-08-20 12:05:39', '0000-00-00 00:00:00', 0),
(245, 27, 'AC-90', 1, 0, '400', '2024-08-20 12:05:39', '0000-00-00 00:00:00', 0),
(246, 28, 'CE-40', 2, 0, '300', '2024-08-20 12:05:39', '0000-00-00 00:00:00', 0),
(247, 28, 'CB-52', 2, 1, '1000', '2024-08-20 12:05:39', '0000-00-00 00:00:00', 0),
(248, 28, 'ED-95', 2, 1, '800', '2024-08-20 12:05:39', '0000-00-00 00:00:00', 0),
(249, 28, 'EB-98', 1, 0, '300', '2024-08-20 12:05:39', '0000-00-00 00:00:00', 0),
(250, 28, 'BD-84', 2, 0, '300', '2024-08-20 12:05:39', '0000-00-00 00:00:00', 0),
(251, 28, 'AC-91', 0, 0, '300', '2024-08-20 12:05:39', '0000-00-00 00:00:00', 0),
(252, 28, 'EC-33', 2, 0, '400', '2024-08-20 12:05:39', '0000-00-00 00:00:00', 0),
(253, 28, 'DE-44', 2, 0, '400', '2024-08-20 12:05:39', '0000-00-00 00:00:00', 0),
(254, 28, 'BC-87', 0, 0, '400', '2024-08-20 12:05:39', '0000-00-00 00:00:00', 0),
(255, 29, 'ED-10', 0, 1, '800', '2024-08-20 12:05:39', '0000-00-00 00:00:00', 0),
(256, 29, 'DE-80', 2, 1, '900', '2024-08-20 12:05:39', '0000-00-00 00:00:00', 0),
(257, 29, 'BC-16', 1, 0, '500', '2024-08-20 12:05:39', '0000-00-00 00:00:00', 0),
(258, 29, 'DA-70', 1, 0, '400', '2024-08-20 12:05:39', '0000-00-00 00:00:00', 0),
(259, 29, 'CA-27', 0, 0, '300', '2024-08-20 12:05:39', '0000-00-00 00:00:00', 0),
(260, 29, 'AE-45', 0, 0, '500', '2024-08-20 12:05:39', '0000-00-00 00:00:00', 0),
(261, 29, 'EC-26', 0, 0, '500', '2024-08-20 12:05:39', '0000-00-00 00:00:00', 0),
(262, 29, 'DB-15', 2, 0, '500', '2024-08-20 12:05:39', '0000-00-00 00:00:00', 0),
(263, 30, 'AC-89', 2, 0, '400', '2024-08-20 12:05:39', '0000-00-00 00:00:00', 0),
(264, 30, 'DB-39', 0, 1, '1000', '2024-08-20 12:05:39', '0000-00-00 00:00:00', 0),
(265, 30, 'EC-40', 0, 1, '800', '2024-08-20 12:05:39', '0000-00-00 00:00:00', 0),
(266, 30, 'BE-59', 0, 0, '500', '2024-08-20 12:05:39', '0000-00-00 00:00:00', 0),
(267, 30, 'EA-30', 0, 0, '500', '2024-08-20 12:05:39', '0000-00-00 00:00:00', 0),
(268, 30, 'DA-22', 0, 0, '400', '2024-08-20 12:05:39', '0000-00-00 00:00:00', 0),
(269, 30, 'CA-10', 0, 0, '500', '2024-08-20 12:05:39', '0000-00-00 00:00:00', 0),
(270, 30, 'CD-84', 2, 0, '400', '2024-08-20 12:05:39', '0000-00-00 00:00:00', 0),
(271, 31, 'BA-20', 1, 0, '500', '2024-08-20 12:05:39', '0000-00-00 00:00:00', 0),
(272, 31, 'DB-59', 2, 1, '900', '2024-08-20 12:05:39', '0000-00-00 00:00:00', 0),
(273, 31, 'EC-36', 2, 0, '400', '2024-08-20 12:05:39', '0000-00-00 00:00:00', 0),
(274, 31, 'CA-73', 2, 1, '1000', '2024-08-20 12:05:39', '0000-00-00 00:00:00', 0),
(275, 31, 'DE-87', 0, 0, '400', '2024-08-20 12:05:39', '0000-00-00 00:00:00', 0),
(276, 31, 'ED-31', 1, 0, '300', '2024-08-20 12:05:39', '0000-00-00 00:00:00', 0),
(277, 31, 'BC-55', 1, 0, '400', '2024-08-20 12:05:39', '0000-00-00 00:00:00', 0),
(278, 31, 'BD-86', 1, 0, '300', '2024-08-20 12:05:39', '0000-00-00 00:00:00', 0),
(279, 31, 'EB-92', 2, 0, '300', '2024-08-20 12:05:39', '0000-00-00 00:00:00', 0),
(280, 32, 'DC-56', 1, 0, '300', '2024-08-20 12:05:39', '0000-00-00 00:00:00', 0),
(281, 32, 'DE-64', 0, 1, '900', '2024-08-20 12:05:39', '0000-00-00 00:00:00', 0),
(282, 32, 'CB-44', 1, 1, '900', '2024-08-20 12:05:39', '0000-00-00 00:00:00', 0),
(283, 32, 'DB-31', 0, 0, '500', '2024-08-20 12:05:39', '0000-00-00 00:00:00', 0),
(284, 32, 'EB-14', 1, 0, '400', '2024-08-20 12:05:39', '0000-00-00 00:00:00', 0),
(285, 32, 'AB-21', 2, 0, '300', '2024-08-20 12:05:39', '0000-00-00 00:00:00', 0),
(286, 32, 'AE-42', 0, 0, '500', '2024-08-20 12:05:39', '0000-00-00 00:00:00', 0),
(287, 32, 'CD-29', 1, 0, '300', '2024-08-20 12:05:39', '0000-00-00 00:00:00', 0),
(288, 32, 'BE-62', 1, 0, '300', '2024-08-20 12:05:39', '0000-00-00 00:00:00', 0),
(289, 33, 'BA-89', 0, 0, '500', '2024-08-20 12:05:39', '0000-00-00 00:00:00', 0),
(290, 33, 'CD-64', 0, 0, '300', '2024-08-20 12:05:39', '0000-00-00 00:00:00', 0),
(291, 33, 'AE-44', 0, 0, '500', '2024-08-20 12:05:39', '0000-00-00 00:00:00', 0),
(292, 33, 'DC-32', 0, 0, '500', '2024-08-20 12:05:39', '0000-00-00 00:00:00', 0),
(293, 33, 'CB-75', 0, 0, '500', '2024-08-20 12:05:39', '0000-00-00 00:00:00', 0),
(294, 33, 'DB-31', 0, 0, '400', '2024-08-20 12:05:39', '0000-00-00 00:00:00', 0),
(295, 33, 'BE-87', 1, 0, '500', '2024-08-20 12:05:39', '0000-00-00 00:00:00', 0),
(296, 33, 'AB-30', 2, 1, '1000', '2024-08-20 12:05:39', '0000-00-00 00:00:00', 0),
(297, 33, 'AD-27', 0, 0, '400', '2024-08-20 12:05:39', '0000-00-00 00:00:00', 0),
(298, 33, 'ED-96', 1, 1, '1000', '2024-08-20 12:05:39', '0000-00-00 00:00:00', 0),
(299, 34, 'ED-92', 2, 1, '900', '2024-08-20 12:05:39', '0000-00-00 00:00:00', 0),
(300, 34, 'CD-31', 2, 1, '900', '2024-08-20 12:05:39', '0000-00-00 00:00:00', 0),
(301, 34, 'BA-36', 0, 0, '500', '2024-08-20 12:05:39', '0000-00-00 00:00:00', 0),
(302, 34, 'CE-24', 2, 0, '400', '2024-08-20 12:05:39', '0000-00-00 00:00:00', 0),
(303, 34, 'DE-48', 1, 0, '300', '2024-08-20 12:05:39', '0000-00-00 00:00:00', 0),
(304, 34, 'BD-91', 0, 0, '400', '2024-08-20 12:05:39', '0000-00-00 00:00:00', 0),
(305, 34, 'EB-93', 1, 0, '400', '2024-08-20 12:05:39', '0000-00-00 00:00:00', 0),
(306, 34, 'BE-12', 0, 0, '400', '2024-08-20 12:05:39', '0000-00-00 00:00:00', 0),
(307, 34, 'DC-69', 0, 0, '400', '2024-08-20 12:05:39', '0000-00-00 00:00:00', 0),
(308, 34, 'AB-28', 2, 0, '300', '2024-08-20 12:05:39', '0000-00-00 00:00:00', 0),
(309, 35, 'AC-69', 1, 1, '1000', '2024-08-20 12:05:39', '0000-00-00 00:00:00', 0),
(310, 35, 'CD-15', 1, 1, '800', '2024-08-20 12:05:39', '0000-00-00 00:00:00', 0),
(311, 35, 'CE-34', 1, 0, '500', '2024-08-20 12:05:39', '0000-00-00 00:00:00', 0),
(312, 35, 'BA-22', 0, 0, '500', '2024-08-20 12:05:39', '0000-00-00 00:00:00', 0),
(313, 35, 'EC-17', 0, 0, '500', '2024-08-20 12:05:39', '0000-00-00 00:00:00', 0),
(314, 35, 'BC-13', 1, 0, '400', '2024-08-20 12:05:39', '0000-00-00 00:00:00', 0),
(315, 35, 'AE-66', 1, 0, '400', '2024-08-20 12:05:39', '0000-00-00 00:00:00', 0),
(316, 35, 'EA-95', 2, 0, '500', '2024-08-20 12:05:39', '0000-00-00 00:00:00', 0),
(317, 35, 'BD-52', 2, 0, '500', '2024-08-20 12:05:39', '0000-00-00 00:00:00', 0),
(318, 36, 'BE-35', 0, 1, '1000', '2024-08-20 12:05:39', '0000-00-00 00:00:00', 0),
(319, 36, 'CD-38', 0, 1, '800', '2024-08-20 12:05:39', '0000-00-00 00:00:00', 0),
(320, 36, 'CA-27', 0, 0, '400', '2024-08-20 12:05:39', '0000-00-00 00:00:00', 0),
(321, 36, 'EB-63', 0, 0, '400', '2024-08-20 12:05:39', '0000-00-00 00:00:00', 0),
(322, 36, 'EC-36', 0, 0, '300', '2024-08-20 12:05:39', '0000-00-00 00:00:00', 0),
(323, 36, 'BA-43', 2, 0, '400', '2024-08-20 12:05:39', '0000-00-00 00:00:00', 0),
(324, 36, 'AB-69', 0, 0, '500', '2024-08-20 12:05:39', '0000-00-00 00:00:00', 0),
(325, 36, 'DA-20', 2, 0, '400', '2024-08-20 12:05:39', '0000-00-00 00:00:00', 0),
(326, 36, 'CE-70', 1, 0, '500', '2024-08-20 12:05:39', '0000-00-00 00:00:00', 0),
(327, 37, 'CB-95', 2, 1, '1000', '2024-08-20 12:05:39', '0000-00-00 00:00:00', 0),
(328, 37, 'EB-38', 0, 1, '900', '2024-08-20 12:05:39', '0000-00-00 00:00:00', 0),
(329, 37, 'DC-52', 2, 0, '400', '2024-08-20 12:05:39', '0000-00-00 00:00:00', 0),
(330, 37, 'DE-16', 2, 0, '400', '2024-08-20 12:05:39', '0000-00-00 00:00:00', 0),
(331, 37, 'CA-28', 2, 0, '300', '2024-08-20 12:05:39', '0000-00-00 00:00:00', 0),
(332, 37, 'BE-69', 0, 0, '300', '2024-08-20 12:05:39', '0000-00-00 00:00:00', 0),
(333, 37, 'EC-62', 2, 0, '400', '2024-08-20 12:05:39', '0000-00-00 00:00:00', 0),
(334, 37, 'ED-94', 0, 0, '400', '2024-08-20 12:05:39', '0000-00-00 00:00:00', 0),
(335, 37, 'AD-61', 1, 0, '300', '2024-08-20 12:05:39', '0000-00-00 00:00:00', 0),
(336, 37, 'AC-57', 0, 0, '400', '2024-08-20 12:05:39', '0000-00-00 00:00:00', 0),
(337, 38, 'DE-85', 0, 1, '900', '2024-08-20 12:05:39', '0000-00-00 00:00:00', 0),
(338, 38, 'BC-41', 2, 1, '800', '2024-08-20 12:05:39', '0000-00-00 00:00:00', 0),
(339, 38, 'CB-86', 1, 0, '500', '2024-08-20 12:05:39', '0000-00-00 00:00:00', 0),
(340, 38, 'DA-22', 0, 0, '300', '2024-08-20 12:05:39', '0000-00-00 00:00:00', 0),
(341, 38, 'AB-79', 1, 0, '400', '2024-08-20 12:05:39', '0000-00-00 00:00:00', 0),
(342, 38, 'AE-70', 0, 0, '300', '2024-08-20 12:05:39', '0000-00-00 00:00:00', 0),
(343, 38, 'CE-95', 2, 0, '300', '2024-08-20 12:05:39', '0000-00-00 00:00:00', 0),
(344, 38, 'EA-15', 2, 0, '300', '2024-08-20 12:05:39', '0000-00-00 00:00:00', 0),
(345, 39, 'DE-23', 1, 0, '500', '2024-08-20 12:05:39', '0000-00-00 00:00:00', 0),
(346, 39, 'EA-88', 1, 1, '800', '2024-08-20 12:05:39', '0000-00-00 00:00:00', 0),
(347, 39, 'DC-30', 2, 0, '500', '2024-08-20 12:05:39', '0000-00-00 00:00:00', 0),
(348, 39, 'DB-98', 1, 0, '300', '2024-08-20 12:05:39', '0000-00-00 00:00:00', 0),
(349, 39, 'CB-70', 1, 1, '900', '2024-08-20 12:05:39', '0000-00-00 00:00:00', 0),
(350, 39, 'EC-47', 2, 0, '500', '2024-08-20 12:05:39', '0000-00-00 00:00:00', 0),
(351, 39, 'BC-95', 1, 0, '300', '2024-08-20 12:05:39', '0000-00-00 00:00:00', 0),
(352, 39, 'BD-29', 2, 0, '300', '2024-08-20 12:05:39', '0000-00-00 00:00:00', 0),
(353, 40, 'AE-28', 0, 0, '400', '2024-08-20 12:05:39', '0000-00-00 00:00:00', 0),
(354, 40, 'BA-46', 1, 0, '500', '2024-08-20 12:05:39', '0000-00-00 00:00:00', 0),
(355, 40, 'EB-71', 1, 1, '900', '2024-08-20 12:05:39', '0000-00-00 00:00:00', 0),
(356, 40, 'EC-36', 1, 0, '500', '2024-08-20 12:05:39', '0000-00-00 00:00:00', 0),
(357, 40, 'CB-60', 0, 0, '400', '2024-08-20 12:05:39', '0000-00-00 00:00:00', 0),
(358, 40, 'CD-33', 1, 0, '400', '2024-08-20 12:05:39', '0000-00-00 00:00:00', 0),
(359, 40, 'BC-64', 2, 1, '900', '2024-08-20 12:05:39', '0000-00-00 00:00:00', 0),
(360, 40, 'AB-42', 1, 0, '300', '2024-08-20 12:05:39', '0000-00-00 00:00:00', 0),
(361, 41, 'BA-27', 0, 1, '1000', '2024-08-20 12:05:39', '0000-00-00 00:00:00', 0),
(362, 41, 'CB-33', 1, 1, '800', '2024-08-20 12:05:39', '0000-00-00 00:00:00', 0),
(363, 41, 'AC-53', 2, 0, '400', '2024-08-20 12:05:39', '0000-00-00 00:00:00', 0),
(364, 41, 'CA-23', 1, 0, '500', '2024-08-20 12:05:39', '0000-00-00 00:00:00', 0),
(365, 41, 'BE-28', 1, 0, '500', '2024-08-20 12:05:39', '0000-00-00 00:00:00', 0),
(366, 41, 'EC-77', 1, 0, '500', '2024-08-20 12:05:39', '0000-00-00 00:00:00', 0),
(367, 41, 'EB-65', 2, 0, '300', '2024-08-20 12:05:39', '0000-00-00 00:00:00', 0),
(368, 41, 'DC-78', 1, 0, '300', '2024-08-20 12:05:39', '0000-00-00 00:00:00', 0),
(369, 41, 'CE-12', 1, 0, '500', '2024-08-20 12:05:39', '0000-00-00 00:00:00', 0),
(370, 42, 'DE-69', 2, 0, '500', '2024-08-20 12:05:39', '0000-00-00 00:00:00', 0),
(371, 42, 'CB-67', 1, 0, '400', '2024-08-20 12:05:39', '0000-00-00 00:00:00', 0),
(372, 42, 'BC-60', 1, 0, '300', '2024-08-20 12:05:39', '0000-00-00 00:00:00', 0),
(373, 42, 'AB-40', 1, 0, '300', '2024-08-20 12:05:39', '0000-00-00 00:00:00', 0),
(374, 42, 'AE-45', 2, 1, '1000', '2024-08-20 12:05:39', '0000-00-00 00:00:00', 0),
(375, 42, 'AC-86', 2, 1, '800', '2024-08-20 12:05:39', '0000-00-00 00:00:00', 0),
(376, 42, 'DB-78', 2, 0, '500', '2024-08-20 12:05:39', '0000-00-00 00:00:00', 0),
(377, 42, 'CA-59', 2, 0, '500', '2024-08-20 12:05:39', '0000-00-00 00:00:00', 0),
(378, 42, 'EB-11', 2, 0, '400', '2024-08-20 12:05:39', '0000-00-00 00:00:00', 0),
(379, 42, 'BD-12', 0, 0, '300', '2024-08-20 12:05:39', '0000-00-00 00:00:00', 0),
(380, 43, 'BC-95', 1, 1, '900', '2024-08-20 12:05:39', '0000-00-00 00:00:00', 0),
(381, 43, 'DB-30', 1, 0, '300', '2024-08-20 12:05:39', '0000-00-00 00:00:00', 0),
(382, 43, 'CA-19', 0, 1, '800', '2024-08-20 12:05:39', '0000-00-00 00:00:00', 0),
(383, 43, 'AB-18', 1, 0, '300', '2024-08-20 12:05:39', '0000-00-00 00:00:00', 0),
(384, 43, 'AD-53', 0, 0, '500', '2024-08-20 12:05:39', '0000-00-00 00:00:00', 0),
(385, 43, 'ED-75', 0, 0, '400', '2024-08-20 12:05:39', '0000-00-00 00:00:00', 0),
(386, 43, 'EC-20', 1, 0, '300', '2024-08-20 12:05:39', '0000-00-00 00:00:00', 0),
(387, 43, 'CB-59', 0, 0, '500', '2024-08-20 12:05:39', '0000-00-00 00:00:00', 0),
(388, 43, 'EA-28', 1, 0, '300', '2024-08-20 12:05:39', '0000-00-00 00:00:00', 0),
(389, 43, 'EB-71', 2, 0, '400', '2024-08-20 12:05:39', '0000-00-00 00:00:00', 0),
(390, 44, 'DE-23', 2, 1, '900', '2024-08-20 12:05:39', '0000-00-00 00:00:00', 0),
(391, 44, 'BE-89', 2, 0, '400', '2024-08-20 12:05:39', '0000-00-00 00:00:00', 0),
(392, 44, 'BD-81', 1, 0, '400', '2024-08-20 12:05:39', '0000-00-00 00:00:00', 0),
(393, 44, 'CB-15', 0, 1, '900', '2024-08-20 12:05:39', '0000-00-00 00:00:00', 0),
(394, 44, 'BA-83', 1, 0, '300', '2024-08-20 12:05:39', '0000-00-00 00:00:00', 0),
(395, 44, 'CE-63', 2, 0, '300', '2024-08-20 12:05:39', '0000-00-00 00:00:00', 0),
(396, 44, 'CD-20', 0, 0, '300', '2024-08-20 12:05:39', '0000-00-00 00:00:00', 0),
(397, 44, 'EA-85', 0, 0, '400', '2024-08-20 12:05:39', '0000-00-00 00:00:00', 0),
(398, 45, 'AE-91', 1, 1, '800', '2024-08-20 12:05:39', '0000-00-00 00:00:00', 0),
(399, 45, 'ED-47', 0, 1, '800', '2024-08-20 12:05:39', '0000-00-00 00:00:00', 0),
(400, 45, 'AC-95', 0, 0, '500', '2024-08-20 12:05:39', '0000-00-00 00:00:00', 0),
(401, 45, 'CD-29', 1, 0, '400', '2024-08-20 12:05:39', '0000-00-00 00:00:00', 0),
(402, 45, 'DA-77', 1, 0, '300', '2024-08-20 12:05:39', '0000-00-00 00:00:00', 0),
(403, 45, 'DC-48', 1, 0, '300', '2024-08-20 12:05:39', '0000-00-00 00:00:00', 0),
(404, 45, 'CB-21', 0, 0, '500', '2024-08-20 12:05:39', '0000-00-00 00:00:00', 0),
(405, 45, 'EA-56', 0, 0, '300', '2024-08-20 12:05:39', '0000-00-00 00:00:00', 0),
(406, 45, 'CE-50', 0, 0, '300', '2024-08-20 12:05:39', '0000-00-00 00:00:00', 0),
(407, 46, 'EA-39', 0, 0, '400', '2024-08-20 12:05:39', '0000-00-00 00:00:00', 0),
(408, 46, 'EC-80', 2, 1, '900', '2024-08-20 12:05:39', '0000-00-00 00:00:00', 0),
(409, 46, 'DA-49', 1, 0, '300', '2024-08-20 12:05:39', '0000-00-00 00:00:00', 0),
(410, 46, 'CA-27', 0, 1, '800', '2024-08-20 12:05:39', '0000-00-00 00:00:00', 0),
(411, 46, 'AD-15', 1, 0, '400', '2024-08-20 12:05:39', '0000-00-00 00:00:00', 0),
(412, 46, 'CB-85', 2, 0, '300', '2024-08-20 12:05:39', '0000-00-00 00:00:00', 0),
(413, 46, 'AC-31', 0, 0, '500', '2024-08-20 12:05:39', '0000-00-00 00:00:00', 0),
(414, 46, 'BE-97', 2, 0, '300', '2024-08-20 12:05:39', '0000-00-00 00:00:00', 0),
(415, 46, 'EB-73', 2, 0, '300', '2024-08-20 12:05:39', '0000-00-00 00:00:00', 0),
(416, 46, 'BD-34', 2, 0, '400', '2024-08-20 12:05:39', '0000-00-00 00:00:00', 0),
(417, 47, 'DE-84', 1, 0, '400', '2024-08-20 12:05:39', '0000-00-00 00:00:00', 0),
(418, 47, 'EA-63', 1, 0, '500', '2024-08-20 12:05:39', '0000-00-00 00:00:00', 0),
(419, 47, 'AE-61', 2, 1, '800', '2024-08-20 12:05:39', '0000-00-00 00:00:00', 0),
(420, 47, 'BE-92', 2, 1, '800', '2024-08-20 12:05:39', '0000-00-00 00:00:00', 0),
(421, 47, 'AB-41', 2, 0, '300', '2024-08-20 12:05:39', '0000-00-00 00:00:00', 0),
(422, 47, 'AD-27', 0, 0, '400', '2024-08-20 12:05:39', '0000-00-00 00:00:00', 0),
(423, 47, 'BA-99', 0, 0, '400', '2024-08-20 12:05:39', '0000-00-00 00:00:00', 0),
(424, 47, 'AC-36', 1, 0, '300', '2024-08-20 12:05:39', '0000-00-00 00:00:00', 0),
(425, 47, 'CE-62', 1, 0, '500', '2024-08-20 12:05:39', '0000-00-00 00:00:00', 0),
(426, 48, 'DB-91', 0, 1, '800', '2024-08-20 12:05:39', '0000-00-00 00:00:00', 0),
(427, 48, 'CB-95', 2, 1, '800', '2024-08-20 12:05:39', '0000-00-00 00:00:00', 0),
(428, 48, 'DE-45', 1, 0, '300', '2024-08-20 12:05:39', '0000-00-00 00:00:00', 0),
(429, 48, 'CA-65', 1, 0, '300', '2024-08-20 12:05:39', '0000-00-00 00:00:00', 0),
(430, 48, 'AE-68', 2, 0, '400', '2024-08-20 12:05:39', '0000-00-00 00:00:00', 0),
(431, 48, 'BD-24', 1, 0, '300', '2024-08-20 12:05:39', '0000-00-00 00:00:00', 0),
(432, 48, 'CE-32', 1, 0, '300', '2024-08-20 12:05:39', '0000-00-00 00:00:00', 0),
(433, 48, 'DA-85', 1, 0, '400', '2024-08-20 12:05:39', '0000-00-00 00:00:00', 0),
(434, 48, 'CD-59', 1, 0, '300', '2024-08-20 12:05:39', '0000-00-00 00:00:00', 0),
(435, 48, 'AB-92', 1, 0, '400', '2024-08-20 12:05:39', '0000-00-00 00:00:00', 0),
(436, 49, 'AC-57', 2, 0, '400', '2024-08-20 12:05:39', '0000-00-00 00:00:00', 0),
(437, 49, 'CE-61', 0, 0, '300', '2024-08-20 12:05:39', '0000-00-00 00:00:00', 0),
(438, 49, 'BC-42', 0, 0, '500', '2024-08-20 12:05:39', '0000-00-00 00:00:00', 0),
(439, 49, 'DA-29', 0, 0, '400', '2024-08-20 12:05:39', '0000-00-00 00:00:00', 0),
(440, 49, 'EC-10', 1, 1, '800', '2024-08-20 12:05:39', '0000-00-00 00:00:00', 0),
(441, 49, 'DC-99', 1, 0, '500', '2024-08-20 12:05:39', '0000-00-00 00:00:00', 0),
(442, 49, 'AD-70', 2, 0, '300', '2024-08-20 12:05:39', '0000-00-00 00:00:00', 0),
(443, 49, 'CA-53', 1, 0, '400', '2024-08-20 12:05:39', '0000-00-00 00:00:00', 0),
(444, 50, 'DB-65', 2, 1, '800', '2024-08-20 12:05:39', '0000-00-00 00:00:00', 0),
(445, 50, 'AB-39', 1, 0, '300', '2024-08-20 12:05:39', '0000-00-00 00:00:00', 0),
(446, 50, 'DE-78', 2, 0, '300', '2024-08-20 12:05:39', '0000-00-00 00:00:00', 0),
(447, 50, 'ED-27', 0, 0, '500', '2024-08-20 12:05:39', '0000-00-00 00:00:00', 0),
(448, 50, 'BC-22', 0, 0, '400', '2024-08-20 12:05:39', '0000-00-00 00:00:00', 0),
(449, 50, 'AC-92', 2, 0, '400', '2024-08-20 12:05:39', '0000-00-00 00:00:00', 0),
(450, 50, 'BA-21', 1, 0, '500', '2024-08-20 12:05:39', '0000-00-00 00:00:00', 0),
(451, 50, 'AD-98', 1, 0, '500', '2024-08-20 12:05:39', '0000-00-00 00:00:00', 0),
(452, 51, 'DB-62', 1, 0, '300', '2024-08-20 12:05:39', '0000-00-00 00:00:00', 0),
(453, 51, 'EB-83', 1, 0, '300', '2024-08-20 12:05:39', '0000-00-00 00:00:00', 0),
(454, 51, 'CE-67', 2, 1, '1000', '2024-08-20 12:05:39', '0000-00-00 00:00:00', 0),
(455, 51, 'AE-90', 2, 0, '300', '2024-08-20 12:05:39', '0000-00-00 00:00:00', 0),
(456, 51, 'BE-30', 0, 1, '1000', '2024-08-20 12:05:39', '0000-00-00 00:00:00', 0),
(457, 51, 'AB-35', 0, 0, '300', '2024-08-20 12:05:39', '0000-00-00 00:00:00', 0),
(458, 51, 'BC-68', 0, 0, '500', '2024-08-20 12:05:39', '0000-00-00 00:00:00', 0),
(459, 51, 'CD-29', 2, 0, '300', '2024-08-20 12:05:39', '0000-00-00 00:00:00', 0),
(460, 52, 'DA-31', 1, 1, '800', '2024-08-20 12:05:39', '0000-00-00 00:00:00', 0),
(461, 52, 'AB-37', 0, 0, '300', '2024-08-20 12:05:39', '0000-00-00 00:00:00', 0),
(462, 52, 'AD-39', 2, 1, '800', '2024-08-20 12:05:39', '0000-00-00 00:00:00', 0),
(463, 52, 'CE-67', 0, 0, '500', '2024-08-20 12:05:39', '0000-00-00 00:00:00', 0),
(464, 52, 'EB-64', 0, 0, '500', '2024-08-20 12:05:39', '0000-00-00 00:00:00', 0),
(465, 52, 'DC-50', 1, 0, '500', '2024-08-20 12:05:39', '0000-00-00 00:00:00', 0),
(466, 52, 'BA-35', 1, 0, '400', '2024-08-20 12:05:39', '0000-00-00 00:00:00', 0),
(467, 52, 'DE-21', 2, 0, '300', '2024-08-20 12:05:39', '0000-00-00 00:00:00', 0),
(468, 53, 'AB-99', 2, 0, '300', '2024-08-20 12:05:39', '0000-00-00 00:00:00', 0),
(469, 53, 'DB-16', 2, 1, '800', '2024-08-20 12:05:39', '0000-00-00 00:00:00', 0),
(470, 53, 'BE-75', 2, 0, '500', '2024-08-20 12:05:39', '0000-00-00 00:00:00', 0),
(471, 53, 'BA-53', 2, 0, '500', '2024-08-20 12:05:39', '0000-00-00 00:00:00', 0),
(472, 53, 'CE-52', 2, 0, '300', '2024-08-20 12:05:39', '0000-00-00 00:00:00', 0),
(473, 53, 'AD-72', 0, 0, '300', '2024-08-20 12:05:39', '0000-00-00 00:00:00', 0),
(474, 53, 'ED-19', 1, 0, '500', '2024-08-20 12:05:39', '0000-00-00 00:00:00', 0),
(475, 53, 'CD-31', 2, 0, '400', '2024-08-20 12:05:39', '0000-00-00 00:00:00', 0),
(476, 53, 'AE-11', 0, 1, '1000', '2024-08-20 12:05:39', '0000-00-00 00:00:00', 0),
(477, 53, 'AC-91', 2, 0, '300', '2024-08-20 12:05:39', '0000-00-00 00:00:00', 0),
(478, 54, 'DA-66', 2, 0, '500', '2024-08-20 12:05:39', '0000-00-00 00:00:00', 0),
(479, 54, 'AE-29', 1, 1, '900', '2024-08-20 12:05:39', '0000-00-00 00:00:00', 0),
(480, 54, 'AC-47', 1, 1, '800', '2024-08-20 12:05:39', '0000-00-00 00:00:00', 0),
(481, 54, 'AB-86', 2, 0, '500', '2024-08-20 12:05:39', '0000-00-00 00:00:00', 0),
(482, 54, 'ED-46', 1, 0, '500', '2024-08-20 12:05:39', '0000-00-00 00:00:00', 0),
(483, 54, 'BC-74', 2, 0, '300', '2024-08-20 12:05:39', '0000-00-00 00:00:00', 0),
(484, 54, 'CD-70', 0, 0, '500', '2024-08-20 12:05:39', '0000-00-00 00:00:00', 0),
(485, 54, 'DE-13', 0, 0, '500', '2024-08-20 12:05:39', '0000-00-00 00:00:00', 0),
(486, 55, 'CB-58', 1, 0, '500', '2024-08-20 12:05:39', '0000-00-00 00:00:00', 0),
(487, 55, 'AC-76', 1, 1, '1000', '2024-08-20 12:05:39', '0000-00-00 00:00:00', 0),
(488, 55, 'DE-82', 0, 0, '300', '2024-08-20 12:05:39', '0000-00-00 00:00:00', 0),
(489, 55, 'BC-75', 0, 1, '900', '2024-08-20 12:05:39', '0000-00-00 00:00:00', 0),
(490, 55, 'CA-56', 1, 0, '300', '2024-08-20 12:05:39', '0000-00-00 00:00:00', 0),
(491, 55, 'ED-15', 2, 0, '500', '2024-08-20 12:05:39', '0000-00-00 00:00:00', 0),
(492, 55, 'AD-16', 1, 0, '300', '2024-08-20 12:05:39', '0000-00-00 00:00:00', 0),
(493, 55, 'BD-87', 2, 0, '500', '2024-08-20 12:05:39', '0000-00-00 00:00:00', 0),
(494, 56, 'AB-26', 0, 1, '800', '2024-08-20 12:05:39', '0000-00-00 00:00:00', 0),
(495, 56, 'AE-60', 1, 1, '1000', '2024-08-20 12:05:39', '0000-00-00 00:00:00', 0),
(496, 56, 'CE-92', 0, 0, '500', '2024-08-20 12:05:39', '0000-00-00 00:00:00', 0),
(497, 56, 'DE-41', 2, 0, '300', '2024-08-20 12:05:39', '0000-00-00 00:00:00', 0),
(498, 56, 'DB-77', 2, 0, '300', '2024-08-20 12:05:39', '0000-00-00 00:00:00', 0),
(499, 56, 'DC-29', 2, 0, '300', '2024-08-20 12:05:39', '0000-00-00 00:00:00', 0),
(500, 56, 'BD-89', 2, 0, '400', '2024-08-20 12:05:39', '0000-00-00 00:00:00', 0),
(501, 56, 'BC-62', 1, 0, '300', '2024-08-20 12:05:39', '0000-00-00 00:00:00', 0),
(502, 56, 'CD-37', 0, 0, '400', '2024-08-20 12:05:39', '0000-00-00 00:00:00', 0),
(503, 57, 'DA-59', 1, 0, '500', '2024-08-20 12:05:39', '0000-00-00 00:00:00', 0),
(504, 57, 'BC-57', 1, 1, '800', '2024-08-20 12:05:39', '0000-00-00 00:00:00', 0),
(505, 57, 'DB-96', 1, 0, '400', '2024-08-20 12:05:39', '0000-00-00 00:00:00', 0),
(506, 57, 'CB-12', 2, 0, '300', '2024-08-20 12:05:39', '0000-00-00 00:00:00', 0),
(507, 57, 'DC-62', 1, 1, '900', '2024-08-20 12:05:39', '0000-00-00 00:00:00', 0),
(508, 57, 'EA-38', 2, 0, '300', '2024-08-20 12:05:39', '0000-00-00 00:00:00', 0),
(509, 57, 'EB-45', 1, 0, '500', '2024-08-20 12:05:39', '0000-00-00 00:00:00', 0),
(510, 57, 'BD-88', 2, 0, '300', '2024-08-20 12:05:39', '0000-00-00 00:00:00', 0),
(511, 57, 'CA-47', 2, 0, '500', '2024-08-20 12:05:39', '0000-00-00 00:00:00', 0),
(512, 58, 'BE-37', 0, 1, '900', '2024-08-20 12:05:39', '0000-00-00 00:00:00', 0),
(513, 58, 'EC-85', 1, 0, '500', '2024-08-20 12:05:39', '0000-00-00 00:00:00', 0),
(514, 58, 'DB-28', 0, 0, '300', '2024-08-20 12:05:39', '0000-00-00 00:00:00', 0),
(515, 58, 'ED-77', 1, 0, '500', '2024-08-20 12:05:39', '0000-00-00 00:00:00', 0),
(516, 58, 'EA-87', 0, 0, '300', '2024-08-20 12:05:39', '0000-00-00 00:00:00', 0),
(517, 58, 'BD-27', 1, 0, '500', '2024-08-20 12:05:39', '0000-00-00 00:00:00', 0),
(518, 58, 'BA-62', 0, 1, '1000', '2024-08-20 12:05:39', '0000-00-00 00:00:00', 0),
(519, 58, 'AE-88', 2, 0, '400', '2024-08-20 12:05:39', '0000-00-00 00:00:00', 0),
(520, 59, 'AD-74', 1, 1, '1000', '2024-08-20 12:05:39', '0000-00-00 00:00:00', 0),
(521, 59, 'AB-36', 0, 0, '300', '2024-08-20 12:05:39', '0000-00-00 00:00:00', 0),
(522, 59, 'CD-24', 2, 0, '300', '2024-08-20 12:05:39', '0000-00-00 00:00:00', 0),
(523, 59, 'BD-52', 1, 0, '500', '2024-08-20 12:05:39', '0000-00-00 00:00:00', 0),
(524, 59, 'CE-86', 0, 1, '1000', '2024-08-20 12:05:39', '0000-00-00 00:00:00', 0),
(525, 59, 'DA-89', 2, 0, '300', '2024-08-20 12:05:39', '0000-00-00 00:00:00', 0),
(526, 59, 'DC-88', 1, 0, '300', '2024-08-20 12:05:39', '0000-00-00 00:00:00', 0),
(527, 59, 'AE-49', 2, 0, '300', '2024-08-20 12:05:39', '0000-00-00 00:00:00', 0),
(528, 59, 'AC-23', 2, 0, '400', '2024-08-20 12:05:39', '0000-00-00 00:00:00', 0),
(529, 60, 'DE-53', 0, 0, '500', '2024-08-20 12:05:39', '0000-00-00 00:00:00', 0),
(530, 60, 'DB-31', 2, 0, '300', '2024-08-20 12:05:39', '0000-00-00 00:00:00', 0),
(531, 60, 'EB-19', 0, 0, '400', '2024-08-20 12:05:39', '0000-00-00 00:00:00', 0),
(532, 60, 'CE-63', 0, 1, '800', '2024-08-20 12:05:39', '0000-00-00 00:00:00', 0),
(533, 60, 'AC-26', 2, 1, '1000', '2024-08-20 12:05:39', '0000-00-00 00:00:00', 0),
(534, 60, 'DA-56', 2, 0, '300', '2024-08-20 12:05:39', '0000-00-00 00:00:00', 0),
(535, 60, 'CB-73', 1, 0, '400', '2024-08-20 12:05:39', '0000-00-00 00:00:00', 0),
(536, 60, 'EA-24', 2, 0, '300', '2024-08-20 12:05:39', '0000-00-00 00:00:00', 0),
(537, 61, 'AB-17', 2, 0, '300', '2024-08-20 12:05:39', '0000-00-00 00:00:00', 0),
(538, 61, 'DE-87', 0, 1, '800', '2024-08-20 12:05:39', '0000-00-00 00:00:00', 0),
(539, 61, 'BD-19', 1, 1, '1000', '2024-08-20 12:05:39', '0000-00-00 00:00:00', 0),
(540, 61, 'BA-32', 0, 0, '400', '2024-08-20 12:05:39', '0000-00-00 00:00:00', 0),
(541, 61, 'CE-16', 1, 0, '500', '2024-08-20 12:05:39', '0000-00-00 00:00:00', 0),
(542, 61, 'EB-65', 2, 0, '300', '2024-08-20 12:05:39', '0000-00-00 00:00:00', 0),
(543, 61, 'DB-89', 0, 0, '500', '2024-08-20 12:05:39', '0000-00-00 00:00:00', 0),
(544, 61, 'AE-40', 1, 0, '500', '2024-08-20 12:05:39', '0000-00-00 00:00:00', 0),
(545, 61, 'AD-34', 1, 0, '400', '2024-08-20 12:05:39', '0000-00-00 00:00:00', 0),
(546, 62, 'EB-62', 0, 1, '800', '2024-08-20 12:05:39', '0000-00-00 00:00:00', 0),
(547, 62, 'CA-16', 0, 0, '500', '2024-08-20 12:05:39', '0000-00-00 00:00:00', 0),
(548, 62, 'DA-87', 0, 1, '1000', '2024-08-20 12:05:39', '0000-00-00 00:00:00', 0),
(549, 62, 'CE-83', 0, 0, '300', '2024-08-20 12:05:39', '0000-00-00 00:00:00', 0),
(550, 62, 'DC-84', 0, 0, '400', '2024-08-20 12:05:39', '0000-00-00 00:00:00', 0),
(551, 62, 'ED-89', 2, 0, '400', '2024-08-20 12:05:39', '0000-00-00 00:00:00', 0),
(552, 62, 'CD-21', 2, 0, '400', '2024-08-20 12:05:39', '0000-00-00 00:00:00', 0),
(553, 62, 'BC-59', 2, 0, '500', '2024-08-20 12:05:39', '0000-00-00 00:00:00', 0),
(554, 63, 'CA-47', 0, 0, '500', '2024-08-20 12:05:39', '0000-00-00 00:00:00', 0),
(555, 63, 'EB-32', 0, 1, '800', '2024-08-20 12:05:39', '0000-00-00 00:00:00', 0),
(556, 63, 'BC-28', 1, 0, '400', '2024-08-20 12:05:39', '0000-00-00 00:00:00', 0),
(557, 63, 'DA-81', 1, 0, '300', '2024-08-20 12:05:39', '0000-00-00 00:00:00', 0),
(558, 63, 'AD-63', 0, 1, '1000', '2024-08-20 12:05:39', '0000-00-00 00:00:00', 0),
(559, 63, 'DB-37', 1, 0, '500', '2024-08-20 12:05:39', '0000-00-00 00:00:00', 0),
(560, 63, 'BE-51', 2, 0, '500', '2024-08-20 12:05:39', '0000-00-00 00:00:00', 0),
(561, 63, 'EC-93', 0, 0, '500', '2024-08-20 12:05:39', '0000-00-00 00:00:00', 0),
(562, 64, 'CA-54', 1, 0, '500', '2024-08-20 12:05:39', '0000-00-00 00:00:00', 0),
(563, 64, 'BD-53', 0, 0, '500', '2024-08-20 12:05:39', '0000-00-00 00:00:00', 0),
(564, 64, 'DC-79', 2, 0, '300', '2024-08-20 12:05:39', '0000-00-00 00:00:00', 0),
(565, 64, 'ED-83', 1, 1, '900', '2024-08-20 12:05:39', '0000-00-00 00:00:00', 0),
(566, 64, 'AB-11', 2, 1, '900', '2024-08-20 12:05:39', '0000-00-00 00:00:00', 0),
(567, 64, 'DA-96', 2, 0, '300', '2024-08-20 12:05:39', '0000-00-00 00:00:00', 0),
(568, 64, 'BC-25', 1, 0, '300', '2024-08-20 12:05:39', '0000-00-00 00:00:00', 0),
(569, 64, 'CD-29', 0, 0, '500', '2024-08-20 12:05:39', '0000-00-00 00:00:00', 0),
(570, 65, 'AE-31', 1, 1, '800', '2024-08-20 12:05:39', '0000-00-00 00:00:00', 0),
(571, 65, 'AD-86', 1, 0, '400', '2024-08-20 12:05:39', '0000-00-00 00:00:00', 0),
(572, 65, 'DB-19', 0, 0, '500', '2024-08-20 12:05:39', '0000-00-00 00:00:00', 0),
(573, 65, 'EC-13', 0, 0, '300', '2024-08-20 12:05:39', '0000-00-00 00:00:00', 0),
(574, 65, 'EA-88', 2, 1, '900', '2024-08-20 12:05:39', '0000-00-00 00:00:00', 0),
(575, 65, 'AC-90', 2, 0, '300', '2024-08-20 12:05:39', '0000-00-00 00:00:00', 0),
(576, 65, 'CA-68', 1, 0, '300', '2024-08-20 12:05:39', '0000-00-00 00:00:00', 0),
(577, 65, 'EB-84', 1, 0, '500', '2024-08-20 12:05:39', '0000-00-00 00:00:00', 0),
(578, 65, 'BC-44', 0, 0, '400', '2024-08-20 12:05:39', '0000-00-00 00:00:00', 0),
(579, 66, 'EC-60', 0, 1, '800', '2024-08-20 12:05:39', '0000-00-00 00:00:00', 0),
(580, 66, 'BD-62', 2, 1, '800', '2024-08-20 12:05:39', '0000-00-00 00:00:00', 0),
(581, 66, 'EB-54', 0, 0, '500', '2024-08-20 12:05:39', '0000-00-00 00:00:00', 0),
(582, 66, 'AD-90', 1, 0, '400', '2024-08-20 12:05:39', '0000-00-00 00:00:00', 0),
(583, 66, 'AB-82', 2, 0, '500', '2024-08-20 12:05:39', '0000-00-00 00:00:00', 0),
(584, 66, 'AC-12', 1, 0, '500', '2024-08-20 12:05:39', '0000-00-00 00:00:00', 0),
(585, 66, 'BE-68', 0, 0, '300', '2024-08-20 12:05:39', '0000-00-00 00:00:00', 0),
(586, 66, 'BC-55', 2, 0, '300', '2024-08-20 12:05:39', '0000-00-00 00:00:00', 0),
(587, 66, 'DA-69', 2, 0, '300', '2024-08-20 12:05:39', '0000-00-00 00:00:00', 0),
(588, 67, 'BE-96', 0, 0, '300', '2024-08-20 12:05:39', '0000-00-00 00:00:00', 0),
(589, 67, 'AD-24', 0, 0, '400', '2024-08-20 12:05:39', '0000-00-00 00:00:00', 0),
(590, 67, 'EC-26', 1, 0, '400', '2024-08-20 12:05:39', '0000-00-00 00:00:00', 0),
(591, 67, 'DA-34', 0, 1, '900', '2024-08-20 12:05:39', '0000-00-00 00:00:00', 0),
(592, 67, 'CE-85', 0, 0, '500', '2024-08-20 12:05:39', '0000-00-00 00:00:00', 0),
(593, 67, 'AB-60', 1, 0, '500', '2024-08-20 12:05:39', '0000-00-00 00:00:00', 0),
(594, 67, 'DB-97', 1, 0, '300', '2024-08-20 12:05:39', '0000-00-00 00:00:00', 0),
(595, 67, 'BD-73', 2, 1, '1000', '2024-08-20 12:05:39', '0000-00-00 00:00:00', 0),
(596, 67, 'AE-30', 2, 0, '300', '2024-08-20 12:05:39', '0000-00-00 00:00:00', 0),
(597, 68, 'AB-43', 2, 0, '400', '2024-08-20 12:05:39', '0000-00-00 00:00:00', 0),
(598, 68, 'EC-72', 2, 0, '500', '2024-08-20 12:05:39', '0000-00-00 00:00:00', 0),
(599, 68, 'BD-39', 2, 1, '800', '2024-08-20 12:05:39', '0000-00-00 00:00:00', 0),
(600, 68, 'EB-79', 2, 0, '400', '2024-08-20 12:05:39', '0000-00-00 00:00:00', 0),
(601, 68, 'AC-83', 1, 1, '1000', '2024-08-20 12:05:39', '0000-00-00 00:00:00', 0),
(602, 68, 'AD-99', 2, 0, '500', '2024-08-20 12:05:39', '0000-00-00 00:00:00', 0),
(603, 68, 'DE-97', 0, 0, '400', '2024-08-20 12:05:39', '0000-00-00 00:00:00', 0),
(604, 68, 'DA-61', 1, 0, '300', '2024-08-20 12:05:39', '0000-00-00 00:00:00', 0),
(605, 68, 'DB-11', 1, 0, '300', '2024-08-20 12:05:39', '0000-00-00 00:00:00', 0),
(606, 69, 'AB-33', 0, 0, '500', '2024-08-20 12:05:39', '0000-00-00 00:00:00', 0),
(607, 69, 'CB-21', 1, 1, '1000', '2024-08-20 12:05:39', '0000-00-00 00:00:00', 0),
(608, 69, 'AC-79', 1, 1, '800', '2024-08-20 12:05:39', '0000-00-00 00:00:00', 0),
(609, 69, 'CD-82', 0, 0, '500', '2024-08-20 12:05:39', '0000-00-00 00:00:00', 0),
(610, 69, 'DA-81', 2, 0, '500', '2024-08-20 12:05:39', '0000-00-00 00:00:00', 0),
(611, 69, 'DC-12', 0, 0, '300', '2024-08-20 12:05:39', '0000-00-00 00:00:00', 0),
(612, 69, 'ED-86', 2, 0, '500', '2024-08-20 12:05:39', '0000-00-00 00:00:00', 0),
(613, 69, 'CE-92', 0, 0, '400', '2024-08-20 12:05:39', '0000-00-00 00:00:00', 0),
(614, 69, 'EC-88', 2, 0, '500', '2024-08-20 12:05:39', '0000-00-00 00:00:00', 0),
(615, 70, 'AC-54', 1, 0, '500', '2024-08-20 12:05:39', '0000-00-00 00:00:00', 0),
(616, 70, 'AD-21', 1, 1, '800', '2024-08-20 12:05:39', '0000-00-00 00:00:00', 0),
(617, 70, 'ED-67', 1, 0, '400', '2024-08-20 12:05:39', '0000-00-00 00:00:00', 0),
(618, 70, 'EB-13', 2, 0, '400', '2024-08-20 12:05:39', '0000-00-00 00:00:00', 0),
(619, 70, 'DA-88', 0, 1, '1000', '2024-08-20 12:05:39', '0000-00-00 00:00:00', 0),
(620, 70, 'DE-78', 1, 0, '400', '2024-08-20 12:05:39', '0000-00-00 00:00:00', 0),
(621, 70, 'BE-50', 2, 0, '500', '2024-08-20 12:05:39', '0000-00-00 00:00:00', 0),
(622, 70, 'BD-14', 2, 0, '500', '2024-08-20 12:05:39', '0000-00-00 00:00:00', 0),
(623, 70, 'CA-61', 2, 0, '300', '2024-08-20 12:05:39', '0000-00-00 00:00:00', 0),
(624, 70, 'BC-16', 2, 0, '400', '2024-08-20 12:05:39', '0000-00-00 00:00:00', 0),
(625, 71, 'DE-89', 1, 1, '1000', '2024-08-20 12:05:39', '0000-00-00 00:00:00', 0);
INSERT INTO `mahjong_table` (`id`, `company_id`, `name`, `status`, `playroom_type`, `price`, `create_at`, `update_at`, `is_deleted`) VALUES
(626, 71, 'EA-13', 2, 1, '800', '2024-08-20 12:05:39', '0000-00-00 00:00:00', 0),
(627, 71, 'BC-79', 0, 0, '500', '2024-08-20 12:05:39', '0000-00-00 00:00:00', 0),
(628, 71, 'CE-44', 1, 0, '300', '2024-08-20 12:05:39', '0000-00-00 00:00:00', 0),
(629, 71, 'ED-68', 2, 0, '400', '2024-08-20 12:05:39', '0000-00-00 00:00:00', 0),
(630, 71, 'BE-55', 2, 0, '400', '2024-08-20 12:05:39', '0000-00-00 00:00:00', 0),
(631, 71, 'DB-34', 2, 0, '500', '2024-08-20 12:05:39', '0000-00-00 00:00:00', 0),
(632, 71, 'AC-61', 0, 0, '400', '2024-08-20 12:05:39', '0000-00-00 00:00:00', 0),
(633, 72, 'BC-71', 0, 1, '900', '2024-08-20 12:05:39', '0000-00-00 00:00:00', 0),
(634, 72, 'BE-61', 2, 1, '800', '2024-08-20 12:05:39', '0000-00-00 00:00:00', 0),
(635, 72, 'EC-23', 0, 0, '500', '2024-08-20 12:05:39', '0000-00-00 00:00:00', 0),
(636, 72, 'AD-57', 1, 0, '300', '2024-08-20 12:05:39', '0000-00-00 00:00:00', 0),
(637, 72, 'DC-59', 2, 0, '400', '2024-08-20 12:05:39', '0000-00-00 00:00:00', 0),
(638, 72, 'AC-72', 2, 0, '400', '2024-08-20 12:05:39', '0000-00-00 00:00:00', 0),
(639, 72, 'CB-10', 0, 0, '400', '2024-08-20 12:05:39', '0000-00-00 00:00:00', 0),
(640, 72, 'EA-96', 2, 0, '500', '2024-08-20 12:05:39', '0000-00-00 00:00:00', 0),
(641, 73, 'DE-31', 0, 0, '300', '2024-08-20 12:05:39', '0000-00-00 00:00:00', 0),
(642, 73, 'EB-44', 0, 1, '800', '2024-08-20 12:05:39', '0000-00-00 00:00:00', 0),
(643, 73, 'BD-49', 0, 1, '900', '2024-08-20 12:05:39', '0000-00-00 00:00:00', 0),
(644, 73, 'CD-23', 1, 0, '400', '2024-08-20 12:05:39', '0000-00-00 00:00:00', 0),
(645, 73, 'BA-37', 2, 0, '300', '2024-08-20 12:05:39', '0000-00-00 00:00:00', 0),
(646, 73, 'CB-63', 1, 0, '500', '2024-08-20 12:05:39', '0000-00-00 00:00:00', 0),
(647, 73, 'EA-40', 1, 0, '400', '2024-08-20 12:05:39', '0000-00-00 00:00:00', 0),
(648, 73, 'CA-12', 2, 0, '400', '2024-08-20 12:05:39', '0000-00-00 00:00:00', 0),
(649, 74, 'CA-14', 1, 0, '300', '2024-08-20 12:05:39', '0000-00-00 00:00:00', 0),
(650, 74, 'DA-99', 2, 1, '1000', '2024-08-20 12:05:39', '0000-00-00 00:00:00', 0),
(651, 74, 'EA-87', 2, 1, '800', '2024-08-20 12:05:39', '0000-00-00 00:00:00', 0),
(652, 74, 'CE-26', 0, 0, '500', '2024-08-20 12:05:39', '0000-00-00 00:00:00', 0),
(653, 74, 'EC-61', 0, 0, '300', '2024-08-20 12:05:39', '0000-00-00 00:00:00', 0),
(654, 74, 'CD-63', 0, 0, '400', '2024-08-20 12:05:39', '0000-00-00 00:00:00', 0),
(655, 74, 'ED-67', 2, 0, '400', '2024-08-20 12:05:39', '0000-00-00 00:00:00', 0),
(656, 74, 'BE-73', 2, 0, '400', '2024-08-20 12:05:39', '0000-00-00 00:00:00', 0),
(657, 75, 'CE-85', 1, 1, '900', '2024-08-20 12:05:39', '0000-00-00 00:00:00', 0),
(658, 75, 'EC-32', 2, 1, '800', '2024-08-20 12:05:39', '0000-00-00 00:00:00', 0),
(659, 75, 'CA-20', 2, 0, '400', '2024-08-20 12:05:39', '0000-00-00 00:00:00', 0),
(660, 75, 'BA-15', 0, 0, '300', '2024-08-20 12:05:39', '0000-00-00 00:00:00', 0),
(661, 75, 'BE-19', 0, 0, '300', '2024-08-20 12:05:39', '0000-00-00 00:00:00', 0),
(662, 75, 'AC-50', 0, 0, '300', '2024-08-20 12:05:39', '0000-00-00 00:00:00', 0),
(663, 75, 'CD-14', 2, 0, '300', '2024-08-20 12:05:39', '0000-00-00 00:00:00', 0),
(664, 75, 'DB-97', 0, 0, '400', '2024-08-20 12:05:39', '0000-00-00 00:00:00', 0),
(665, 75, 'ED-59', 2, 0, '500', '2024-08-20 12:05:39', '0000-00-00 00:00:00', 0),
(666, 75, 'DE-91', 1, 0, '500', '2024-08-20 12:05:39', '0000-00-00 00:00:00', 0),
(667, 76, 'BA-26', 1, 1, '1000', '2024-08-20 12:05:39', '0000-00-00 00:00:00', 0),
(668, 76, 'CE-36', 0, 0, '500', '2024-08-20 12:05:39', '0000-00-00 00:00:00', 0),
(669, 76, 'BE-18', 0, 0, '300', '2024-08-20 12:05:39', '0000-00-00 00:00:00', 0),
(670, 76, 'AC-89', 0, 0, '300', '2024-08-20 12:05:39', '0000-00-00 00:00:00', 0),
(671, 76, 'AE-76', 0, 1, '900', '2024-08-20 12:05:39', '0000-00-00 00:00:00', 0),
(672, 76, 'CD-30', 0, 0, '500', '2024-08-20 12:05:39', '0000-00-00 00:00:00', 0),
(673, 76, 'ED-54', 0, 0, '500', '2024-08-20 12:05:39', '0000-00-00 00:00:00', 0),
(674, 76, 'BD-61', 2, 0, '500', '2024-08-20 12:05:39', '0000-00-00 00:00:00', 0),
(675, 76, 'AD-32', 0, 0, '400', '2024-08-20 12:05:39', '0000-00-00 00:00:00', 0),
(676, 77, 'CE-56', 2, 1, '1000', '2024-08-20 12:05:39', '0000-00-00 00:00:00', 0),
(677, 77, 'DB-58', 0, 1, '1000', '2024-08-20 12:05:39', '0000-00-00 00:00:00', 0),
(678, 77, 'AC-28', 2, 0, '300', '2024-08-20 12:05:39', '0000-00-00 00:00:00', 0),
(679, 77, 'ED-94', 2, 0, '300', '2024-08-20 12:05:39', '0000-00-00 00:00:00', 0),
(680, 77, 'AD-16', 2, 0, '300', '2024-08-20 12:05:39', '0000-00-00 00:00:00', 0),
(681, 77, 'DA-92', 1, 0, '300', '2024-08-20 12:05:39', '0000-00-00 00:00:00', 0),
(682, 77, 'BE-66', 2, 0, '500', '2024-08-20 12:05:39', '0000-00-00 00:00:00', 0),
(683, 77, 'CA-91', 1, 0, '300', '2024-08-20 12:05:39', '0000-00-00 00:00:00', 0),
(684, 77, 'EB-40', 0, 0, '400', '2024-08-20 12:05:39', '0000-00-00 00:00:00', 0),
(685, 78, 'BE-50', 2, 1, '900', '2024-08-20 12:05:39', '0000-00-00 00:00:00', 0),
(686, 78, 'DA-72', 2, 1, '1000', '2024-08-20 12:05:39', '0000-00-00 00:00:00', 0),
(687, 78, 'DE-38', 0, 0, '400', '2024-08-20 12:05:39', '0000-00-00 00:00:00', 0),
(688, 78, 'CB-12', 2, 0, '400', '2024-08-20 12:05:39', '0000-00-00 00:00:00', 0),
(689, 78, 'CE-83', 1, 0, '500', '2024-08-20 12:05:39', '0000-00-00 00:00:00', 0),
(690, 78, 'AB-67', 2, 0, '500', '2024-08-20 12:05:39', '0000-00-00 00:00:00', 0),
(691, 78, 'BA-52', 0, 0, '500', '2024-08-20 12:05:39', '0000-00-00 00:00:00', 0),
(692, 78, 'ED-77', 1, 0, '500', '2024-08-20 12:05:39', '0000-00-00 00:00:00', 0),
(693, 78, 'DC-27', 2, 0, '500', '2024-08-20 12:05:39', '0000-00-00 00:00:00', 0),
(694, 78, 'EB-26', 0, 0, '300', '2024-08-20 12:05:39', '0000-00-00 00:00:00', 0),
(695, 79, 'BC-60', 2, 0, '500', '2024-08-20 12:05:39', '0000-00-00 00:00:00', 0),
(696, 79, 'EB-32', 0, 0, '300', '2024-08-20 12:05:39', '0000-00-00 00:00:00', 0),
(697, 79, 'ED-87', 2, 1, '900', '2024-08-20 12:05:39', '0000-00-00 00:00:00', 0),
(698, 79, 'CB-98', 2, 1, '1000', '2024-08-20 12:05:39', '0000-00-00 00:00:00', 0),
(699, 79, 'CE-33', 0, 0, '500', '2024-08-20 12:05:39', '0000-00-00 00:00:00', 0),
(700, 79, 'AE-35', 0, 0, '400', '2024-08-20 12:05:39', '0000-00-00 00:00:00', 0),
(701, 79, 'DA-83', 2, 0, '400', '2024-08-20 12:05:39', '0000-00-00 00:00:00', 0),
(702, 79, 'AD-18', 1, 0, '300', '2024-08-20 12:05:39', '0000-00-00 00:00:00', 0),
(703, 79, 'BA-12', 0, 0, '500', '2024-08-20 12:05:39', '0000-00-00 00:00:00', 0),
(704, 79, 'EC-94', 0, 0, '300', '2024-08-20 12:05:39', '0000-00-00 00:00:00', 0),
(705, 80, 'DC-93', 2, 0, '500', '2024-08-20 12:05:39', '0000-00-00 00:00:00', 0),
(706, 80, 'AB-10', 2, 0, '400', '2024-08-20 12:05:39', '0000-00-00 00:00:00', 0),
(707, 80, 'ED-21', 2, 1, '800', '2024-08-20 12:05:39', '0000-00-00 00:00:00', 0),
(708, 80, 'DA-91', 0, 0, '500', '2024-08-20 12:05:39', '0000-00-00 00:00:00', 0),
(709, 80, 'BA-97', 2, 0, '400', '2024-08-20 12:05:39', '0000-00-00 00:00:00', 0),
(710, 80, 'DB-16', 0, 1, '1000', '2024-08-20 12:05:39', '0000-00-00 00:00:00', 0),
(711, 80, 'AE-24', 1, 0, '400', '2024-08-20 12:05:39', '0000-00-00 00:00:00', 0),
(712, 80, 'CD-41', 0, 0, '500', '2024-08-20 12:05:39', '0000-00-00 00:00:00', 0),
(713, 80, 'CB-65', 1, 0, '400', '2024-08-20 12:05:39', '0000-00-00 00:00:00', 0),
(714, 81, 'BD-93', 2, 0, '400', '2024-08-20 12:05:39', '0000-00-00 00:00:00', 0),
(715, 81, 'BC-32', 0, 0, '300', '2024-08-20 12:05:39', '0000-00-00 00:00:00', 0),
(716, 81, 'AD-90', 2, 1, '800', '2024-08-20 12:05:39', '0000-00-00 00:00:00', 0),
(717, 81, 'AC-27', 0, 1, '1000', '2024-08-20 12:05:39', '0000-00-00 00:00:00', 0),
(718, 81, 'CD-26', 0, 0, '500', '2024-08-20 12:05:39', '0000-00-00 00:00:00', 0),
(719, 81, 'AE-37', 2, 0, '500', '2024-08-20 12:05:39', '0000-00-00 00:00:00', 0),
(720, 81, 'EC-98', 2, 0, '400', '2024-08-20 12:05:39', '0000-00-00 00:00:00', 0),
(721, 81, 'AB-45', 0, 0, '400', '2024-08-20 12:05:39', '0000-00-00 00:00:00', 0),
(722, 82, 'EC-59', 1, 1, '800', '2024-08-20 12:05:39', '0000-00-00 00:00:00', 0),
(723, 82, 'AC-19', 2, 0, '300', '2024-08-20 12:05:39', '0000-00-00 00:00:00', 0),
(724, 82, 'BD-16', 1, 0, '300', '2024-08-20 12:05:39', '0000-00-00 00:00:00', 0),
(725, 82, 'EB-71', 0, 1, '1000', '2024-08-20 12:05:39', '0000-00-00 00:00:00', 0),
(726, 82, 'DC-17', 0, 0, '500', '2024-08-20 12:05:39', '0000-00-00 00:00:00', 0),
(727, 82, 'EA-66', 2, 0, '500', '2024-08-20 12:05:39', '0000-00-00 00:00:00', 0),
(728, 82, 'AD-64', 2, 0, '300', '2024-08-20 12:05:39', '0000-00-00 00:00:00', 0),
(729, 82, 'DB-26', 0, 0, '400', '2024-08-20 12:05:39', '0000-00-00 00:00:00', 0),
(730, 82, 'CE-43', 0, 0, '500', '2024-08-20 12:05:39', '0000-00-00 00:00:00', 0),
(731, 83, 'BC-14', 0, 0, '300', '2024-08-20 12:05:39', '0000-00-00 00:00:00', 0),
(732, 83, 'AC-61', 1, 0, '500', '2024-08-20 12:05:39', '0000-00-00 00:00:00', 0),
(733, 83, 'CD-49', 2, 1, '800', '2024-08-20 12:05:39', '0000-00-00 00:00:00', 0),
(734, 83, 'DC-57', 1, 1, '900', '2024-08-20 12:05:39', '0000-00-00 00:00:00', 0),
(735, 83, 'BE-42', 1, 0, '300', '2024-08-20 12:05:39', '0000-00-00 00:00:00', 0),
(736, 83, 'DE-10', 0, 0, '300', '2024-08-20 12:05:39', '0000-00-00 00:00:00', 0),
(737, 83, 'EA-25', 2, 0, '300', '2024-08-20 12:05:39', '0000-00-00 00:00:00', 0),
(738, 83, 'AB-13', 2, 0, '400', '2024-08-20 12:05:39', '0000-00-00 00:00:00', 0),
(739, 83, 'EB-22', 1, 0, '400', '2024-08-20 12:05:39', '0000-00-00 00:00:00', 0),
(740, 83, 'CA-72', 0, 0, '400', '2024-08-20 12:05:39', '0000-00-00 00:00:00', 0),
(741, 84, 'EA-76', 0, 0, '500', '2024-08-20 12:05:39', '0000-00-00 00:00:00', 0),
(742, 84, 'DA-28', 2, 1, '800', '2024-08-20 12:05:39', '0000-00-00 00:00:00', 0),
(743, 84, 'CA-69', 0, 0, '300', '2024-08-20 12:05:39', '0000-00-00 00:00:00', 0),
(744, 84, 'DE-23', 0, 0, '300', '2024-08-20 12:05:39', '0000-00-00 00:00:00', 0),
(745, 84, 'BC-20', 0, 1, '900', '2024-08-20 12:05:39', '0000-00-00 00:00:00', 0),
(746, 84, 'CE-72', 1, 0, '300', '2024-08-20 12:05:39', '0000-00-00 00:00:00', 0),
(747, 84, 'DB-24', 2, 0, '300', '2024-08-20 12:05:39', '0000-00-00 00:00:00', 0),
(748, 84, 'AE-82', 1, 0, '300', '2024-08-20 12:05:39', '0000-00-00 00:00:00', 0),
(749, 84, 'DC-73', 0, 0, '300', '2024-08-20 12:05:39', '0000-00-00 00:00:00', 0),
(750, 84, 'CB-95', 0, 0, '500', '2024-08-20 12:05:39', '0000-00-00 00:00:00', 0),
(751, 85, 'DC-65', 1, 0, '400', '2024-08-20 12:05:39', '0000-00-00 00:00:00', 0),
(752, 85, 'AC-84', 0, 0, '500', '2024-08-20 12:05:39', '0000-00-00 00:00:00', 0),
(753, 85, 'BD-12', 0, 0, '300', '2024-08-20 12:05:39', '0000-00-00 00:00:00', 0),
(754, 85, 'DE-64', 0, 1, '900', '2024-08-20 12:05:39', '0000-00-00 00:00:00', 0),
(755, 85, 'EA-18', 0, 1, '800', '2024-08-20 12:05:39', '0000-00-00 00:00:00', 0),
(756, 85, 'DA-42', 0, 0, '300', '2024-08-20 12:05:39', '0000-00-00 00:00:00', 0),
(757, 85, 'CB-79', 2, 0, '300', '2024-08-20 12:05:39', '0000-00-00 00:00:00', 0),
(758, 85, 'EC-83', 0, 0, '400', '2024-08-20 12:05:39', '0000-00-00 00:00:00', 0),
(759, 85, 'BA-50', 0, 0, '300', '2024-08-20 12:05:39', '0000-00-00 00:00:00', 0),
(760, 86, 'EC-92', 2, 0, '400', '2024-08-20 12:05:39', '0000-00-00 00:00:00', 0),
(761, 86, 'ED-91', 0, 1, '1000', '2024-08-20 12:05:39', '0000-00-00 00:00:00', 0),
(762, 86, 'BD-85', 1, 0, '500', '2024-08-20 12:05:39', '0000-00-00 00:00:00', 0),
(763, 86, 'DE-87', 2, 0, '500', '2024-08-20 12:05:39', '0000-00-00 00:00:00', 0),
(764, 86, 'AD-58', 0, 1, '800', '2024-08-20 12:05:39', '0000-00-00 00:00:00', 0),
(765, 86, 'CA-72', 1, 0, '500', '2024-08-20 12:05:39', '0000-00-00 00:00:00', 0),
(766, 86, 'CB-39', 0, 0, '400', '2024-08-20 12:05:39', '0000-00-00 00:00:00', 0),
(767, 86, 'DB-36', 2, 0, '500', '2024-08-20 12:05:39', '0000-00-00 00:00:00', 0),
(768, 86, 'EA-88', 1, 0, '300', '2024-08-20 12:05:39', '0000-00-00 00:00:00', 0),
(769, 87, 'BD-94', 0, 1, '800', '2024-08-20 12:05:39', '0000-00-00 00:00:00', 0),
(770, 87, 'DA-75', 1, 0, '500', '2024-08-20 12:05:39', '0000-00-00 00:00:00', 0),
(771, 87, 'AE-62', 0, 0, '300', '2024-08-20 12:05:39', '0000-00-00 00:00:00', 0),
(772, 87, 'CA-79', 0, 0, '300', '2024-08-20 12:05:39', '0000-00-00 00:00:00', 0),
(773, 87, 'ED-28', 0, 1, '800', '2024-08-20 12:05:39', '0000-00-00 00:00:00', 0),
(774, 87, 'EC-13', 0, 0, '500', '2024-08-20 12:05:39', '0000-00-00 00:00:00', 0),
(775, 87, 'DC-48', 2, 0, '300', '2024-08-20 12:05:39', '0000-00-00 00:00:00', 0),
(776, 87, 'BA-67', 1, 0, '500', '2024-08-20 12:05:39', '0000-00-00 00:00:00', 0),
(777, 88, 'ED-74', 1, 0, '400', '2024-08-20 12:05:39', '0000-00-00 00:00:00', 0),
(778, 88, 'EB-17', 0, 0, '400', '2024-08-20 12:05:39', '0000-00-00 00:00:00', 0),
(779, 88, 'DE-50', 1, 0, '500', '2024-08-20 12:05:39', '0000-00-00 00:00:00', 0),
(780, 88, 'BE-58', 2, 0, '300', '2024-08-20 12:05:39', '0000-00-00 00:00:00', 0),
(781, 88, 'AE-30', 2, 1, '900', '2024-08-20 12:05:39', '0000-00-00 00:00:00', 0),
(782, 88, 'BD-81', 2, 1, '800', '2024-08-20 12:05:39', '0000-00-00 00:00:00', 0),
(783, 88, 'AC-15', 2, 0, '400', '2024-08-20 12:05:39', '0000-00-00 00:00:00', 0),
(784, 88, 'BA-43', 0, 0, '500', '2024-08-20 12:05:39', '0000-00-00 00:00:00', 0),
(785, 88, 'DA-55', 1, 0, '300', '2024-08-20 12:05:39', '0000-00-00 00:00:00', 0),
(786, 88, 'DB-32', 1, 0, '400', '2024-08-20 12:05:39', '0000-00-00 00:00:00', 0),
(787, 89, 'CD-55', 0, 0, '400', '2024-08-20 12:05:39', '0000-00-00 00:00:00', 0),
(788, 89, 'BC-91', 0, 1, '1000', '2024-08-20 12:05:39', '0000-00-00 00:00:00', 0),
(789, 89, 'DB-43', 2, 1, '900', '2024-08-20 12:05:39', '0000-00-00 00:00:00', 0),
(790, 89, 'AC-67', 2, 0, '400', '2024-08-20 12:05:39', '0000-00-00 00:00:00', 0),
(791, 89, 'BA-66', 0, 0, '300', '2024-08-20 12:05:39', '0000-00-00 00:00:00', 0),
(792, 89, 'EC-23', 1, 0, '300', '2024-08-20 12:05:39', '0000-00-00 00:00:00', 0),
(793, 89, 'EB-90', 1, 0, '400', '2024-08-20 12:05:39', '0000-00-00 00:00:00', 0),
(794, 89, 'AB-44', 2, 0, '400', '2024-08-20 12:05:39', '0000-00-00 00:00:00', 0),
(795, 89, 'EA-65', 0, 0, '400', '2024-08-20 12:05:39', '0000-00-00 00:00:00', 0),
(796, 89, 'DE-29', 2, 0, '400', '2024-08-20 12:05:39', '0000-00-00 00:00:00', 0),
(797, 90, 'DA-89', 0, 0, '300', '2024-08-20 12:05:39', '0000-00-00 00:00:00', 0),
(798, 90, 'AB-24', 2, 1, '1000', '2024-08-20 12:05:39', '0000-00-00 00:00:00', 0),
(799, 90, 'CB-36', 2, 0, '400', '2024-08-20 12:05:39', '0000-00-00 00:00:00', 0),
(800, 90, 'BE-70', 2, 0, '400', '2024-08-20 12:05:39', '0000-00-00 00:00:00', 0),
(801, 90, 'BA-42', 1, 0, '500', '2024-08-20 12:05:39', '0000-00-00 00:00:00', 0),
(802, 90, 'DC-99', 0, 0, '300', '2024-08-20 12:05:39', '0000-00-00 00:00:00', 0),
(803, 90, 'CE-73', 0, 1, '900', '2024-08-20 12:05:39', '0000-00-00 00:00:00', 0),
(804, 90, 'AE-64', 1, 0, '500', '2024-08-20 12:05:39', '0000-00-00 00:00:00', 0),
(805, 90, 'AD-61', 0, 0, '400', '2024-08-20 12:05:39', '0000-00-00 00:00:00', 0),
(806, 90, 'EB-43', 2, 0, '500', '2024-08-20 12:05:39', '0000-00-00 00:00:00', 0),
(807, 91, 'EA-61', 1, 0, '500', '2024-08-20 12:05:39', '0000-00-00 00:00:00', 0),
(808, 91, 'AC-20', 1, 0, '400', '2024-08-20 12:05:39', '0000-00-00 00:00:00', 0),
(809, 91, 'BC-89', 0, 1, '900', '2024-08-20 12:05:39', '0000-00-00 00:00:00', 0),
(810, 91, 'CD-88', 2, 1, '1000', '2024-08-20 12:05:39', '0000-00-00 00:00:00', 0),
(811, 91, 'EB-99', 2, 0, '400', '2024-08-20 12:05:39', '0000-00-00 00:00:00', 0),
(812, 91, 'ED-49', 2, 0, '400', '2024-08-20 12:05:39', '0000-00-00 00:00:00', 0),
(813, 91, 'EC-98', 0, 0, '400', '2024-08-20 12:05:39', '0000-00-00 00:00:00', 0),
(814, 91, 'CE-50', 2, 0, '300', '2024-08-20 12:05:39', '0000-00-00 00:00:00', 0),
(815, 91, 'AE-27', 2, 0, '500', '2024-08-20 12:05:39', '0000-00-00 00:00:00', 0),
(816, 91, 'BA-97', 1, 0, '400', '2024-08-20 12:05:39', '0000-00-00 00:00:00', 0),
(817, 92, 'AC-24', 0, 1, '900', '2024-08-20 12:05:39', '0000-00-00 00:00:00', 0),
(818, 92, 'DA-39', 2, 0, '500', '2024-08-20 12:05:39', '0000-00-00 00:00:00', 0),
(819, 92, 'BD-50', 0, 1, '900', '2024-08-20 12:05:39', '0000-00-00 00:00:00', 0),
(820, 92, 'BA-75', 2, 0, '400', '2024-08-20 12:05:39', '0000-00-00 00:00:00', 0),
(821, 92, 'CE-86', 0, 0, '400', '2024-08-20 12:05:39', '0000-00-00 00:00:00', 0),
(822, 92, 'AE-93', 2, 0, '500', '2024-08-20 12:05:39', '0000-00-00 00:00:00', 0),
(823, 92, 'CB-48', 2, 0, '500', '2024-08-20 12:05:39', '0000-00-00 00:00:00', 0),
(824, 92, 'DE-97', 1, 0, '500', '2024-08-20 12:05:39', '0000-00-00 00:00:00', 0),
(825, 93, 'DE-62', 0, 1, '900', '2024-08-20 12:05:39', '0000-00-00 00:00:00', 0),
(826, 93, 'CB-11', 1, 1, '900', '2024-08-20 12:05:39', '0000-00-00 00:00:00', 0),
(827, 93, 'DC-72', 1, 0, '400', '2024-08-20 12:05:39', '0000-00-00 00:00:00', 0),
(828, 93, 'EA-83', 1, 0, '400', '2024-08-20 12:05:39', '0000-00-00 00:00:00', 0),
(829, 93, 'BA-64', 0, 0, '300', '2024-08-20 12:05:39', '0000-00-00 00:00:00', 0),
(830, 93, 'CE-61', 1, 0, '300', '2024-08-20 12:05:39', '0000-00-00 00:00:00', 0),
(831, 93, 'BD-53', 2, 0, '400', '2024-08-20 12:05:39', '0000-00-00 00:00:00', 0),
(832, 93, 'AE-60', 2, 0, '400', '2024-08-20 12:05:39', '0000-00-00 00:00:00', 0),
(833, 93, 'EC-39', 0, 0, '300', '2024-08-20 12:05:39', '0000-00-00 00:00:00', 0),
(834, 93, 'DB-33', 0, 0, '300', '2024-08-20 12:05:39', '0000-00-00 00:00:00', 0),
(835, 94, 'BD-64', 1, 1, '1000', '2024-08-20 12:05:39', '0000-00-00 00:00:00', 0),
(836, 94, 'CD-27', 1, 1, '1000', '2024-08-20 12:05:39', '0000-00-00 00:00:00', 0),
(837, 94, 'AD-13', 0, 0, '300', '2024-08-20 12:05:39', '0000-00-00 00:00:00', 0),
(838, 94, 'BC-22', 0, 0, '400', '2024-08-20 12:05:39', '0000-00-00 00:00:00', 0),
(839, 94, 'EC-78', 2, 0, '500', '2024-08-20 12:05:39', '0000-00-00 00:00:00', 0),
(840, 94, 'DA-10', 2, 0, '300', '2024-08-20 12:05:39', '0000-00-00 00:00:00', 0),
(841, 94, 'ED-71', 2, 0, '400', '2024-08-20 12:05:39', '0000-00-00 00:00:00', 0),
(842, 94, 'EB-35', 0, 0, '300', '2024-08-20 12:05:39', '0000-00-00 00:00:00', 0),
(843, 95, 'DA-44', 1, 1, '800', '2024-08-20 12:05:39', '0000-00-00 00:00:00', 0),
(844, 95, 'CB-91', 1, 1, '800', '2024-08-20 12:05:39', '0000-00-00 00:00:00', 0),
(845, 95, 'BA-31', 0, 0, '300', '2024-08-20 12:05:39', '0000-00-00 00:00:00', 0),
(846, 95, 'EC-39', 2, 0, '400', '2024-08-20 12:05:39', '0000-00-00 00:00:00', 0),
(847, 95, 'DC-99', 2, 0, '500', '2024-08-20 12:05:39', '0000-00-00 00:00:00', 0),
(848, 95, 'BC-43', 2, 0, '300', '2024-08-20 12:05:39', '0000-00-00 00:00:00', 0),
(849, 95, 'AB-74', 1, 0, '400', '2024-08-20 12:05:39', '0000-00-00 00:00:00', 0),
(850, 95, 'CE-16', 0, 0, '500', '2024-08-20 12:05:39', '0000-00-00 00:00:00', 0),
(851, 95, 'CD-53', 2, 0, '300', '2024-08-20 12:05:39', '0000-00-00 00:00:00', 0),
(852, 95, 'BE-67', 1, 0, '500', '2024-08-20 12:05:39', '0000-00-00 00:00:00', 0),
(853, 96, 'EA-67', 1, 1, '900', '2024-08-20 12:05:39', '0000-00-00 00:00:00', 0),
(854, 96, 'BC-92', 2, 0, '500', '2024-08-20 12:05:39', '0000-00-00 00:00:00', 0),
(855, 96, 'DB-13', 0, 0, '500', '2024-08-20 12:05:39', '0000-00-00 00:00:00', 0),
(856, 96, 'BA-70', 1, 1, '1000', '2024-08-20 12:05:39', '0000-00-00 00:00:00', 0),
(857, 96, 'AE-18', 2, 0, '400', '2024-08-20 12:05:39', '0000-00-00 00:00:00', 0),
(858, 96, 'CE-91', 0, 0, '300', '2024-08-20 12:05:39', '0000-00-00 00:00:00', 0),
(859, 96, 'CB-44', 2, 0, '300', '2024-08-20 12:05:39', '0000-00-00 00:00:00', 0),
(860, 96, 'CA-14', 2, 0, '500', '2024-08-20 12:05:39', '0000-00-00 00:00:00', 0),
(861, 96, 'DE-74', 1, 0, '500', '2024-08-20 12:05:39', '0000-00-00 00:00:00', 0),
(862, 96, 'AD-54', 0, 0, '400', '2024-08-20 12:05:39', '0000-00-00 00:00:00', 0),
(863, 97, 'CE-43', 1, 1, '800', '2024-08-20 12:05:39', '0000-00-00 00:00:00', 0),
(864, 97, 'EC-98', 0, 0, '400', '2024-08-20 12:05:39', '0000-00-00 00:00:00', 0),
(865, 97, 'DA-11', 2, 0, '500', '2024-08-20 12:05:39', '0000-00-00 00:00:00', 0),
(866, 97, 'BA-28', 2, 1, '900', '2024-08-20 12:05:39', '0000-00-00 00:00:00', 0),
(867, 97, 'ED-89', 2, 0, '500', '2024-08-20 12:05:39', '0000-00-00 00:00:00', 0),
(868, 97, 'DB-86', 0, 0, '400', '2024-08-20 12:05:39', '0000-00-00 00:00:00', 0),
(869, 97, 'CD-84', 2, 0, '300', '2024-08-20 12:05:39', '0000-00-00 00:00:00', 0),
(870, 97, 'BC-58', 0, 0, '300', '2024-08-20 12:05:39', '0000-00-00 00:00:00', 0),
(871, 97, 'AD-42', 0, 0, '400', '2024-08-20 12:05:39', '0000-00-00 00:00:00', 0),
(872, 98, 'EB-85', 1, 0, '300', '2024-08-20 12:05:39', '0000-00-00 00:00:00', 0),
(873, 98, 'BA-29', 0, 0, '500', '2024-08-20 12:05:39', '0000-00-00 00:00:00', 0),
(874, 98, 'AD-30', 2, 1, '800', '2024-08-20 12:05:39', '0000-00-00 00:00:00', 0),
(875, 98, 'EA-83', 2, 0, '300', '2024-08-20 12:05:39', '0000-00-00 00:00:00', 0),
(876, 98, 'AE-11', 0, 0, '300', '2024-08-20 12:05:39', '0000-00-00 00:00:00', 0),
(877, 98, 'DE-58', 0, 0, '300', '2024-08-20 12:05:39', '0000-00-00 00:00:00', 0),
(878, 98, 'ED-59', 0, 0, '300', '2024-08-20 12:05:39', '0000-00-00 00:00:00', 0),
(879, 98, 'CB-57', 1, 0, '300', '2024-08-20 12:05:39', '0000-00-00 00:00:00', 0),
(880, 99, 'BC-50', 2, 0, '300', '2024-08-20 12:05:39', '0000-00-00 00:00:00', 0),
(881, 99, 'EA-71', 1, 0, '400', '2024-08-20 12:05:39', '0000-00-00 00:00:00', 0),
(882, 99, 'CD-85', 1, 0, '500', '2024-08-20 12:05:39', '0000-00-00 00:00:00', 0),
(883, 99, 'AE-35', 2, 0, '300', '2024-08-20 12:05:39', '0000-00-00 00:00:00', 0),
(884, 99, 'DB-10', 1, 1, '900', '2024-08-20 12:05:39', '0000-00-00 00:00:00', 0),
(885, 99, 'ED-66', 0, 1, '900', '2024-08-20 12:05:39', '0000-00-00 00:00:00', 0),
(886, 99, 'DE-95', 1, 0, '400', '2024-08-20 12:05:39', '0000-00-00 00:00:00', 0),
(887, 99, 'CA-19', 0, 0, '500', '2024-08-20 12:05:39', '0000-00-00 00:00:00', 0),
(888, 99, 'DC-48', 0, 0, '500', '2024-08-20 12:05:39', '0000-00-00 00:00:00', 0),
(889, 100, 'CA-67', 2, 0, '400', '2024-08-20 12:05:39', '0000-00-00 00:00:00', 0),
(890, 100, 'DC-89', 1, 0, '300', '2024-08-20 12:05:39', '0000-00-00 00:00:00', 0),
(891, 100, 'CB-65', 1, 0, '500', '2024-08-20 12:05:39', '0000-00-00 00:00:00', 0),
(892, 100, 'DE-30', 1, 0, '500', '2024-08-20 12:05:39', '0000-00-00 00:00:00', 0),
(893, 100, 'AB-79', 1, 1, '1000', '2024-08-20 12:05:39', '0000-00-00 00:00:00', 0),
(894, 100, 'EA-56', 0, 0, '400', '2024-08-20 12:05:39', '0000-00-00 00:00:00', 0),
(895, 100, 'BC-68', 0, 1, '1000', '2024-08-20 12:05:39', '0000-00-00 00:00:00', 0),
(896, 100, 'BA-21', 0, 0, '400', '2024-08-20 12:05:39', '0000-00-00 00:00:00', 0),
(897, 101, 'DB-58', 0, 1, '900', '2024-08-20 12:05:39', '0000-00-00 00:00:00', 0),
(898, 101, 'EA-83', 1, 0, '300', '2024-08-20 12:05:39', '0000-00-00 00:00:00', 0),
(899, 101, 'DC-52', 2, 0, '400', '2024-08-20 12:05:39', '0000-00-00 00:00:00', 0),
(900, 101, 'DE-68', 1, 0, '500', '2024-08-20 12:05:39', '0000-00-00 00:00:00', 0),
(901, 101, 'BD-47', 1, 0, '500', '2024-08-20 12:05:39', '0000-00-00 00:00:00', 0),
(902, 101, 'AE-79', 2, 0, '500', '2024-08-20 12:05:39', '0000-00-00 00:00:00', 0),
(903, 101, 'CA-87', 2, 0, '500', '2024-08-20 12:05:39', '0000-00-00 00:00:00', 0),
(904, 101, 'CB-30', 0, 1, '1000', '2024-08-20 12:05:39', '0000-00-00 00:00:00', 0),
(905, 101, 'DA-43', 2, 0, '500', '2024-08-20 12:05:39', '0000-00-00 00:00:00', 0),
(906, 101, 'CE-26', 0, 0, '500', '2024-08-20 12:05:39', '0000-00-00 00:00:00', 0),
(907, 102, 'CD-15', 1, 1, '900', '2024-08-20 12:05:39', '0000-00-00 00:00:00', 0),
(908, 102, 'AB-26', 1, 0, '400', '2024-08-20 12:05:39', '0000-00-00 00:00:00', 0),
(909, 102, 'EA-16', 0, 0, '500', '2024-08-20 12:05:39', '0000-00-00 00:00:00', 0),
(910, 102, 'BC-62', 1, 1, '800', '2024-08-20 12:05:39', '0000-00-00 00:00:00', 0),
(911, 102, 'DB-37', 0, 0, '400', '2024-08-20 12:05:39', '0000-00-00 00:00:00', 0),
(912, 102, 'EB-81', 2, 0, '400', '2024-08-20 12:05:39', '0000-00-00 00:00:00', 0),
(913, 102, 'CA-17', 0, 0, '400', '2024-08-20 12:05:39', '0000-00-00 00:00:00', 0),
(914, 102, 'DA-59', 2, 0, '400', '2024-08-20 12:05:39', '0000-00-00 00:00:00', 0),
(915, 102, 'AD-18', 0, 0, '400', '2024-08-20 12:05:39', '0000-00-00 00:00:00', 0),
(916, 103, 'AE-83', 1, 0, '300', '2024-08-20 12:05:39', '0000-00-00 00:00:00', 0),
(917, 103, 'DA-94', 0, 0, '400', '2024-08-20 12:05:39', '0000-00-00 00:00:00', 0),
(918, 103, 'AC-39', 1, 0, '300', '2024-08-20 12:05:39', '0000-00-00 00:00:00', 0),
(919, 103, 'BA-14', 1, 0, '300', '2024-08-20 12:05:39', '0000-00-00 00:00:00', 0),
(920, 103, 'EC-97', 0, 1, '800', '2024-08-20 12:05:39', '0000-00-00 00:00:00', 0),
(921, 103, 'CA-74', 2, 1, '900', '2024-08-20 12:05:39', '0000-00-00 00:00:00', 0),
(922, 103, 'CB-92', 0, 0, '500', '2024-08-20 12:05:39', '0000-00-00 00:00:00', 0),
(923, 103, 'ED-62', 2, 0, '500', '2024-08-20 12:05:39', '0000-00-00 00:00:00', 0),
(924, 103, 'EB-54', 0, 0, '500', '2024-08-20 12:05:39', '0000-00-00 00:00:00', 0),
(925, 103, 'CE-70', 0, 0, '400', '2024-08-20 12:05:39', '0000-00-00 00:00:00', 0),
(926, 104, 'EB-70', 0, 0, '400', '2024-08-20 12:05:39', '0000-00-00 00:00:00', 0),
(927, 104, 'BA-14', 1, 0, '400', '2024-08-20 12:05:39', '0000-00-00 00:00:00', 0),
(928, 104, 'BC-81', 2, 0, '500', '2024-08-20 12:05:39', '0000-00-00 00:00:00', 0),
(929, 104, 'BE-18', 1, 1, '900', '2024-08-20 12:05:39', '0000-00-00 00:00:00', 0),
(930, 104, 'CD-42', 2, 0, '300', '2024-08-20 12:05:39', '0000-00-00 00:00:00', 0),
(931, 104, 'BD-77', 0, 1, '900', '2024-08-20 12:05:39', '0000-00-00 00:00:00', 0),
(932, 104, 'AD-67', 0, 0, '500', '2024-08-20 12:05:39', '0000-00-00 00:00:00', 0),
(933, 104, 'CE-79', 2, 0, '300', '2024-08-20 12:05:39', '0000-00-00 00:00:00', 0),
(934, 104, 'EC-32', 1, 0, '300', '2024-08-20 12:05:39', '0000-00-00 00:00:00', 0),
(935, 104, 'DC-61', 0, 0, '500', '2024-08-20 12:05:39', '0000-00-00 00:00:00', 0),
(936, 105, 'CA-67', 1, 1, '900', '2024-08-20 12:05:39', '0000-00-00 00:00:00', 0),
(937, 105, 'DC-89', 1, 0, '400', '2024-08-20 12:05:39', '0000-00-00 00:00:00', 0),
(938, 105, 'CD-30', 0, 0, '500', '2024-08-20 12:05:39', '0000-00-00 00:00:00', 0),
(939, 105, 'AE-79', 1, 0, '400', '2024-08-20 12:05:39', '0000-00-00 00:00:00', 0),
(940, 105, 'AD-90', 2, 0, '400', '2024-08-20 12:05:39', '0000-00-00 00:00:00', 0),
(941, 105, 'EA-39', 0, 0, '300', '2024-08-20 12:05:39', '0000-00-00 00:00:00', 0),
(942, 105, 'DE-22', 2, 0, '500', '2024-08-20 12:05:39', '0000-00-00 00:00:00', 0),
(943, 105, 'BC-47', 2, 0, '400', '2024-08-20 12:05:39', '0000-00-00 00:00:00', 0),
(944, 106, 'AB-31', 2, 1, '800', '2024-08-20 12:05:39', '0000-00-00 00:00:00', 0),
(945, 106, 'EC-39', 1, 1, '900', '2024-08-20 12:05:39', '0000-00-00 00:00:00', 0),
(946, 106, 'AE-95', 0, 0, '300', '2024-08-20 12:05:39', '0000-00-00 00:00:00', 0),
(947, 106, 'DC-82', 1, 0, '300', '2024-08-20 12:05:39', '0000-00-00 00:00:00', 0),
(948, 106, 'DA-20', 1, 0, '300', '2024-08-20 12:05:39', '0000-00-00 00:00:00', 0),
(949, 106, 'CB-33', 1, 0, '500', '2024-08-20 12:05:39', '0000-00-00 00:00:00', 0),
(950, 106, 'AD-46', 0, 0, '400', '2024-08-20 12:05:39', '0000-00-00 00:00:00', 0),
(951, 106, 'BE-69', 2, 0, '500', '2024-08-20 12:05:39', '0000-00-00 00:00:00', 0),
(952, 106, 'AC-85', 2, 0, '400', '2024-08-20 12:05:39', '0000-00-00 00:00:00', 0),
(953, 106, 'CA-36', 2, 0, '500', '2024-08-20 12:05:39', '0000-00-00 00:00:00', 0),
(954, 107, 'CE-26', 0, 0, '300', '2024-08-20 12:05:39', '0000-00-00 00:00:00', 0),
(955, 107, 'AC-18', 0, 1, '1000', '2024-08-20 12:05:39', '0000-00-00 00:00:00', 0),
(956, 107, 'EA-38', 2, 1, '900', '2024-08-20 12:05:39', '0000-00-00 00:00:00', 0),
(957, 107, 'EB-79', 1, 0, '400', '2024-08-20 12:05:39', '0000-00-00 00:00:00', 0),
(958, 107, 'BC-97', 2, 0, '400', '2024-08-20 12:05:39', '0000-00-00 00:00:00', 0),
(959, 107, 'BA-56', 1, 0, '300', '2024-08-20 12:05:39', '0000-00-00 00:00:00', 0),
(960, 107, 'AE-62', 1, 0, '500', '2024-08-20 12:05:39', '0000-00-00 00:00:00', 0),
(961, 107, 'AD-83', 1, 0, '500', '2024-08-20 12:05:39', '0000-00-00 00:00:00', 0),
(962, 108, 'ED-66', 1, 0, '400', '2024-08-20 12:05:39', '0000-00-00 00:00:00', 0),
(963, 108, 'BD-74', 1, 0, '500', '2024-08-20 12:05:39', '0000-00-00 00:00:00', 0),
(964, 108, 'BE-82', 1, 0, '400', '2024-08-20 12:05:39', '0000-00-00 00:00:00', 0),
(965, 108, 'BA-10', 1, 1, '900', '2024-08-20 12:05:39', '0000-00-00 00:00:00', 0),
(966, 108, 'DB-52', 1, 1, '800', '2024-08-20 12:05:39', '0000-00-00 00:00:00', 0),
(967, 108, 'CA-19', 1, 0, '300', '2024-08-20 12:05:39', '0000-00-00 00:00:00', 0),
(968, 108, 'DC-42', 0, 0, '400', '2024-08-20 12:05:39', '0000-00-00 00:00:00', 0),
(969, 108, 'BC-23', 1, 0, '500', '2024-08-20 12:05:39', '0000-00-00 00:00:00', 0),
(970, 109, 'EA-90', 0, 0, '500', '2024-08-20 12:05:39', '0000-00-00 00:00:00', 0),
(971, 109, 'BE-49', 1, 0, '300', '2024-08-20 12:05:39', '0000-00-00 00:00:00', 0),
(972, 109, 'AE-83', 0, 0, '500', '2024-08-20 12:05:39', '0000-00-00 00:00:00', 0),
(973, 109, 'AC-41', 0, 1, '1000', '2024-08-20 12:05:39', '0000-00-00 00:00:00', 0),
(974, 109, 'EC-11', 0, 1, '800', '2024-08-20 12:05:39', '0000-00-00 00:00:00', 0),
(975, 109, 'AD-60', 1, 0, '300', '2024-08-20 12:05:39', '0000-00-00 00:00:00', 0),
(976, 109, 'BA-46', 2, 0, '400', '2024-08-20 12:05:39', '0000-00-00 00:00:00', 0),
(977, 109, 'DC-82', 2, 0, '500', '2024-08-20 12:05:39', '0000-00-00 00:00:00', 0),
(978, 109, 'EB-21', 0, 0, '500', '2024-08-20 12:05:39', '0000-00-00 00:00:00', 0),
(979, 110, 'CB-60', 0, 1, '800', '2024-08-20 12:05:39', '0000-00-00 00:00:00', 0),
(980, 110, 'DB-11', 2, 0, '300', '2024-08-20 12:05:39', '0000-00-00 00:00:00', 0),
(981, 110, 'CE-76', 0, 1, '800', '2024-08-20 12:05:39', '0000-00-00 00:00:00', 0),
(982, 110, 'CD-69', 0, 0, '500', '2024-08-20 12:05:39', '0000-00-00 00:00:00', 0),
(983, 110, 'EB-10', 1, 0, '300', '2024-08-20 12:05:39', '0000-00-00 00:00:00', 0),
(984, 110, 'AC-30', 0, 0, '500', '2024-08-20 12:05:39', '0000-00-00 00:00:00', 0),
(985, 110, 'EA-33', 0, 0, '400', '2024-08-20 12:05:39', '0000-00-00 00:00:00', 0),
(986, 110, 'BA-92', 2, 0, '500', '2024-08-20 12:05:39', '0000-00-00 00:00:00', 0),
(987, 110, 'CA-83', 1, 0, '500', '2024-08-20 12:05:39', '0000-00-00 00:00:00', 0),
(988, 110, 'DA-24', 2, 0, '400', '2024-08-20 12:05:39', '0000-00-00 00:00:00', 0),
(989, 111, 'CA-85', 1, 1, '1000', '2024-08-20 12:05:39', '0000-00-00 00:00:00', 0),
(990, 111, 'DB-98', 0, 1, '900', '2024-08-20 12:05:39', '0000-00-00 00:00:00', 0),
(991, 111, 'EA-16', 1, 0, '300', '2024-08-20 12:05:39', '0000-00-00 00:00:00', 0),
(992, 111, 'AD-87', 0, 0, '500', '2024-08-20 12:05:39', '0000-00-00 00:00:00', 0),
(993, 111, 'ED-32', 2, 0, '400', '2024-08-20 12:05:39', '0000-00-00 00:00:00', 0),
(994, 111, 'CE-94', 0, 0, '500', '2024-08-20 12:05:39', '0000-00-00 00:00:00', 0),
(995, 111, 'BE-71', 0, 0, '300', '2024-08-20 12:05:39', '0000-00-00 00:00:00', 0),
(996, 111, 'AB-80', 0, 0, '500', '2024-08-20 12:05:39', '0000-00-00 00:00:00', 0),
(997, 112, 'BE-94', 0, 0, '300', '2024-08-20 12:05:39', '0000-00-00 00:00:00', 0),
(998, 112, 'AC-45', 1, 1, '900', '2024-08-20 12:05:39', '0000-00-00 00:00:00', 0),
(999, 112, 'BA-18', 1, 0, '400', '2024-08-20 12:05:39', '0000-00-00 00:00:00', 0),
(1000, 112, 'AB-90', 2, 0, '300', '2024-08-20 12:05:39', '0000-00-00 00:00:00', 0),
(1001, 112, 'DE-55', 0, 0, '500', '2024-08-20 12:05:39', '0000-00-00 00:00:00', 0),
(1002, 112, 'BC-34', 0, 0, '300', '2024-08-20 12:05:39', '0000-00-00 00:00:00', 0),
(1003, 112, 'DC-16', 1, 0, '400', '2024-08-20 12:05:39', '0000-00-00 00:00:00', 0),
(1004, 112, 'EB-66', 1, 1, '900', '2024-08-20 12:05:39', '0000-00-00 00:00:00', 0),
(1005, 112, 'CD-84', 0, 0, '500', '2024-08-20 12:05:39', '0000-00-00 00:00:00', 0),
(1006, 113, 'BA-97', 0, 0, '500', '2024-08-20 12:05:39', '0000-00-00 00:00:00', 0),
(1007, 113, 'EA-63', 2, 0, '500', '2024-08-20 12:05:39', '0000-00-00 00:00:00', 0),
(1008, 113, 'DC-58', 2, 0, '300', '2024-08-20 12:05:39', '0000-00-00 00:00:00', 0),
(1009, 113, 'EB-25', 0, 0, '400', '2024-08-20 12:05:39', '0000-00-00 00:00:00', 0),
(1010, 113, 'EC-18', 2, 0, '400', '2024-08-20 12:05:39', '0000-00-00 00:00:00', 0),
(1011, 113, 'BE-82', 0, 1, '800', '2024-08-20 12:05:39', '0000-00-00 00:00:00', 0),
(1012, 113, 'DE-11', 2, 0, '300', '2024-08-20 12:05:39', '0000-00-00 00:00:00', 0),
(1013, 113, 'DA-59', 0, 1, '1000', '2024-08-20 12:05:39', '0000-00-00 00:00:00', 0),
(1014, 113, 'DB-20', 2, 0, '500', '2024-08-20 12:05:39', '0000-00-00 00:00:00', 0),
(1015, 113, 'CA-48', 2, 0, '400', '2024-08-20 12:05:39', '0000-00-00 00:00:00', 0),
(1016, 114, 'AD-65', 1, 1, '800', '2024-08-20 12:05:39', '0000-00-00 00:00:00', 0),
(1017, 114, 'EB-38', 2, 1, '900', '2024-08-20 12:05:39', '0000-00-00 00:00:00', 0),
(1018, 114, 'CA-48', 2, 0, '500', '2024-08-20 12:05:39', '0000-00-00 00:00:00', 0),
(1019, 114, 'DB-68', 0, 0, '300', '2024-08-20 12:05:39', '0000-00-00 00:00:00', 0),
(1020, 114, 'BD-27', 1, 0, '300', '2024-08-20 12:05:39', '0000-00-00 00:00:00', 0),
(1021, 114, 'AC-28', 1, 0, '300', '2024-08-20 12:05:39', '0000-00-00 00:00:00', 0),
(1022, 114, 'CE-44', 2, 0, '300', '2024-08-20 12:05:39', '0000-00-00 00:00:00', 0),
(1023, 114, 'AE-78', 2, 0, '400', '2024-08-20 12:05:39', '0000-00-00 00:00:00', 0),
(1024, 114, 'EA-89', 1, 0, '300', '2024-08-20 12:05:39', '0000-00-00 00:00:00', 0),
(1025, 115, 'CA-94', 2, 0, '500', '2024-08-20 12:05:39', '0000-00-00 00:00:00', 0),
(1026, 115, 'CB-35', 2, 1, '900', '2024-08-20 12:05:39', '0000-00-00 00:00:00', 0),
(1027, 115, 'BC-68', 0, 0, '400', '2024-08-20 12:05:39', '0000-00-00 00:00:00', 0),
(1028, 115, 'BE-43', 0, 0, '300', '2024-08-20 12:05:39', '0000-00-00 00:00:00', 0),
(1029, 115, 'AE-56', 2, 0, '500', '2024-08-20 12:05:39', '0000-00-00 00:00:00', 0),
(1030, 115, 'DA-57', 2, 1, '900', '2024-08-20 12:05:39', '0000-00-00 00:00:00', 0),
(1031, 115, 'CD-59', 2, 0, '500', '2024-08-20 12:05:39', '0000-00-00 00:00:00', 0),
(1032, 115, 'DC-91', 1, 0, '300', '2024-08-20 12:05:39', '0000-00-00 00:00:00', 0),
(1033, 115, 'ED-44', 1, 0, '400', '2024-08-20 12:05:39', '0000-00-00 00:00:00', 0),
(1034, 115, 'AD-36', 1, 0, '300', '2024-08-20 12:05:39', '0000-00-00 00:00:00', 0),
(1035, 116, 'CE-57', 0, 0, '500', '2024-08-20 12:05:39', '0000-00-00 00:00:00', 0),
(1036, 116, 'EC-89', 1, 0, '500', '2024-08-20 12:05:39', '0000-00-00 00:00:00', 0),
(1037, 116, 'CB-61', 2, 0, '300', '2024-08-20 12:05:39', '0000-00-00 00:00:00', 0),
(1038, 116, 'CD-60', 1, 1, '900', '2024-08-20 12:05:39', '0000-00-00 00:00:00', 0),
(1039, 116, 'AB-11', 1, 0, '400', '2024-08-20 12:05:39', '0000-00-00 00:00:00', 0),
(1040, 116, 'BC-85', 0, 0, '400', '2024-08-20 12:05:39', '0000-00-00 00:00:00', 0),
(1041, 116, 'DA-46', 0, 0, '500', '2024-08-20 12:05:39', '0000-00-00 00:00:00', 0),
(1042, 116, 'EB-41', 0, 1, '900', '2024-08-20 12:05:39', '0000-00-00 00:00:00', 0),
(1043, 117, 'CE-37', 2, 1, '800', '2024-08-20 12:05:39', '0000-00-00 00:00:00', 0),
(1044, 117, 'ED-38', 2, 1, '900', '2024-08-20 12:05:39', '0000-00-00 00:00:00', 0),
(1045, 117, 'BA-97', 0, 0, '300', '2024-08-20 12:05:39', '0000-00-00 00:00:00', 0),
(1046, 117, 'EA-73', 2, 0, '400', '2024-08-20 12:05:39', '0000-00-00 00:00:00', 0),
(1047, 117, 'BE-25', 0, 0, '400', '2024-08-20 12:05:39', '0000-00-00 00:00:00', 0),
(1048, 117, 'AC-50', 0, 0, '300', '2024-08-20 12:05:39', '0000-00-00 00:00:00', 0),
(1049, 117, 'BD-74', 1, 0, '400', '2024-08-20 12:05:39', '0000-00-00 00:00:00', 0),
(1050, 117, 'CD-16', 0, 0, '400', '2024-08-20 12:05:39', '0000-00-00 00:00:00', 0),
(1051, 118, 'AD-53', 2, 0, '300', '2024-08-20 12:05:39', '0000-00-00 00:00:00', 0),
(1052, 118, 'DE-67', 0, 0, '500', '2024-08-20 12:05:39', '0000-00-00 00:00:00', 0),
(1053, 118, 'DC-62', 0, 1, '800', '2024-08-20 12:05:39', '0000-00-00 00:00:00', 0),
(1054, 118, 'AE-45', 0, 1, '1000', '2024-08-20 12:05:39', '0000-00-00 00:00:00', 0),
(1055, 118, 'AC-29', 1, 0, '500', '2024-08-20 12:05:39', '0000-00-00 00:00:00', 0),
(1056, 118, 'CE-93', 2, 0, '500', '2024-08-20 12:05:39', '0000-00-00 00:00:00', 0),
(1057, 118, 'AB-71', 2, 0, '300', '2024-08-20 12:05:39', '0000-00-00 00:00:00', 0),
(1058, 118, 'BA-49', 0, 0, '400', '2024-08-20 12:05:39', '0000-00-00 00:00:00', 0),
(1059, 119, 'AD-13', 2, 0, '400', '2024-08-20 12:05:39', '0000-00-00 00:00:00', 0),
(1060, 119, 'EA-37', 1, 0, '500', '2024-08-20 12:05:39', '0000-00-00 00:00:00', 0),
(1061, 119, 'DB-14', 0, 0, '300', '2024-08-20 12:05:39', '0000-00-00 00:00:00', 0),
(1062, 119, 'DC-54', 2, 0, '300', '2024-08-20 12:05:39', '0000-00-00 00:00:00', 0),
(1063, 119, 'BA-86', 2, 1, '800', '2024-08-20 12:05:39', '0000-00-00 00:00:00', 0),
(1064, 119, 'BC-26', 2, 1, '900', '2024-08-20 12:05:39', '0000-00-00 00:00:00', 0),
(1065, 119, 'EC-94', 2, 0, '300', '2024-08-20 12:05:39', '0000-00-00 00:00:00', 0),
(1066, 119, 'BE-31', 0, 0, '500', '2024-08-20 12:05:39', '0000-00-00 00:00:00', 0),
(1067, 119, 'EB-76', 2, 0, '500', '2024-08-20 12:05:39', '0000-00-00 00:00:00', 0),
(1068, 120, 'CE-70', 2, 0, '500', '2024-08-20 12:05:39', '0000-00-00 00:00:00', 0),
(1069, 120, 'CB-26', 0, 0, '400', '2024-08-20 12:05:39', '0000-00-00 00:00:00', 0),
(1070, 120, 'AC-14', 1, 1, '900', '2024-08-20 12:05:39', '0000-00-00 00:00:00', 0),
(1071, 120, 'AD-15', 2, 0, '300', '2024-08-20 12:05:39', '0000-00-00 00:00:00', 0),
(1072, 120, 'ED-25', 2, 1, '800', '2024-08-20 12:05:39', '0000-00-00 00:00:00', 0),
(1073, 120, 'BD-22', 0, 0, '400', '2024-08-20 12:05:39', '0000-00-00 00:00:00', 0),
(1074, 120, 'AB-60', 0, 0, '400', '2024-08-20 12:05:39', '0000-00-00 00:00:00', 0),
(1075, 120, 'EB-81', 2, 0, '500', '2024-08-20 12:05:39', '0000-00-00 00:00:00', 0),
(1076, 121, 'AD-95', 2, 0, '400', '2024-08-20 12:05:39', '0000-00-00 00:00:00', 0),
(1077, 121, 'EC-61', 1, 1, '800', '2024-08-20 12:05:39', '0000-00-00 00:00:00', 0),
(1078, 121, 'DC-26', 0, 1, '800', '2024-08-20 12:05:39', '0000-00-00 00:00:00', 0),
(1079, 121, 'BE-28', 0, 0, '500', '2024-08-20 12:05:39', '0000-00-00 00:00:00', 0),
(1080, 121, 'EA-91', 0, 0, '500', '2024-08-20 12:05:39', '0000-00-00 00:00:00', 0),
(1081, 121, 'CE-29', 1, 0, '500', '2024-08-20 12:05:39', '0000-00-00 00:00:00', 0),
(1082, 121, 'EB-97', 2, 0, '300', '2024-08-20 12:05:39', '0000-00-00 00:00:00', 0),
(1083, 121, 'BC-17', 1, 0, '300', '2024-08-20 12:05:39', '0000-00-00 00:00:00', 0),
(1084, 121, 'BD-41', 0, 0, '500', '2024-08-20 12:05:39', '0000-00-00 00:00:00', 0),
(1085, 121, 'AE-44', 1, 0, '500', '2024-08-20 12:05:39', '0000-00-00 00:00:00', 0),
(1086, 122, 'AB-10', 1, 1, '1000', '2024-08-20 12:05:39', '0000-00-00 00:00:00', 0),
(1087, 122, 'BC-25', 2, 1, '1000', '2024-08-20 12:05:39', '0000-00-00 00:00:00', 0),
(1088, 122, 'CB-11', 2, 0, '300', '2024-08-20 12:05:39', '0000-00-00 00:00:00', 0),
(1089, 122, 'BD-32', 1, 0, '500', '2024-08-20 12:05:39', '0000-00-00 00:00:00', 0),
(1090, 122, 'AC-94', 1, 0, '300', '2024-08-20 12:05:39', '0000-00-00 00:00:00', 0),
(1091, 122, 'ED-56', 1, 0, '300', '2024-08-20 12:05:39', '0000-00-00 00:00:00', 0),
(1092, 122, 'CE-70', 0, 0, '400', '2024-08-20 12:05:39', '0000-00-00 00:00:00', 0),
(1093, 122, 'EA-90', 2, 0, '300', '2024-08-20 12:05:39', '0000-00-00 00:00:00', 0),
(1094, 122, 'CA-64', 2, 0, '400', '2024-08-20 12:05:39', '0000-00-00 00:00:00', 0),
(1095, 123, 'EC-52', 1, 0, '400', '2024-08-20 12:05:39', '0000-00-00 00:00:00', 0),
(1096, 123, 'EA-83', 2, 0, '400', '2024-08-20 12:05:39', '0000-00-00 00:00:00', 0),
(1097, 123, 'DE-55', 0, 0, '300', '2024-08-20 12:05:39', '0000-00-00 00:00:00', 0),
(1098, 123, 'AB-12', 1, 1, '800', '2024-08-20 12:05:39', '0000-00-00 00:00:00', 0),
(1099, 123, 'BA-19', 2, 1, '1000', '2024-08-20 12:05:39', '0000-00-00 00:00:00', 0),
(1100, 123, 'DA-27', 2, 0, '500', '2024-08-20 12:05:39', '0000-00-00 00:00:00', 0),
(1101, 123, 'CA-35', 2, 0, '300', '2024-08-20 12:05:39', '0000-00-00 00:00:00', 0),
(1102, 123, 'ED-37', 0, 0, '300', '2024-08-20 12:05:39', '0000-00-00 00:00:00', 0),
(1103, 124, 'DB-20', 2, 1, '800', '2024-08-20 12:05:39', '0000-00-00 00:00:00', 0),
(1104, 124, 'DE-96', 0, 0, '400', '2024-08-20 12:05:39', '0000-00-00 00:00:00', 0),
(1105, 124, 'ED-93', 2, 1, '900', '2024-08-20 12:05:39', '0000-00-00 00:00:00', 0),
(1106, 124, 'CB-91', 0, 0, '500', '2024-08-20 12:05:39', '0000-00-00 00:00:00', 0),
(1107, 124, 'EC-35', 0, 0, '500', '2024-08-20 12:05:39', '0000-00-00 00:00:00', 0),
(1108, 124, 'AD-52', 1, 0, '300', '2024-08-20 12:05:39', '0000-00-00 00:00:00', 0),
(1109, 124, 'AC-33', 0, 0, '300', '2024-08-20 12:05:39', '0000-00-00 00:00:00', 0),
(1110, 124, 'BA-30', 0, 0, '500', '2024-08-20 12:05:39', '0000-00-00 00:00:00', 0),
(1111, 124, 'CE-82', 2, 0, '400', '2024-08-20 12:05:39', '0000-00-00 00:00:00', 0),
(1112, 125, 'AE-10', 0, 1, '900', '2024-08-20 12:05:39', '0000-00-00 00:00:00', 0),
(1113, 125, 'DC-49', 2, 1, '1000', '2024-08-20 12:05:39', '0000-00-00 00:00:00', 0),
(1114, 125, 'DE-61', 1, 0, '500', '2024-08-20 12:05:39', '0000-00-00 00:00:00', 0),
(1115, 125, 'CA-63', 0, 0, '400', '2024-08-20 12:05:39', '0000-00-00 00:00:00', 0),
(1116, 125, 'CD-98', 0, 0, '400', '2024-08-20 12:05:39', '0000-00-00 00:00:00', 0),
(1117, 125, 'AD-41', 1, 0, '400', '2024-08-20 12:05:39', '0000-00-00 00:00:00', 0),
(1118, 125, 'BD-35', 0, 0, '500', '2024-08-20 12:05:39', '0000-00-00 00:00:00', 0),
(1119, 125, 'ED-88', 0, 0, '400', '2024-08-20 12:05:39', '0000-00-00 00:00:00', 0),
(1120, 125, 'DA-24', 2, 0, '500', '2024-08-20 12:05:39', '0000-00-00 00:00:00', 0),
(1121, 126, 'BD-38', 1, 1, '800', '2024-08-20 12:05:39', '0000-00-00 00:00:00', 0),
(1122, 126, 'CD-11', 0, 0, '400', '2024-08-20 12:05:39', '0000-00-00 00:00:00', 0),
(1123, 126, 'AB-77', 0, 1, '900', '2024-08-20 12:05:39', '0000-00-00 00:00:00', 0),
(1124, 126, 'DB-64', 1, 0, '300', '2024-08-20 12:05:39', '0000-00-00 00:00:00', 0),
(1125, 126, 'AC-88', 1, 0, '500', '2024-08-20 12:05:39', '0000-00-00 00:00:00', 0),
(1126, 126, 'EC-60', 1, 0, '400', '2024-08-20 12:05:39', '0000-00-00 00:00:00', 0),
(1127, 126, 'DE-41', 1, 0, '400', '2024-08-20 12:05:39', '0000-00-00 00:00:00', 0),
(1128, 126, 'CE-49', 2, 0, '400', '2024-08-20 12:05:39', '0000-00-00 00:00:00', 0),
(1129, 126, 'EA-82', 2, 0, '500', '2024-08-20 12:05:39', '0000-00-00 00:00:00', 0),
(1130, 126, 'BE-43', 1, 0, '500', '2024-08-20 12:05:39', '0000-00-00 00:00:00', 0),
(1131, 127, 'BC-62', 1, 1, '800', '2024-08-20 12:05:39', '0000-00-00 00:00:00', 0),
(1132, 127, 'BE-16', 2, 0, '400', '2024-08-20 12:05:39', '0000-00-00 00:00:00', 0),
(1133, 127, 'BD-37', 2, 1, '1000', '2024-08-20 12:05:39', '0000-00-00 00:00:00', 0),
(1134, 127, 'EC-22', 0, 0, '300', '2024-08-20 12:05:39', '0000-00-00 00:00:00', 0),
(1135, 127, 'AE-83', 1, 0, '300', '2024-08-20 12:05:39', '0000-00-00 00:00:00', 0),
(1136, 127, 'AB-24', 1, 0, '300', '2024-08-20 12:05:39', '0000-00-00 00:00:00', 0),
(1137, 127, 'DC-48', 2, 0, '400', '2024-08-20 12:05:39', '0000-00-00 00:00:00', 0),
(1138, 127, 'CD-84', 0, 0, '300', '2024-08-20 12:05:39', '0000-00-00 00:00:00', 0),
(1139, 127, 'CE-82', 1, 0, '400', '2024-08-20 12:05:39', '0000-00-00 00:00:00', 0),
(1140, 128, 'BE-82', 0, 0, '300', '2024-08-20 12:05:39', '0000-00-00 00:00:00', 0),
(1141, 128, 'CA-27', 0, 0, '300', '2024-08-20 12:05:39', '0000-00-00 00:00:00', 0),
(1142, 128, 'CD-55', 2, 1, '1000', '2024-08-20 12:05:39', '0000-00-00 00:00:00', 0),
(1143, 128, 'BC-84', 1, 1, '1000', '2024-08-20 12:05:39', '0000-00-00 00:00:00', 0),
(1144, 128, 'DA-81', 1, 0, '300', '2024-08-20 12:05:39', '0000-00-00 00:00:00', 0),
(1145, 128, 'EB-18', 1, 0, '500', '2024-08-20 12:05:39', '0000-00-00 00:00:00', 0),
(1146, 128, 'CE-34', 1, 0, '500', '2024-08-20 12:05:39', '0000-00-00 00:00:00', 0),
(1147, 128, 'DB-20', 0, 0, '300', '2024-08-20 12:05:39', '0000-00-00 00:00:00', 0),
(1148, 128, 'EC-16', 0, 0, '400', '2024-08-20 12:05:39', '0000-00-00 00:00:00', 0),
(1149, 129, 'DB-95', 2, 0, '300', '2024-08-20 12:05:39', '0000-00-00 00:00:00', 0),
(1150, 129, 'BE-49', 1, 0, '400', '2024-08-20 12:05:39', '0000-00-00 00:00:00', 0),
(1151, 129, 'CD-36', 2, 0, '300', '2024-08-20 12:05:39', '0000-00-00 00:00:00', 0),
(1152, 129, 'CB-94', 1, 0, '500', '2024-08-20 12:05:39', '0000-00-00 00:00:00', 0),
(1153, 129, 'ED-79', 0, 1, '800', '2024-08-20 12:05:39', '0000-00-00 00:00:00', 0),
(1154, 129, 'BC-58', 2, 1, '800', '2024-08-20 12:05:39', '0000-00-00 00:00:00', 0),
(1155, 129, 'BA-92', 2, 0, '400', '2024-08-20 12:05:39', '0000-00-00 00:00:00', 0),
(1156, 129, 'DC-18', 1, 0, '400', '2024-08-20 12:05:39', '0000-00-00 00:00:00', 0),
(1157, 130, 'CB-50', 0, 0, '300', '2024-08-20 12:05:39', '0000-00-00 00:00:00', 0),
(1158, 130, 'EC-16', 0, 0, '300', '2024-08-20 12:05:39', '0000-00-00 00:00:00', 0),
(1159, 130, 'DE-53', 0, 1, '900', '2024-08-20 12:05:39', '0000-00-00 00:00:00', 0),
(1160, 130, 'BE-35', 0, 1, '1000', '2024-08-20 12:05:39', '0000-00-00 00:00:00', 0),
(1161, 130, 'AB-12', 0, 0, '400', '2024-08-20 12:05:39', '0000-00-00 00:00:00', 0),
(1162, 130, 'DA-37', 0, 0, '300', '2024-08-20 12:05:39', '0000-00-00 00:00:00', 0),
(1163, 130, 'BA-38', 0, 0, '400', '2024-08-20 12:05:39', '0000-00-00 00:00:00', 0),
(1164, 130, 'AD-68', 1, 0, '300', '2024-08-20 12:05:39', '0000-00-00 00:00:00', 0),
(1165, 131, 'BD-88', 2, 1, '900', '2024-08-20 12:05:39', '0000-00-00 00:00:00', 0),
(1166, 131, 'BA-32', 1, 1, '1000', '2024-08-20 12:05:39', '0000-00-00 00:00:00', 0),
(1167, 131, 'CB-17', 0, 0, '300', '2024-08-20 12:05:39', '0000-00-00 00:00:00', 0),
(1168, 131, 'BC-72', 0, 0, '300', '2024-08-20 12:05:39', '0000-00-00 00:00:00', 0),
(1169, 131, 'AB-44', 2, 0, '300', '2024-08-20 12:05:39', '0000-00-00 00:00:00', 0),
(1170, 131, 'EC-68', 0, 0, '500', '2024-08-20 12:05:39', '0000-00-00 00:00:00', 0),
(1171, 131, 'AE-30', 0, 0, '500', '2024-08-20 12:05:39', '0000-00-00 00:00:00', 0),
(1172, 131, 'AC-66', 2, 0, '400', '2024-08-20 12:05:39', '0000-00-00 00:00:00', 0),
(1173, 131, 'CD-23', 1, 0, '500', '2024-08-20 12:05:39', '0000-00-00 00:00:00', 0),
(1174, 132, 'CE-62', 0, 1, '1000', '2024-08-20 12:05:39', '0000-00-00 00:00:00', 0),
(1175, 132, 'CA-59', 1, 0, '500', '2024-08-20 12:05:39', '0000-00-00 00:00:00', 0),
(1176, 132, 'ED-29', 2, 0, '400', '2024-08-20 12:05:39', '0000-00-00 00:00:00', 0),
(1177, 132, 'BE-50', 2, 0, '300', '2024-08-20 12:05:39', '0000-00-00 00:00:00', 0),
(1178, 132, 'DE-78', 1, 1, '1000', '2024-08-20 12:05:39', '0000-00-00 00:00:00', 0),
(1179, 132, 'CB-41', 1, 0, '300', '2024-08-20 12:05:39', '0000-00-00 00:00:00', 0),
(1180, 132, 'BD-83', 0, 0, '300', '2024-08-20 12:05:39', '0000-00-00 00:00:00', 0),
(1181, 132, 'AB-20', 0, 0, '300', '2024-08-20 12:05:39', '0000-00-00 00:00:00', 0),
(1182, 132, 'AD-75', 0, 0, '300', '2024-08-20 12:05:39', '0000-00-00 00:00:00', 0),
(1183, 132, 'CD-88', 0, 0, '500', '2024-08-20 12:05:39', '0000-00-00 00:00:00', 0),
(1184, 133, 'AD-47', 2, 1, '800', '2024-08-20 12:05:39', '0000-00-00 00:00:00', 0),
(1185, 133, 'EB-55', 0, 0, '500', '2024-08-20 12:05:39', '0000-00-00 00:00:00', 0),
(1186, 133, 'CB-86', 1, 1, '1000', '2024-08-20 12:05:39', '0000-00-00 00:00:00', 0),
(1187, 133, 'AB-32', 0, 0, '400', '2024-08-20 12:05:39', '0000-00-00 00:00:00', 0),
(1188, 133, 'DC-41', 0, 0, '500', '2024-08-20 12:05:39', '0000-00-00 00:00:00', 0),
(1189, 133, 'DB-30', 0, 0, '400', '2024-08-20 12:05:39', '0000-00-00 00:00:00', 0),
(1190, 133, 'BA-58', 0, 0, '400', '2024-08-20 12:05:39', '0000-00-00 00:00:00', 0),
(1191, 133, 'CE-85', 2, 0, '400', '2024-08-20 12:05:39', '0000-00-00 00:00:00', 0),
(1192, 134, 'AB-35', 1, 0, '400', '2024-08-20 12:05:39', '0000-00-00 00:00:00', 0),
(1193, 134, 'DA-49', 2, 1, '1000', '2024-08-20 12:05:39', '0000-00-00 00:00:00', 0),
(1194, 134, 'EC-11', 1, 1, '900', '2024-08-20 12:05:39', '0000-00-00 00:00:00', 0),
(1195, 134, 'AC-88', 2, 0, '400', '2024-08-20 12:05:39', '0000-00-00 00:00:00', 0),
(1196, 134, 'BD-73', 1, 0, '500', '2024-08-20 12:05:39', '0000-00-00 00:00:00', 0),
(1197, 134, 'DB-30', 2, 0, '500', '2024-08-20 12:05:39', '0000-00-00 00:00:00', 0),
(1198, 134, 'CD-39', 1, 0, '300', '2024-08-20 12:05:39', '0000-00-00 00:00:00', 0),
(1199, 134, 'DE-70', 1, 0, '300', '2024-08-20 12:05:39', '0000-00-00 00:00:00', 0),
(1200, 135, 'EB-12', 1, 1, '800', '2024-08-20 12:05:39', '0000-00-00 00:00:00', 0),
(1201, 135, 'CA-28', 2, 1, '800', '2024-08-20 12:05:39', '0000-00-00 00:00:00', 0),
(1202, 135, 'AC-83', 2, 0, '300', '2024-08-20 12:05:39', '0000-00-00 00:00:00', 0),
(1203, 135, 'BC-24', 0, 0, '400', '2024-08-20 12:05:39', '0000-00-00 00:00:00', 0),
(1204, 135, 'DB-15', 0, 0, '500', '2024-08-20 12:05:39', '0000-00-00 00:00:00', 0),
(1205, 135, 'CE-95', 2, 0, '500', '2024-08-20 12:05:39', '0000-00-00 00:00:00', 0),
(1206, 135, 'EC-33', 0, 0, '400', '2024-08-20 12:05:39', '0000-00-00 00:00:00', 0),
(1207, 135, 'DA-52', 2, 0, '400', '2024-08-20 12:05:39', '0000-00-00 00:00:00', 0),
(1208, 136, 'EC-22', 0, 0, '300', '2024-08-20 12:05:39', '0000-00-00 00:00:00', 0),
(1209, 136, 'BA-15', 1, 0, '500', '2024-08-20 12:05:39', '0000-00-00 00:00:00', 0),
(1210, 136, 'AB-29', 0, 0, '300', '2024-08-20 12:05:39', '0000-00-00 00:00:00', 0),
(1211, 136, 'CE-75', 2, 0, '300', '2024-08-20 12:05:39', '0000-00-00 00:00:00', 0),
(1212, 136, 'EB-65', 2, 1, '900', '2024-08-20 12:05:39', '0000-00-00 00:00:00', 0),
(1213, 136, 'DC-11', 0, 1, '1000', '2024-08-20 12:05:39', '0000-00-00 00:00:00', 0),
(1214, 136, 'AC-43', 2, 0, '500', '2024-08-20 12:05:39', '0000-00-00 00:00:00', 0),
(1215, 136, 'AD-49', 1, 0, '300', '2024-08-20 12:05:39', '0000-00-00 00:00:00', 0),
(1216, 136, 'AE-59', 0, 0, '500', '2024-08-20 12:05:39', '0000-00-00 00:00:00', 0),
(1217, 136, 'ED-66', 2, 0, '500', '2024-08-20 12:05:39', '0000-00-00 00:00:00', 0),
(1218, 137, 'CE-59', 2, 0, '400', '2024-08-20 12:05:39', '0000-00-00 00:00:00', 0),
(1219, 137, 'DC-25', 2, 1, '900', '2024-08-20 12:05:39', '0000-00-00 00:00:00', 0),
(1220, 137, 'BC-94', 0, 0, '300', '2024-08-20 12:05:39', '0000-00-00 00:00:00', 0),
(1221, 137, 'DB-32', 0, 0, '300', '2024-08-20 12:05:39', '0000-00-00 00:00:00', 0),
(1222, 137, 'AC-98', 0, 0, '300', '2024-08-20 12:05:39', '0000-00-00 00:00:00', 0),
(1223, 137, 'EB-24', 1, 1, '1000', '2024-08-20 12:05:39', '0000-00-00 00:00:00', 0),
(1224, 137, 'DA-21', 1, 0, '500', '2024-08-20 12:05:39', '0000-00-00 00:00:00', 0),
(1225, 137, 'EA-93', 0, 0, '500', '2024-08-20 12:05:39', '0000-00-00 00:00:00', 0),
(1226, 137, 'BA-80', 0, 0, '300', '2024-08-20 12:05:39', '0000-00-00 00:00:00', 0),
(1227, 138, 'DE-12', 2, 1, '1000', '2024-08-20 12:05:39', '0000-00-00 00:00:00', 0),
(1228, 138, 'AE-10', 1, 0, '300', '2024-08-20 12:05:39', '0000-00-00 00:00:00', 0),
(1229, 138, 'EC-34', 2, 0, '400', '2024-08-20 12:05:39', '0000-00-00 00:00:00', 0),
(1230, 138, 'CA-51', 0, 0, '400', '2024-08-20 12:05:39', '0000-00-00 00:00:00', 0),
(1231, 138, 'EB-80', 2, 0, '300', '2024-08-20 12:05:39', '0000-00-00 00:00:00', 0),
(1232, 138, 'DB-94', 2, 1, '1000', '2024-08-20 12:05:39', '0000-00-00 00:00:00', 0),
(1233, 138, 'ED-30', 1, 0, '400', '2024-08-20 12:05:39', '0000-00-00 00:00:00', 0),
(1234, 138, 'BE-32', 2, 0, '300', '2024-08-20 12:05:39', '0000-00-00 00:00:00', 0),
(1235, 139, 'BE-71', 1, 1, '1000', '2024-08-20 12:05:39', '0000-00-00 00:00:00', 0),
(1236, 139, 'EC-91', 0, 0, '500', '2024-08-20 12:05:39', '0000-00-00 00:00:00', 0),
(1237, 139, 'BD-68', 0, 1, '800', '2024-08-20 12:05:39', '0000-00-00 00:00:00', 0),
(1238, 139, 'DC-23', 0, 0, '300', '2024-08-20 12:05:39', '0000-00-00 00:00:00', 0),
(1239, 139, 'EB-35', 0, 0, '500', '2024-08-20 12:05:39', '0000-00-00 00:00:00', 0),
(1240, 139, 'AB-54', 0, 0, '400', '2024-08-20 12:05:39', '0000-00-00 00:00:00', 0);
INSERT INTO `mahjong_table` (`id`, `company_id`, `name`, `status`, `playroom_type`, `price`, `create_at`, `update_at`, `is_deleted`) VALUES
(1241, 139, 'EA-77', 1, 0, '400', '2024-08-20 12:05:39', '0000-00-00 00:00:00', 0),
(1242, 139, 'AD-73', 1, 0, '300', '2024-08-20 12:05:39', '0000-00-00 00:00:00', 0),
(1243, 139, 'CB-10', 2, 0, '500', '2024-08-20 12:05:39', '0000-00-00 00:00:00', 0),
(1244, 139, 'DE-62', 0, 0, '400', '2024-08-20 12:05:39', '0000-00-00 00:00:00', 0),
(1245, 140, 'CD-84', 2, 0, '500', '2024-08-20 12:05:39', '0000-00-00 00:00:00', 0),
(1246, 140, 'EC-54', 2, 0, '400', '2024-08-20 12:05:39', '0000-00-00 00:00:00', 0),
(1247, 140, 'AB-99', 1, 0, '400', '2024-08-20 12:05:39', '0000-00-00 00:00:00', 0),
(1248, 140, 'DE-31', 2, 1, '900', '2024-08-20 12:05:39', '0000-00-00 00:00:00', 0),
(1249, 140, 'BC-67', 0, 0, '400', '2024-08-20 12:05:39', '0000-00-00 00:00:00', 0),
(1250, 140, 'CE-38', 2, 0, '400', '2024-08-20 12:05:39', '0000-00-00 00:00:00', 0),
(1251, 140, 'AD-48', 0, 1, '1000', '2024-08-20 12:05:39', '0000-00-00 00:00:00', 0),
(1252, 140, 'EA-66', 1, 0, '500', '2024-08-20 12:05:39', '0000-00-00 00:00:00', 0),
(1253, 140, 'DB-89', 1, 0, '400', '2024-08-20 12:05:39', '0000-00-00 00:00:00', 0),
(1254, 140, 'ED-72', 0, 0, '500', '2024-08-20 12:05:39', '0000-00-00 00:00:00', 0),
(1255, 141, 'CD-42', 2, 1, '900', '2024-08-20 12:05:39', '0000-00-00 00:00:00', 0),
(1256, 141, 'DC-19', 2, 1, '800', '2024-08-20 12:05:39', '0000-00-00 00:00:00', 0),
(1257, 141, 'EC-24', 1, 0, '400', '2024-08-20 12:05:39', '0000-00-00 00:00:00', 0),
(1258, 141, 'BC-68', 2, 0, '500', '2024-08-20 12:05:39', '0000-00-00 00:00:00', 0),
(1259, 141, 'CB-61', 2, 0, '500', '2024-08-20 12:05:39', '0000-00-00 00:00:00', 0),
(1260, 141, 'EA-58', 1, 0, '500', '2024-08-20 12:05:39', '0000-00-00 00:00:00', 0),
(1261, 141, 'CE-50', 0, 0, '500', '2024-08-20 12:05:39', '0000-00-00 00:00:00', 0),
(1262, 141, 'BD-11', 1, 0, '300', '2024-08-20 12:05:39', '0000-00-00 00:00:00', 0),
(1263, 142, 'BD-27', 1, 0, '300', '2024-08-20 12:05:39', '0000-00-00 00:00:00', 0),
(1264, 142, 'DC-80', 2, 1, '800', '2024-08-20 12:05:39', '0000-00-00 00:00:00', 0),
(1265, 142, 'EB-44', 2, 0, '400', '2024-08-20 12:05:39', '0000-00-00 00:00:00', 0),
(1266, 142, 'EA-38', 0, 1, '1000', '2024-08-20 12:05:39', '0000-00-00 00:00:00', 0),
(1267, 142, 'AC-71', 1, 0, '500', '2024-08-20 12:05:39', '0000-00-00 00:00:00', 0),
(1268, 142, 'ED-43', 2, 0, '300', '2024-08-20 12:05:39', '0000-00-00 00:00:00', 0),
(1269, 142, 'EC-63', 0, 0, '300', '2024-08-20 12:05:39', '0000-00-00 00:00:00', 0),
(1270, 142, 'CA-16', 0, 0, '300', '2024-08-20 12:05:39', '0000-00-00 00:00:00', 0),
(1271, 143, 'DE-23', 2, 1, '1000', '2024-08-20 12:05:39', '0000-00-00 00:00:00', 0),
(1272, 143, 'BA-55', 1, 1, '900', '2024-08-20 12:05:39', '0000-00-00 00:00:00', 0),
(1273, 143, 'AC-82', 0, 0, '400', '2024-08-20 12:05:39', '0000-00-00 00:00:00', 0),
(1274, 143, 'EC-65', 1, 0, '500', '2024-08-20 12:05:39', '0000-00-00 00:00:00', 0),
(1275, 143, 'AD-12', 2, 0, '300', '2024-08-20 12:05:39', '0000-00-00 00:00:00', 0),
(1276, 143, 'ED-30', 1, 0, '500', '2024-08-20 12:05:39', '0000-00-00 00:00:00', 0),
(1277, 143, 'AE-24', 2, 0, '300', '2024-08-20 12:05:39', '0000-00-00 00:00:00', 0),
(1278, 143, 'DC-98', 0, 0, '300', '2024-08-20 12:05:39', '0000-00-00 00:00:00', 0),
(1279, 144, 'CE-42', 0, 1, '1000', '2024-08-20 12:05:39', '0000-00-00 00:00:00', 0),
(1280, 144, 'DE-45', 2, 0, '400', '2024-08-20 12:05:39', '0000-00-00 00:00:00', 0),
(1281, 144, 'ED-57', 0, 1, '900', '2024-08-20 12:05:39', '0000-00-00 00:00:00', 0),
(1282, 144, 'AD-28', 0, 0, '300', '2024-08-20 12:05:39', '0000-00-00 00:00:00', 0),
(1283, 144, 'DB-50', 1, 0, '300', '2024-08-20 12:05:39', '0000-00-00 00:00:00', 0),
(1284, 144, 'BE-25', 2, 0, '300', '2024-08-20 12:05:39', '0000-00-00 00:00:00', 0),
(1285, 144, 'CB-37', 2, 0, '500', '2024-08-20 12:05:39', '0000-00-00 00:00:00', 0),
(1286, 144, 'CD-13', 1, 0, '400', '2024-08-20 12:05:39', '0000-00-00 00:00:00', 0),
(1287, 145, 'DC-79', 1, 1, '1000', '2024-08-20 12:05:39', '0000-00-00 00:00:00', 0),
(1288, 145, 'CB-86', 1, 1, '900', '2024-08-20 12:05:39', '0000-00-00 00:00:00', 0),
(1289, 145, 'BA-39', 2, 0, '300', '2024-08-20 12:05:39', '0000-00-00 00:00:00', 0),
(1290, 145, 'CA-72', 0, 0, '300', '2024-08-20 12:05:39', '0000-00-00 00:00:00', 0),
(1291, 145, 'CE-54', 0, 0, '300', '2024-08-20 12:05:39', '0000-00-00 00:00:00', 0),
(1292, 145, 'AB-60', 0, 0, '500', '2024-08-20 12:05:39', '0000-00-00 00:00:00', 0),
(1293, 145, 'AD-40', 2, 0, '300', '2024-08-20 12:05:39', '0000-00-00 00:00:00', 0),
(1294, 145, 'DE-30', 1, 0, '400', '2024-08-20 12:05:39', '0000-00-00 00:00:00', 0),
(1295, 145, 'EB-89', 1, 0, '500', '2024-08-20 12:05:39', '0000-00-00 00:00:00', 0),
(1296, 146, 'EC-31', 0, 1, '1000', '2024-08-20 12:05:39', '0000-00-00 00:00:00', 0),
(1297, 146, 'BC-27', 2, 1, '900', '2024-08-20 12:05:39', '0000-00-00 00:00:00', 0),
(1298, 146, 'AD-24', 2, 0, '400', '2024-08-20 12:05:39', '0000-00-00 00:00:00', 0),
(1299, 146, 'DC-88', 0, 0, '400', '2024-08-20 12:05:39', '0000-00-00 00:00:00', 0),
(1300, 146, 'AE-53', 0, 0, '500', '2024-08-20 12:05:39', '0000-00-00 00:00:00', 0),
(1301, 146, 'AC-49', 2, 0, '300', '2024-08-20 12:05:39', '0000-00-00 00:00:00', 0),
(1302, 146, 'CD-68', 1, 0, '400', '2024-08-20 12:05:39', '0000-00-00 00:00:00', 0),
(1303, 146, 'DB-56', 2, 0, '300', '2024-08-20 12:05:39', '0000-00-00 00:00:00', 0),
(1304, 146, 'CB-48', 1, 0, '500', '2024-08-20 12:05:39', '0000-00-00 00:00:00', 0),
(1305, 147, 'AD-25', 1, 1, '1000', '2024-08-20 12:05:39', '0000-00-00 00:00:00', 0),
(1306, 147, 'ED-35', 1, 1, '900', '2024-08-20 12:05:39', '0000-00-00 00:00:00', 0),
(1307, 147, 'EB-14', 1, 0, '300', '2024-08-20 12:05:39', '0000-00-00 00:00:00', 0),
(1308, 147, 'DA-38', 0, 0, '300', '2024-08-20 12:05:39', '0000-00-00 00:00:00', 0),
(1309, 147, 'AB-40', 2, 0, '500', '2024-08-20 12:05:39', '0000-00-00 00:00:00', 0),
(1310, 147, 'EA-55', 0, 0, '400', '2024-08-20 12:05:39', '0000-00-00 00:00:00', 0),
(1311, 147, 'BA-46', 2, 0, '400', '2024-08-20 12:05:39', '0000-00-00 00:00:00', 0),
(1312, 147, 'BC-97', 0, 0, '400', '2024-08-20 12:05:39', '0000-00-00 00:00:00', 0),
(1313, 147, 'DC-62', 1, 0, '500', '2024-08-20 12:05:39', '0000-00-00 00:00:00', 0),
(1314, 147, 'BD-75', 0, 0, '300', '2024-08-20 12:05:39', '0000-00-00 00:00:00', 0),
(1315, 148, 'CD-97', 1, 0, '300', '2024-08-20 12:05:39', '0000-00-00 00:00:00', 0),
(1316, 148, 'DA-71', 1, 1, '1000', '2024-08-20 12:05:39', '0000-00-00 00:00:00', 0),
(1317, 148, 'BD-85', 0, 1, '900', '2024-08-20 12:05:39', '0000-00-00 00:00:00', 0),
(1318, 148, 'BE-60', 0, 0, '500', '2024-08-20 12:05:39', '0000-00-00 00:00:00', 0),
(1319, 148, 'EC-58', 2, 0, '400', '2024-08-20 12:05:39', '0000-00-00 00:00:00', 0),
(1320, 148, 'CE-16', 2, 0, '500', '2024-08-20 12:05:39', '0000-00-00 00:00:00', 0),
(1321, 148, 'EA-98', 0, 0, '300', '2024-08-20 12:05:39', '0000-00-00 00:00:00', 0),
(1322, 148, 'AC-39', 2, 0, '300', '2024-08-20 12:05:39', '0000-00-00 00:00:00', 0),
(1323, 148, 'EB-53', 0, 0, '300', '2024-08-20 12:05:39', '0000-00-00 00:00:00', 0),
(1324, 148, 'AD-94', 2, 0, '400', '2024-08-20 12:05:39', '0000-00-00 00:00:00', 0),
(1325, 149, 'CD-45', 2, 0, '500', '2024-08-20 12:05:39', '0000-00-00 00:00:00', 0),
(1326, 149, 'ED-84', 1, 1, '900', '2024-08-20 12:05:39', '0000-00-00 00:00:00', 0),
(1327, 149, 'EC-72', 1, 0, '500', '2024-08-20 12:05:39', '0000-00-00 00:00:00', 0),
(1328, 149, 'EB-76', 2, 1, '800', '2024-08-20 12:05:39', '0000-00-00 00:00:00', 0),
(1329, 149, 'EA-32', 0, 0, '300', '2024-08-20 12:05:39', '0000-00-00 00:00:00', 0),
(1330, 149, 'DE-78', 2, 0, '500', '2024-08-20 12:05:39', '0000-00-00 00:00:00', 0),
(1331, 149, 'AB-48', 2, 0, '500', '2024-08-20 12:05:39', '0000-00-00 00:00:00', 0),
(1332, 149, 'BD-20', 1, 0, '300', '2024-08-20 12:05:39', '0000-00-00 00:00:00', 0),
(1333, 149, 'CE-43', 1, 0, '300', '2024-08-20 12:05:39', '0000-00-00 00:00:00', 0),
(1334, 150, 'DE-30', 2, 0, '400', '2024-08-20 12:05:39', '0000-00-00 00:00:00', 0),
(1335, 150, 'AB-37', 2, 0, '300', '2024-08-20 12:05:39', '0000-00-00 00:00:00', 0),
(1336, 150, 'EC-65', 2, 0, '300', '2024-08-20 12:05:39', '0000-00-00 00:00:00', 0),
(1337, 150, 'EB-88', 1, 0, '500', '2024-08-20 12:05:39', '0000-00-00 00:00:00', 0),
(1338, 150, 'CE-83', 0, 0, '300', '2024-08-20 12:05:39', '0000-00-00 00:00:00', 0),
(1339, 150, 'AD-69', 2, 0, '300', '2024-08-20 12:05:39', '0000-00-00 00:00:00', 0),
(1340, 150, 'CB-81', 1, 1, '900', '2024-08-20 12:05:39', '0000-00-00 00:00:00', 0),
(1341, 150, 'BC-21', 2, 0, '500', '2024-08-20 12:05:39', '0000-00-00 00:00:00', 0),
(1342, 150, 'EA-11', 2, 1, '900', '2024-08-20 12:05:39', '0000-00-00 00:00:00', 0),
(1343, 151, 'DA-25', 0, 0, '500', '2024-08-20 12:05:39', '0000-00-00 00:00:00', 0),
(1344, 151, 'EA-11', 0, 0, '500', '2024-08-20 12:05:39', '0000-00-00 00:00:00', 0),
(1345, 151, 'ED-49', 0, 0, '500', '2024-08-20 12:05:39', '0000-00-00 00:00:00', 0),
(1346, 151, 'CA-41', 2, 1, '900', '2024-08-20 12:05:39', '0000-00-00 00:00:00', 0),
(1347, 151, 'EC-78', 0, 0, '500', '2024-08-20 12:05:39', '0000-00-00 00:00:00', 0),
(1348, 151, 'AC-51', 0, 0, '300', '2024-08-20 12:05:39', '0000-00-00 00:00:00', 0),
(1349, 151, 'BD-36', 1, 1, '800', '2024-08-20 12:05:39', '0000-00-00 00:00:00', 0),
(1350, 151, 'CD-58', 1, 0, '300', '2024-08-20 12:05:39', '0000-00-00 00:00:00', 0);

-- --------------------------------------------------------

--
-- 資料表結構 `order_detail`
--

CREATE TABLE `order_detail` (
  `id` int(20) UNSIGNED NOT NULL,
  `name` varchar(500) NOT NULL,
  `order_id` int(20) NOT NULL,
  `object_id` int(20) NOT NULL,
  `object_type` varchar(20) NOT NULL,
  `quantity` int(10) NOT NULL,
  `price` int(20) NOT NULL,
  `comment_status` tinyint(1) NOT NULL
) ENGINE=InnoDB DEFAULT CHARSET=utf8mb4 COLLATE=utf8mb4_unicode_ci;

--
-- 傾印資料表的資料 `order_detail`
--

INSERT INTO `order_detail` (`id`, `name`, `order_id`, `object_id`, `object_type`, `quantity`, `price`, `comment_status`) VALUES
(1, '', 1, 1, 'product', 1, 0, 0),
(2, '', 1, 2, 'course', 1, 0, 0),
(3, '', 2, 3, 'product', 1, 0, 0),
(4, '', 2, 4, 'course', 1, 0, 0),
(5, '', 2, 5, 'product', 1, 0, 0),
(6, '', 3, 6, 'course', 1, 0, 0),
(7, '', 3, 7, 'product', 1, 0, 0),
(8, '', 4, 8, 'product', 1, 0, 0),
(9, '', 4, 9, 'course', 1, 0, 0),
(10, '', 4, 10, 'product', 1, 0, 0),
(11, '', 5, 11, 'course', 1, 0, 0),
(12, '', 5, 12, 'product', 1, 0, 0),
(13, '', 6, 13, 'product', 1, 0, 0),
(14, '', 6, 14, 'course', 1, 0, 0),
(15, '', 7, 15, 'course', 1, 0, 0),
(16, '', 7, 16, 'product', 1, 0, 0),
(17, '', 7, 17, 'product', 1, 0, 0),
(18, '', 8, 18, 'product', 1, 0, 1),
(19, '', 8, 19, 'course', 1, 0, 1),
(20, '', 8, 20, 'product', 1, 0, 1),
(21, '', 9, 21, 'course', 1, 0, 0),
(22, '', 9, 22, 'product', 1, 0, 0),
(23, '', 10, 23, 'product', 1, 0, 0),
(24, '', 10, 24, 'course', 1, 0, 0),
(25, '', 10, 25, 'product', 1, 0, 0),
(26, '', 11, 26, 'course', 1, 0, 0),
(27, '', 11, 27, 'product', 1, 0, 0),
(28, '', 12, 28, 'product', 1, 0, 0),
(29, '', 12, 29, 'course', 1, 0, 0),
(30, '', 12, 30, 'product', 1, 0, 0),
(31, '', 13, 31, 'course', 1, 0, 0),
(32, '', 13, 32, 'product', 1, 0, 0),
(33, '', 14, 33, 'product', 1, 0, 0),
(34, '', 14, 34, 'course', 1, 0, 0),
(35, '', 14, 35, 'product', 1, 0, 0),
(36, '', 15, 36, 'course', 1, 0, 0),
(37, '', 15, 37, 'product', 1, 0, 0),
(38, '', 15, 38, 'course', 1, 0, 0),
(39, '', 16, 39, 'product', 1, 0, 0),
(40, '', 16, 40, 'course', 1, 0, 0),
(41, '', 17, 41, 'course', 1, 0, 0),
(42, '', 17, 42, 'product', 1, 0, 0),
(43, '', 17, 43, 'product', 1, 0, 0),
(44, '', 18, 44, 'product', 1, 0, 0),
(45, '', 18, 45, 'course', 1, 0, 0),
(46, '', 19, 46, 'course', 1, 0, 0),
(47, '', 19, 47, 'product', 1, 0, 0),
(48, '', 19, 48, 'course', 1, 0, 0),
(49, '', 20, 49, 'product', 1, 0, 0),
(50, '', 20, 50, 'course', 1, 0, 0),
(51, '', 20, 51, 'product', 1, 0, 0),
(52, '手打麻將 636東方巨無霸-36mm（竹皮綠）', 21, 5, 'product', 1, 1390, 0),
(53, 'Duncan麻將套裝組-電動桌兩用款36mm', 22, 28, 'product', 2, 3080, 0),
(54, 'Duncan麻將套裝組-電動桌兩用款36mm', 23, 28, 'product', 2, 3080, 0),
(55, '麻將組 633精選系列 綠色竹皮 33m', 24, 1, 'product', 3, 990, 0),
(56, '恐龍拉力賽 Dino Derby', 25, 120, 'product', 3, 690, 0),
(127, '麻將 126東方竹花絲-33mm加重版 (綠)', 76, 6, 'product', 1, 1490, 0),
(128, '麻將 126東方竹花絲-33mm加重版 (綠)', 77, 6, 'product', 1, 1490, 0),
(129, '麻將 126東方竹花絲-33mm加重版 (綠)', 78, 6, 'product', 1, 1490, 0),
(130, 'Duncan麻將套裝組-電動桌兩用款36mm', 79, 28, 'product', 2, 3080, 0),
(131, '麻將組 633精選系列 綠色竹皮 33m', 79, 1, 'product', 2, 990, 0),
(132, '疫途 Pathogen', 79, 166, 'product', 2, 950, 0),
(133, '疫途 Pathogen', 80, 166, 'product', 2, 950, 0),
(134, 'Duncan麻將套裝組-電動桌兩用款36mm', 80, 28, 'product', 2, 3080, 0),
(135, '麻將組 633精選系列 綠色竹皮 33m', 80, 1, 'product', 2, 990, 0),
(136, '麻將組 633精選系列 綠色竹皮 33m', 81, 1, 'product', 2, 990, 1),
(137, '疫途 Pathogen', 81, 166, 'product', 2, 950, 1),
(138, 'Duncan麻將套裝組-電動桌兩用款36mm', 81, 28, 'product', 2, 3080, 1),
(139, '疫途 Pathogen', 82, 166, 'product', 2, 950, 0),
(140, 'Duncan麻將套裝組-電動桌兩用款36mm', 82, 28, 'product', 2, 3080, 0),
(141, '麻將組 633精選系列 綠色竹皮 33m', 82, 1, 'product', 2, 990, 0),
(142, '恐龍拉力賽 Dino Derby', 83, 120, 'product', 10, 690, 0),
(143, '極光牌尺系列 34mm 1銀3黑', 84, 38, 'product', 5, 220, 0),
(144, '恐龍拉力賽 Dino Derby', 84, 120, 'product', 5, 690, 0),
(145, '恐龍拉力賽 Dino Derby', 85, 120, 'product', 13, 690, 0),
(146, '麻將組 999精選系列 竹絲麻將-34MM', 86, 22, 'product', 20, 999, 0),
(147, '麻將組 999精選系列 竹絲麻將-34MM', 87, 22, 'product', 20, 999, 0),
(148, '麻將組 999精選系列 竹絲麻將-34MM', 88, 22, 'product', 20, 999, 0),
(149, '麻將組 999精選系列 竹絲麻將-34MM', 89, 22, 'product', 20, 999, 0),
(150, '麻將組 999精選系列 竹絲麻將-34MM', 90, 22, 'product', 20, 999, 0),
(151, '麻將組 999精選系列 竹絲麻將-34MM', 91, 22, 'product', 20, 999, 0),
(152, '麻將組 999精選系列 竹絲麻將-34MM', 92, 22, 'product', 20, 999, 0),
(153, '麻將組 999精選系列 竹絲麻將-34MM', 93, 22, 'product', 20, 999, 0),
(154, '麻將組 999精選系列 竹絲麻將-34MM', 94, 22, 'product', 20, 999, 0),
(155, '麻將組 999精選系列 竹絲麻將-34MM', 95, 22, 'product', 20, 999, 0),
(156, '麻將組 999精選系列 竹絲麻將-34MM', 96, 22, 'product', 20, 999, 0),
(157, '麻將組 999精選系列 竹絲麻將-34MM', 97, 22, 'product', 20, 999, 0),
(158, '麻將組 999精選系列 竹絲麻將-34MM', 98, 22, 'product', 20, 999, 0),
(159, '麻將組 999精選系列 竹絲麻將-34MM', 99, 22, 'product', 20, 999, 0),
(160, 'Duncan麻將套裝組-電動桌兩用款36mm', 100, 28, 'product', 3, 3080, 1),
(161, '麻將組 634精選系列 綠色竹皮 34m', 100, 2, 'product', 4, 1190, 1),
(162, '麻將組 634精選系列 綠色竹皮 34m', 101, 2, 'product', 7, 1190, 1),
(163, 'Duncan麻將套裝組-電動桌兩用款36mm', 102, 28, 'product', 2, 3080, 1),
(164, '麻將組 633精選系列 綠色竹皮 33m', 102, 1, 'product', 2, 990, 1),
(165, '疫途 Pathogen', 102, 166, 'product', 2, 950, 1),
(166, 'Duncan麻將套裝組-電動桌兩用款36mm', 103, 28, 'product', 1, 3080, 0),
(167, '課程', 104, 10, 'course', 1, 3183, 0),
(168, '課程', 104, 46, 'course', 1, 3609, 0),
(169, '課程', 104, 39, 'course', 1, 4938, 0),
(170, '課程', 105, 26, 'course', 1, 4341, 0),
(171, '課程', 105, 41, 'course', 1, 3036, 0),
(172, '課程', 105, 34, 'course', 1, 3629, 0),
(173, '課程', 106, 28, 'course', 1, 4622, 0),
(174, '課程', 106, 21, 'course', 1, 4169, 0),
(175, '課程', 107, 36, 'course', 1, 4622, 0),
(176, '課程', 107, 46, 'course', 1, 3294, 0),
(177, '課程', 108, 50, 'course', 1, 3994, 0),
(178, '課程', 108, 27, 'course', 1, 3244, 0),
(179, '課程', 108, 3, 'course', 1, 4689, 0),
(180, '課程', 109, 5, 'course', 1, 4896, 0),
(181, '課程', 109, 23, 'course', 1, 3831, 0),
(182, '課程', 109, 37, 'course', 1, 3735, 0),
(183, '課程', 110, 34, 'course', 1, 3481, 0),
(184, '課程', 110, 10, 'course', 1, 3536, 0),
(185, '課程', 111, 38, 'course', 1, 4862, 0),
(186, '課程', 111, 21, 'course', 1, 3562, 0),
(187, '課程', 111, 9, 'course', 1, 4915, 0),
(188, '課程', 112, 16, 'course', 1, 4329, 0),
(189, '課程', 112, 21, 'course', 1, 3028, 0),
(190, '課程', 113, 44, 'course', 1, 3575, 0),
(191, '課程', 113, 42, 'course', 1, 3668, 0),
(192, '課程', 114, 8, 'course', 1, 4522, 0),
(193, '課程', 114, 18, 'course', 1, 3906, 0),
(194, '課程', 114, 12, 'course', 1, 4525, 0),
(195, '課程', 115, 24, 'course', 1, 4486, 0),
(196, '課程', 115, 77, 'product', 1, 3594, 0),
(197, '課程', 115, 143, 'product', 1, 4906, 0),
(198, '課程', 116, 16, 'product', 1, 3881, 0),
(199, '課程', 116, 6, 'product', 1, 4583, 0),
(200, '課程', 116, 45, 'course', 1, 3159, 0),
(201, '課程', 117, 37, 'course', 1, 3777, 0),
(202, '課程', 117, 39, 'course', 1, 4337, 0),
(203, '課程', 118, 3, 'course', 1, 3411, 0),
(204, '課程', 118, 46, 'course', 1, 4786, 0),
(205, '課程', 119, 191, 'product', 1, 3243, 0),
(206, '課程', 119, 17, 'course', 1, 3551, 0),
(207, '課程', 119, 20, 'course', 1, 3292, 0),
(208, '課程', 120, 21, 'product', 1, 3693, 0),
(209, '課程', 120, 121, 'product', 1, 3751, 0),
(210, '課程', 120, 108, 'product', 1, 3038, 0),
(211, '課程', 121, 41, 'course', 1, 4961, 0),
(212, '課程', 121, 25, 'course', 1, 3918, 0),
(213, '課程', 121, 43, 'course', 1, 4798, 0),
(214, '課程', 122, 47, 'course', 1, 4910, 0),
(215, '課程', 122, 50, 'course', 1, 3109, 0),
(216, '課程', 123, 17, 'course', 1, 3877, 0),
(217, '課程', 123, 12, 'course', 1, 4693, 0),
(218, '課程', 123, 27, 'course', 1, 3284, 0),
(219, '課程', 124, 6, 'course', 1, 3161, 0),
(220, '課程', 124, 5, 'course', 1, 3505, 0),
(221, '課程', 124, 49, 'course', 1, 3152, 0),
(222, '課程', 125, 24, 'course', 1, 3342, 0),
(223, '課程', 125, 21, 'course', 1, 4141, 0),
(224, '課程', 126, 31, 'course', 1, 3605, 0),
(225, '課程', 126, 36, 'course', 1, 4226, 0),
(226, '課程', 126, 48, 'course', 1, 4849, 0),
(227, '課程', 127, 39, 'course', 1, 3105, 0),
(228, '課程', 127, 49, 'course', 1, 4358, 0),
(229, 'Duncan麻將套裝組-電動桌兩用款36mm', 128, 28, 'product', 4, 3080, 0),
(230, '恐龍拉力賽 Dino Derby', 129, 120, 'product', 3, 690, 1),
(231, '圖騰師', 130, 173, 'product', 6, 1000, 0),
(232, '圖騰師', 131, 173, 'product', 6, 1000, 0),
(233, 'Duncan麻將套裝組-電動桌兩用款36mm', 132, 28, 'product', 2, 3080, 0),
(234, '疫途 Pathogen', 133, 166, 'product', 5, 950, 0),
(235, '麻將魔法學堂：從入門到高手，魔法一步步展開', 133, 2, 'course', 1, 4000, 0),
(236, '西洋棋進階班：從初學者到大師，掌握西洋棋的技巧', 134, 50, 'course', 1, 3000, 1),
(237, '北城百畫帖 Scrolls of A Northern City', 134, 134, 'product', 3, 880, 1),
(238, '圍棋教室：兒童啟蒙課，打破0基礎，為兒童設計的圍棋課', 135, 11, 'course', 1, 5555, 0),
(239, '麻將  267方玉竹絲 34mm（牙）', 135, 7, 'product', 5, 1690, 0),
(240, '麻將組 633精選系列 綠色竹皮 33m', 136, 1, 'product', 1, 990, 0),
(241, '麻將組 633精選系列 綠色竹皮 33m', 137, 1, 'product', 1, 990, 0),
(242, '麻將組 833精選系列 33mm 尿素材質', 137, 3, 'product', 1, 1290, 0),
(243, '北城百畫帖 Scrolls of A Northern City', 138, 134, 'product', 3, 880, 0),
(244, '西洋棋進階班：從初學者到大師，掌握西洋棋的技巧', 138, 50, 'course', 1, 3000, 0),
(245, '麻將組 634精選系列 綠色竹皮 34m', 139, 2, 'product', 3, 1190, 0),
(246, '麻將組 634精選系列 綠色竹皮 34m', 140, 2, 'product', 3, 1190, 0),
(247, '麻將組 634精選系列 綠色竹皮 34m', 141, 2, 'product', 3, 1190, 0),
(248, '麻將組 634精選系列 綠色竹皮 34m', 142, 2, 'product', 3, 1190, 0),
(249, '蛋黃哥懶得打麻將組', 143, 25, 'product', 3, 2200, 0),
(250, '大面額加重籌碼 100片', 143, 226, 'product', 1, 1000, 0),
(251, '樂雀台 LQ-300-T6-超薄餐桌款', 143, 68, 'product', 1, 26800, 0),
(252, '極光牌尺系列 34mm 1銀3白', 144, 39, 'product', 2, 220, 0);

-- --------------------------------------------------------

--
-- 資料表結構 `order_status`
--

CREATE TABLE `order_status` (
  `id` int(20) UNSIGNED NOT NULL,
  `order_id` int(20) NOT NULL,
  `status` varchar(20) NOT NULL,
  `update_at` datetime NOT NULL
) ENGINE=InnoDB DEFAULT CHARSET=utf8mb4 COLLATE=utf8mb4_unicode_ci;

--
-- 傾印資料表的資料 `order_status`
--

INSERT INTO `order_status` (`id`, `order_id`, `status`, `update_at`) VALUES
(1, 8, '訂單成立', '2024-08-01 00:00:00'),
(2, 8, '已出貨', '2024-08-05 00:00:00'),
(3, 8, '訂單完成', '2024-08-10 00:00:00'),
(4, 8, '評論完成', '2024-08-15 00:00:00'),
(5, 12, '訂單成立', '2024-04-20 00:00:00'),
(6, 12, '已出貨', '2024-04-25 00:00:00'),
(7, 12, '訂單完成', '2024-04-30 00:00:00'),
(8, 12, '評論完成', '2024-05-05 00:00:00'),
(9, 16, '訂單成立', '2024-08-01 00:00:00'),
(10, 16, '已出貨', '2024-08-05 00:00:00'),
(11, 16, '訂單完成', '2024-08-10 00:00:00'),
(12, 16, '評論完成', '2024-08-15 00:00:00'),
(13, 4, '訂單成立', '2024-04-20 00:00:00'),
(14, 4, '已出貨', '2024-04-25 00:00:00'),
(15, 4, '訂單完成', '2024-04-30 00:00:00'),
(16, 20, '訂單成立', '2024-04-20 00:00:00'),
(17, 20, '已出貨', '2024-04-25 00:00:00'),
(18, 20, '訂單完成', '2024-04-30 00:00:00'),
(19, 2, '訂單成立', '2024-02-16 00:00:00'),
(20, 2, '已出貨', '2024-02-20 00:00:00'),
(21, 6, '訂單成立', '2024-06-24 00:00:00'),
(22, 6, '已出貨', '2024-06-28 00:00:00'),
(23, 10, '訂單成立', '2024-02-16 00:00:00'),
(24, 10, '已出貨', '2024-02-20 00:00:00'),
(25, 14, '訂單成立', '2024-06-24 00:00:00'),
(26, 14, '已出貨', '2024-06-28 00:00:00'),
(27, 18, '訂單成立', '2024-02-16 00:00:00'),
(28, 18, '已出貨', '2024-02-20 00:00:00'),
(29, 1, '訂單成立', '2024-01-15 00:00:00'),
(30, 3, '訂單成立', '2024-03-18 00:00:00'),
(31, 5, '訂單成立', '2024-05-22 00:00:00'),
(32, 7, '訂單成立', '2024-07-26 00:00:00'),
(33, 9, '訂單成立', '2024-01-15 00:00:00'),
(34, 11, '訂單成立', '2024-03-18 00:00:00'),
(35, 13, '訂單成立', '2024-05-22 00:00:00'),
(36, 15, '訂單成立', '2024-07-26 00:00:00'),
(37, 17, '訂單成立', '2024-01-15 00:00:00'),
(38, 19, '訂單成立', '2024-03-18 00:00:00'),
(39, 21, '未付款', '2024-08-19 09:06:31'),
(40, 21, '付款完成', '2024-08-19 09:07:38'),
(41, 22, '未付款', '2024-08-19 09:08:11'),
(42, 23, '未付款', '2024-08-19 09:10:59'),
(43, 23, '付款完成', '2024-08-19 09:11:51'),
(44, 24, '未付款', '2024-08-19 09:13:40'),
(45, 24, '付款完成', '2024-08-19 09:14:21'),
(46, 25, '未付款', '2024-08-19 09:18:09'),
(47, 25, '付款完成', '2024-08-19 09:18:32'),
(157, 76, '未付款', '2024-08-22 15:47:23'),
(158, 76, '付款完成', '2024-08-22 15:47:43'),
(159, 77, '未付款', '2024-08-22 15:52:23'),
(160, 77, '付款完成', '2024-08-22 15:53:03'),
(161, 78, '未付款', '2024-08-22 15:55:46'),
(162, 78, '付款完成', '2024-08-22 15:56:07'),
(163, 79, '未付款', '2024-08-22 15:59:39'),
(164, 79, '付款完成', '2024-08-22 15:59:56'),
(165, 80, '未付款', '2024-08-22 16:06:43'),
(166, 80, '付款完成', '2024-08-22 16:07:00'),
(167, 81, '未付款', '2024-08-22 16:10:52'),
(168, 81, '付款完成', '2024-08-22 16:11:06'),
(169, 82, '未付款', '2024-08-22 16:15:37'),
(170, 82, '付款完成', '2024-08-22 16:15:59'),
(172, 83, '未付款', '2024-08-23 09:10:15'),
(173, 83, '付款完成', '2024-08-23 09:10:41'),
(174, 84, '未付款', '2024-08-23 09:16:03'),
(175, 84, '付款完成', '2024-08-23 09:16:29'),
(176, 85, '未付款', '2024-08-23 09:24:27'),
(177, 85, '付款完成', '2024-08-23 09:25:04'),
(178, 95, '未付款', '2024-08-23 14:43:18'),
(179, 95, '付款完成', '2024-08-23 14:43:36'),
(180, 99, '未付款', '2024-08-23 14:51:57'),
(181, 99, '付款完成', '2024-08-23 14:52:17'),
(182, 100, '未付款', '2024-08-26 10:28:09'),
(183, 100, '付款完成', '2024-08-26 10:28:30'),
(184, 101, '未付款', '2024-08-26 11:36:40'),
(185, 101, '付款完成', '2024-08-26 11:37:15'),
(186, 102, '未付款', '2024-08-26 11:38:21'),
(187, 102, '付款完成', '2024-08-26 11:38:43'),
(188, 101, '已出貨', '2024-08-26 14:23:05'),
(189, 102, '已出貨', '2024-08-26 14:23:05'),
(190, 101, '已完成', '2024-08-26 14:23:33'),
(191, 101, '已評論', '2024-08-26 14:23:37'),
(192, 103, '未付款', '2024-08-26 17:09:22'),
(193, 104, '付款完成', '2024-02-01 00:00:00'),
(194, 105, '付款完成', '2024-02-01 00:00:00'),
(195, 106, '付款完成', '2024-02-01 00:00:00'),
(196, 107, '付款完成', '2024-02-01 00:00:00'),
(197, 108, '付款完成', '2024-02-01 00:00:00'),
(198, 109, '付款完成', '2024-02-01 00:00:00'),
(199, 110, '付款完成', '2024-02-01 00:00:00'),
(200, 111, '付款完成', '2024-02-01 00:00:00'),
(201, 112, '付款完成', '2024-02-01 00:00:00'),
(202, 113, '付款完成', '2024-02-01 00:00:00'),
(203, 114, '付款完成', '2024-02-01 00:00:00'),
(204, 104, '已出貨', '2024-02-03 00:00:00'),
(205, 105, '已出貨', '2024-02-03 00:00:00'),
(206, 106, '已出貨', '2024-02-03 00:00:00'),
(207, 107, '已出貨', '2024-02-03 00:00:00'),
(208, 108, '已出貨', '2024-02-03 00:00:00'),
(209, 109, '已出貨', '2024-02-03 00:00:00'),
(210, 110, '已出貨', '2024-02-03 00:00:00'),
(211, 111, '已出貨', '2024-02-03 00:00:00'),
(212, 112, '已出貨', '2024-02-03 00:00:00'),
(213, 113, '已出貨', '2024-02-03 00:00:00'),
(214, 114, '已出貨', '2024-02-03 00:00:00'),
(215, 105, '付款完成', '2024-03-01 00:00:00'),
(216, 116, '付款完成', '2024-03-01 00:00:00'),
(217, 117, '付款完成', '2024-03-01 00:00:00'),
(218, 118, '付款完成', '2024-03-01 00:00:00'),
(219, 119, '付款完成', '2024-03-01 00:00:00'),
(220, 105, '已到貨', '2024-03-04 00:00:00'),
(221, 116, '已到貨', '2024-03-04 00:00:00'),
(222, 117, '已到貨', '2024-03-04 00:00:00'),
(223, 118, '已到貨', '2024-03-04 00:00:00'),
(224, 119, '已到貨', '2024-03-04 00:00:00'),
(225, 120, '付款完成', '2024-06-01 00:00:00'),
(226, 121, '付款完成', '2024-06-01 00:00:00'),
(227, 122, '付款完成', '2024-06-01 00:00:00'),
(228, 123, '付款完成', '2024-06-01 00:00:00'),
(229, 124, '付款完成', '2024-06-01 00:00:00'),
(230, 125, '付款完成', '2024-06-01 00:00:00'),
(231, 126, '付款完成', '2024-06-01 00:00:00'),
(233, 123, '已出貨', '2024-06-03 00:00:00'),
(234, 124, '已出貨', '2024-06-03 00:00:00'),
(235, 125, '已出貨', '2024-06-03 00:00:00'),
(236, 126, '已出貨', '2024-06-03 00:00:00'),
(237, 127, '已出貨', '2024-06-03 00:00:00'),
(238, 44, '已出貨', '2024-08-27 13:50:42'),
(239, 100, '已出貨', '2024-08-27 13:57:00'),
(240, 83, '已出貨', '2024-08-27 13:57:00'),
(241, 85, '已出貨', '2024-08-27 13:57:53'),
(242, 95, '已出貨', '2024-08-29 18:14:04'),
(243, 81, '已出貨', '2024-08-29 18:14:04'),
(244, 128, '未付款', '2024-08-30 17:49:16'),
(245, 128, '付款完成', '2024-08-30 17:49:43'),
(246, 129, '未付款', '2024-08-30 17:50:15'),
(247, 129, '付款完成', '2024-08-30 17:50:34'),
(248, 129, '已出貨', '2024-08-30 17:51:34'),
(249, 128, '已出貨', '2024-08-30 17:51:34'),
(250, 129, '已完成', '2024-08-30 17:51:47'),
(251, 129, '已評論', '2024-08-30 17:51:54'),
(252, 131, '未付款', '2024-09-02 13:53:32'),
(253, 131, '付款完成', '2024-09-02 13:53:35'),
(254, 100, '已完成', '2024-09-03 14:37:53'),
(255, 100, '已評論', '2024-09-03 14:38:04'),
(256, 132, '未付款', '2024-09-03 15:06:04'),
(257, 132, '付款完成', '2024-09-03 15:06:37'),
(258, 133, '未付款', '2024-09-04 14:58:58'),
(259, 133, '付款完成', '2024-09-04 14:59:22'),
(264, 134, '未付款', '2024-09-05 14:17:58'),
(265, 134, '付款完成', '2024-09-05 14:18:31'),
(266, 131, '已出貨', '2024-09-05 14:19:42'),
(267, 134, '已出貨', '2024-09-05 14:19:42'),
(268, 132, '已出貨', '2024-09-05 14:19:42'),
(269, 84, '已出貨', '2024-09-05 14:19:42'),
(270, 135, '未付款', '2024-09-05 17:59:57'),
(271, 135, '付款完成', '2024-09-05 18:00:19'),
(272, 134, '已完成', '2024-09-05 18:01:01'),
(273, 134, '已評論', '2024-09-05 18:01:16'),
(274, 136, '未付款', '2024-09-05 18:02:56'),
(275, 136, '付款完成', '2024-09-05 18:04:30'),
(276, 136, '已出貨', '2024-09-05 18:06:27'),
(277, 135, '已出貨', '2024-09-05 18:06:27'),
(278, 137, '未付款', '2024-09-05 18:39:45'),
(279, 137, '付款完成', '2024-09-05 18:40:11'),
(280, 138, '未付款', '2024-09-05 18:43:13'),
(281, 138, '付款完成', '2024-09-05 18:44:08'),
(282, 139, '未付款', '2024-09-05 20:37:15'),
(283, 139, '付款完成', '2024-09-05 20:37:34'),
(284, 140, '未付款', '2024-09-05 20:40:08'),
(285, 140, '付款完成', '2024-09-05 20:40:26'),
(286, 141, '未付款', '2024-09-05 20:41:27'),
(287, 141, '付款完成', '2024-09-05 20:41:56'),
(288, 142, '未付款', '2024-09-05 20:42:50'),
(289, 142, '付款完成', '2024-09-05 20:43:25'),
(290, 143, '未付款', '2024-09-05 20:47:13'),
(291, 143, '付款完成', '2024-09-05 20:48:05'),
(292, 144, '未付款', '2024-09-05 20:48:30'),
(293, 144, '付款完成', '2024-09-05 20:48:49');

-- --------------------------------------------------------

--
-- 資料表結構 `party`
--

CREATE TABLE `party` (
  `id` int(20) UNSIGNED NOT NULL,
  `numerical_order` varchar(30) NOT NULL,
  `table_id` int(10) DEFAULT NULL,
  `start_at` time NOT NULL,
  `end_at` time NOT NULL,
  `date` date NOT NULL,
  `status` varchar(10) NOT NULL,
  `userID_main` int(10) NOT NULL,
  `userID_join1` int(10) NOT NULL,
  `userID_join2` int(10) NOT NULL,
  `userID_join3` int(10) NOT NULL,
  `created_at` timestamp NOT NULL DEFAULT current_timestamp() ON UPDATE current_timestamp(),
  `playroom_type` varchar(1) NOT NULL,
  `notes` text DEFAULT NULL,
  `total_price` varchar(100) NOT NULL,
  `company_id` int(11) NOT NULL,
  `booking_id` varchar(30) DEFAULT NULL
) ENGINE=InnoDB DEFAULT CHARSET=utf8mb4 COLLATE=utf8mb4_unicode_ci;

--
-- 傾印資料表的資料 `party`
--

INSERT INTO `party` (`id`, `numerical_order`, `table_id`, `start_at`, `end_at`, `date`, `status`, `userID_main`, `userID_join1`, `userID_join2`, `userID_join3`, `created_at`, `playroom_type`, `notes`, `total_price`, `company_id`, `booking_id`) VALUES
(1, 'DZ5574190', 40, '11:00:00', '21:00:00', '2024-08-31', 'completed', 23, 2, 39, 40, '2024-08-12 16:00:00', '1', NULL, '0', 90, '9194'),
(2, 'UE4498501', NULL, '17:00:00', '17:00:00', '2024-08-31', 'failed', 19, 0, 0, 0, '2024-08-11 16:00:00', '0', NULL, '0', 116, NULL),
(3, 'KS2759796', NULL, '11:00:00', '18:00:00', '2024-08-31', 'cancelled', 47, 0, 0, 0, '2024-08-16 16:00:00', '1', NULL, '0', 133, NULL),
(4, 'JF0026711', 18, '16:00:00', '20:00:00', '2024-08-30', 'completed', 24, 40, 29, 22, '2024-08-31 11:40:03', '1', NULL, '4000', 115, '4459'),
(5, 'RD6284334', NULL, '17:00:00', '13:00:00', '2024-08-30', 'failed', 17, 0, 0, 0, '2024-08-31 11:40:03', '1', NULL, '4000', 143, NULL),
(6, 'LL8668070', NULL, '19:00:00', '17:00:00', '2024-08-30', 'cancelled', 46, 0, 0, 0, '2024-08-31 11:40:03', '1', NULL, '2000', 55, NULL),
(7, 'YR4928401', 23, '17:00:00', '18:00:00', '2024-08-29', 'completed', 7, 25, 3, 40, '2024-08-31 11:40:03', '1', NULL, '1000', 97, '7116'),
(8, 'MK5056678', NULL, '12:00:00', '12:00:00', '2024-08-29', 'failed', 42, 0, 0, 0, '2024-08-03 16:00:00', '1', NULL, '0', 34, NULL),
(9, 'VN1535676', NULL, '09:00:00', '15:00:00', '2024-08-29', 'cancelled', 28, 0, 0, 0, '2024-08-31 11:40:03', '0', NULL, '3000', 49, NULL),
(10, 'GI8260422', 9, '12:00:00', '15:00:00', '2024-08-28', 'completed', 43, 8, 9, 22, '2024-08-31 11:40:03', '1', NULL, '3000', 23, '4138'),
(11, 'HL2776202', NULL, '09:00:00', '20:00:00', '2024-08-28', 'failed', 1, 0, 0, 0, '2024-09-05 08:05:28', '1', NULL, '11000', 128, NULL),
(12, 'LR0076001', NULL, '08:00:00', '15:00:00', '2024-08-28', 'cancelled', 31, 0, 0, 0, '2024-08-31 11:40:03', '1', NULL, '7000', 112, NULL),
(13, 'BC3466495', 21, '08:00:00', '21:00:00', '2024-08-27', 'completed', 41, 10, 28, 9, '2024-08-31 11:40:03', '0', NULL, '6500', 5, '3244'),
(14, 'EB7259869', NULL, '14:00:00', '15:00:00', '2024-08-27', 'failed', 30, 0, 0, 0, '2024-08-31 11:40:03', '1', NULL, '1000', 5, NULL),
(15, 'FA4096444', NULL, '08:00:00', '22:00:00', '2024-08-27', 'cancelled', 11, 0, 0, 0, '2024-08-31 11:40:03', '1', NULL, '14000', 54, NULL),
(16, 'GD9840466', 25, '14:00:00', '14:00:00', '2024-08-26', 'completed', 19, 5, 15, 11, '2024-08-21 16:00:00', '0', NULL, '0', 36, '7768'),
(17, 'BB1096078', NULL, '12:00:00', '17:00:00', '2024-08-26', 'failed', 39, 0, 0, 0, '2024-08-31 11:40:03', '1', NULL, '5000', 91, NULL),
(18, 'AH4354731', NULL, '11:00:00', '12:00:00', '2024-08-26', 'cancelled', 30, 0, 0, 0, '2024-08-31 11:40:03', '1', NULL, '1000', 45, NULL),
(19, 'PB5609998', 31, '12:00:00', '21:00:00', '2024-08-25', 'completed', 20, 35, 16, 26, '2024-08-31 11:40:03', '0', NULL, '4500', 96, '7324'),
(20, 'PY8721324', NULL, '14:00:00', '13:00:00', '2024-08-25', 'failed', 37, 0, 0, 0, '2024-08-31 11:40:03', '0', NULL, '500', 146, NULL),
(21, 'IV1552322', NULL, '11:00:00', '21:00:00', '2024-08-25', 'cancelled', 38, 0, 0, 0, '2024-08-31 11:40:03', '1', NULL, '10000', 26, NULL),
(22, 'WT1650148', 30, '13:00:00', '20:00:00', '2024-08-24', 'completed', 43, 47, 9, 4, '2024-08-31 11:40:03', '1', NULL, '7000', 49, '7371'),
(23, 'OT9922766', NULL, '16:00:00', '19:00:00', '2024-08-24', 'failed', 14, 0, 0, 0, '2024-08-31 11:40:03', '1', NULL, '3000', 151, NULL),
(24, 'XN9390169', NULL, '09:00:00', '18:00:00', '2024-08-24', 'cancelled', 31, 0, 0, 0, '2024-08-31 11:40:03', '0', NULL, '4500', 62, NULL),
(25, 'HH5446437', 43, '15:00:00', '18:00:00', '2024-08-23', 'completed', 48, 36, 34, 12, '2024-08-31 11:40:03', '1', NULL, '3000', 140, '1812'),
(26, 'RC4371026', NULL, '18:00:00', '15:00:00', '2024-08-23', 'failed', 45, 0, 0, 0, '2024-08-31 11:40:03', '1', NULL, '3000', 18, NULL),
(27, 'IG2814113', NULL, '15:00:00', '16:00:00', '2024-08-23', 'cancelled', 8, 0, 0, 0, '2024-08-31 11:40:03', '1', NULL, '1000', 71, NULL),
(28, 'YF3426949', 3, '10:00:00', '20:00:00', '2024-08-22', 'completed', 6, 35, 8, 33, '2024-08-31 11:40:03', '0', NULL, '5000', 141, '4968'),
(29, 'KU6285290', NULL, '17:00:00', '12:00:00', '2024-08-22', 'failed', 21, 0, 0, 0, '2024-08-31 11:40:03', '0', NULL, '2500', 103, NULL),
(30, 'OU2466825', NULL, '18:00:00', '18:00:00', '2024-08-22', 'cancelled', 18, 0, 0, 0, '2024-08-09 16:00:00', '0', NULL, '0', 127, NULL),
(31, 'EH9282708', 40, '10:00:00', '18:00:00', '2024-08-21', 'completed', 11, 42, 29, 17, '2024-08-31 11:40:03', '1', NULL, '8000', 71, '7326'),
(32, 'CK7917214', NULL, '16:00:00', '12:00:00', '2024-08-21', 'failed', 27, 0, 0, 0, '2024-08-31 11:40:03', '0', NULL, '2000', 27, NULL),
(33, 'KL0311898', NULL, '17:00:00', '12:00:00', '2024-08-21', 'cancelled', 23, 0, 0, 0, '2024-08-31 11:40:03', '0', NULL, '2500', 65, NULL),
(34, 'AU8713745', 1, '13:00:00', '12:00:00', '2024-08-11', 'completed', 32, 46, 34, 33, '2024-08-31 11:40:03', '0', NULL, '500', 31, '5344'),
(35, 'UP4960520', NULL, '16:00:00', '14:00:00', '2024-08-11', 'failed', 38, 0, 0, 0, '2024-08-31 11:40:03', '1', NULL, '2000', 77, NULL),
(36, 'WV5950069', NULL, '13:00:00', '18:00:00', '2024-08-11', 'cancelled', 8, 0, 0, 0, '2024-08-31 11:40:03', '1', NULL, '5000', 81, NULL),
(37, 'UK6091932', 42, '12:00:00', '14:00:00', '2024-08-01', 'completed', 31, 9, 4, 40, '2024-08-31 11:40:03', '1', NULL, '2000', 82, '9369'),
(38, 'AK8970533', NULL, '11:00:00', '20:00:00', '2024-08-01', 'failed', 10, 0, 0, 0, '2024-08-31 11:40:03', '0', NULL, '4500', 124, NULL),
(39, 'AS4838315', NULL, '11:00:00', '22:00:00', '2024-08-01', 'cancelled', 7, 0, 0, 0, '2024-08-31 11:40:03', '1', NULL, '11000', 109, NULL),
(40, 'HJ8458894', 9, '12:00:00', '13:00:00', '2024-07-22', 'completed', 20, 11, 44, 38, '2024-08-31 11:40:03', '0', NULL, '500', 73, '3573'),
(41, 'ZC5802243', NULL, '14:00:00', '12:00:00', '2024-07-22', 'failed', 13, 0, 0, 0, '2024-08-31 11:40:03', '0', NULL, '1000', 33, NULL),
(42, 'PK1626606', NULL, '15:00:00', '18:00:00', '2024-07-22', 'cancelled', 21, 0, 0, 0, '2024-08-31 11:40:03', '0', NULL, '1500', 76, NULL),
(43, 'IE9448188', 8, '19:00:00', '14:00:00', '2024-07-12', 'completed', 13, 22, 21, 41, '2024-08-31 11:40:03', '0', NULL, '2500', 105, '3414'),
(44, 'HO9104943', NULL, '19:00:00', '22:00:00', '2024-07-12', 'failed', 19, 0, 0, 0, '2024-08-31 11:40:03', '0', NULL, '1500', 44, NULL),
(45, 'FF3751810', NULL, '11:00:00', '12:00:00', '2024-07-12', 'cancelled', 16, 0, 0, 0, '2024-08-31 11:40:03', '0', NULL, '500', 55, NULL),
(46, 'XJ2422087', 3, '14:00:00', '19:00:00', '2024-07-02', 'completed', 34, 40, 48, 19, '2024-08-31 11:40:03', '1', NULL, '5000', 9, '9059'),
(47, 'HV2268432', NULL, '15:00:00', '20:00:00', '2024-07-02', 'failed', 5, 0, 0, 0, '2024-08-31 11:40:03', '0', NULL, '2500', 63, NULL),
(48, 'WA5478720', NULL, '16:00:00', '21:00:00', '2024-07-02', 'cancelled', 17, 0, 0, 0, '2024-08-31 11:40:03', '1', NULL, '5000', 38, NULL),
(49, 'PE0478292', 39, '16:00:00', '11:00:00', '2024-06-22', 'completed', 24, 16, 10, 3, '2024-08-31 11:40:03', '1', NULL, '5000', 132, '5694'),
(50, 'ZL1454974', NULL, '13:00:00', '21:00:00', '2024-06-22', 'failed', 23, 0, 0, 0, '2024-08-31 11:40:03', '1', NULL, '8000', 52, NULL),
(51, 'VB9105885', NULL, '12:00:00', '23:00:00', '2024-06-22', 'cancelled', 30, 0, 0, 0, '2024-08-31 11:40:03', '1', NULL, '11000', 92, NULL),
(52, 'JC3348135', 20, '19:00:00', '16:00:00', '2024-06-12', 'completed', 3, 1, 5, 46, '2024-09-05 08:05:16', '1', NULL, '3000', 111, '5320'),
(53, 'FQ4519425', NULL, '12:00:00', '18:00:00', '2024-06-12', 'failed', 46, 0, 0, 0, '2024-08-31 11:40:03', '0', NULL, '3000', 47, NULL),
(54, 'TV8077060', NULL, '15:00:00', '18:00:00', '2024-06-12', 'cancelled', 38, 0, 0, 0, '2024-08-31 11:40:03', '1', NULL, '3000', 96, NULL),
(55, 'KC2821078', 7, '17:00:00', '15:00:00', '2024-06-02', 'completed', 19, 15, 19, 48, '2024-08-31 11:40:03', '1', NULL, '2000', 80, '2050'),
(56, 'ZQ1413586', NULL, '17:00:00', '18:00:00', '2024-06-02', 'failed', 30, 0, 0, 0, '2024-08-31 11:40:03', '1', NULL, '1000', 121, NULL),
(57, 'AT6588436', NULL, '08:00:00', '13:00:00', '2024-06-02', 'cancelled', 19, 0, 0, 0, '2024-08-31 11:40:03', '1', NULL, '5000', 142, NULL),
(58, 'QH5658240', 49, '10:00:00', '12:00:00', '2024-05-23', 'completed', 31, 23, 23, 43, '2024-08-31 11:40:03', '1', NULL, '2000', 115, '2304'),
(59, 'LV8212985', NULL, '15:00:00', '19:00:00', '2024-05-23', 'failed', 21, 0, 0, 0, '2024-08-31 11:40:03', '1', NULL, '4000', 141, NULL),
(60, 'TY4914947', NULL, '15:00:00', '17:00:00', '2024-05-23', 'cancelled', 19, 0, 0, 0, '2024-08-31 11:40:03', '0', NULL, '1000', 24, NULL),
(61, 'YH5899698', 5, '15:00:00', '10:00:00', '2024-05-13', 'completed', 46, 46, 43, 25, '2024-08-31 11:40:03', '0', NULL, '2500', 90, '1786'),
(62, 'RA1025231', NULL, '13:00:00', '13:00:00', '2024-05-13', 'failed', 4, 0, 0, 0, '2024-04-19 16:00:00', '1', NULL, '0', 33, NULL),
(63, 'YC6441097', NULL, '19:00:00', '20:00:00', '2024-05-13', 'cancelled', 18, 0, 0, 0, '2024-08-31 11:40:03', '0', NULL, '500', 108, NULL),
(64, 'NK5156248', 18, '10:00:00', '12:00:00', '2024-05-03', 'completed', 49, 46, 35, 37, '2024-08-31 11:40:03', '1', NULL, '2000', 9, '9895'),
(65, 'TW9702146', NULL, '11:00:00', '19:00:00', '2024-05-03', 'failed', 49, 0, 0, 0, '2024-08-31 11:40:03', '0', NULL, '4000', 50, NULL),
(66, 'UW0389347', NULL, '15:00:00', '20:00:00', '2024-05-03', 'cancelled', 1, 0, 0, 0, '2024-09-05 08:05:41', '1', NULL, '5000', 140, NULL),
(67, 'DZ4104906', 7, '13:00:00', '23:00:00', '2024-04-23', 'completed', 1, 42, 37, 7, '2024-09-05 08:05:46', '0', NULL, '5000', 31, '6231'),
(68, 'HS7387735', NULL, '14:00:00', '15:00:00', '2024-04-23', 'failed', 43, 0, 0, 0, '2024-08-31 11:40:03', '1', NULL, '1000', 36, NULL),
(69, 'EC9327378', NULL, '13:00:00', '13:00:00', '2024-04-23', 'cancelled', 9, 0, 0, 0, '2024-04-17 16:00:00', '0', NULL, '0', 87, NULL),
(70, 'PH6669375', 23, '10:00:00', '20:00:00', '2024-04-13', 'completed', 35, 8, 36, 6, '2024-08-31 11:40:03', '1', NULL, '10000', 34, '1357'),
(71, 'OO2655316', NULL, '15:00:00', '12:00:00', '2024-04-13', 'failed', 14, 0, 0, 0, '2024-08-31 11:40:03', '0', NULL, '1500', 62, NULL),
(72, 'WE3127034', NULL, '19:00:00', '21:00:00', '2024-04-13', 'cancelled', 6, 0, 0, 0, '2024-08-31 11:40:03', '0', NULL, '1000', 127, NULL),
(73, 'AQ0631316', 22, '19:00:00', '16:00:00', '2024-04-03', 'completed', 48, 19, 48, 34, '2024-08-31 11:40:03', '0', NULL, '1500', 109, '3533'),
(74, 'GK3376527', NULL, '13:00:00', '12:00:00', '2024-04-03', 'failed', 32, 0, 0, 0, '2024-08-31 11:40:03', '1', NULL, '1000', 134, NULL),
(75, 'GN8152151', NULL, '14:00:00', '15:00:00', '2024-04-03', 'cancelled', 15, 0, 0, 0, '2024-08-31 11:40:03', '0', NULL, '500', 67, NULL),
(76, 'CD3361774', 16, '14:00:00', '21:00:00', '2024-03-24', 'completed', 15, 17, 42, 6, '2024-08-31 11:40:03', '0', NULL, '3500', 88, '4263'),
(77, 'BH1645214', NULL, '19:00:00', '16:00:00', '2024-03-24', 'failed', 23, 0, 0, 0, '2024-08-31 11:40:03', '0', NULL, '1500', 69, NULL),
(78, 'VT3467103', NULL, '13:00:00', '13:00:00', '2024-03-24', 'cancelled', 2, 0, 0, 0, '2024-03-05 16:00:00', '1', NULL, '0', 6, NULL),
(79, 'HG3810858', 10, '17:00:00', '18:00:00', '2024-03-14', 'completed', 3, 31, 46, 36, '2024-08-31 11:40:03', '1', NULL, '1000', 79, '3614'),
(80, 'XP3489080', NULL, '19:00:00', '16:00:00', '2024-03-14', 'failed', 33, 0, 0, 0, '2024-08-31 11:40:03', '0', NULL, '1500', 46, NULL),
(81, 'IU9098492', NULL, '10:00:00', '14:00:00', '2024-03-14', 'cancelled', 20, 0, 0, 0, '2024-08-31 11:40:03', '0', NULL, '2000', 101, NULL),
(82, 'VB8989775', 15, '17:00:00', '22:00:00', '2024-03-04', 'completed', 43, 14, 42, 19, '2024-08-31 11:40:03', '0', NULL, '2500', 72, '9202'),
(83, 'DY3420172', NULL, '18:00:00', '16:00:00', '2024-03-04', 'failed', 49, 0, 0, 0, '2024-08-31 11:40:03', '0', NULL, '1000', 126, NULL),
(84, 'TG0037012', NULL, '11:00:00', '17:00:00', '2024-03-04', 'cancelled', 26, 0, 0, 0, '2024-08-31 11:40:03', '1', NULL, '6000', 117, NULL),
(85, 'XD9212851', 13, '14:00:00', '22:00:00', '2024-02-23', 'completed', 41, 1, 34, 14, '2024-08-31 11:40:03', '1', NULL, '8000', 27, '4478'),
(86, 'KX2091495', NULL, '12:00:00', '14:00:00', '2024-02-23', 'failed', 31, 0, 0, 0, '2024-08-31 11:40:03', '0', NULL, '1000', 9, NULL),
(87, 'XI9948722', NULL, '19:00:00', '19:00:00', '2024-02-23', 'cancelled', 38, 0, 0, 0, '2024-02-02 16:00:00', '0', NULL, '0', 151, NULL),
(88, 'IR3750493', 43, '09:00:00', '12:00:00', '2024-02-13', 'completed', 24, 8, 18, 16, '2024-08-31 11:40:03', '0', NULL, '1500', 99, '1324'),
(89, 'FA3715540', NULL, '17:00:00', '13:00:00', '2024-02-13', 'failed', 31, 0, 0, 0, '2024-08-31 11:40:03', '0', NULL, '2000', 28, NULL),
(90, 'PK1983070', NULL, '17:00:00', '18:00:00', '2024-02-13', 'cancelled', 12, 0, 0, 0, '2024-08-31 11:40:03', '1', NULL, '1000', 103, NULL),
(91, 'QC5317270', 21, '13:00:00', '12:00:00', '2024-02-03', 'completed', 4, 24, 8, 16, '2024-08-31 11:40:03', '1', NULL, '1000', 67, '6116'),
(92, 'NX9704771', NULL, '09:00:00', '19:00:00', '2024-02-03', 'failed', 13, 0, 0, 0, '2024-08-31 11:40:03', '0', NULL, '5000', 1, NULL),
(93, 'ZZ8225808', NULL, '10:00:00', '20:00:00', '2024-02-03', 'cancelled', 17, 0, 0, 0, '2024-08-31 11:40:03', '0', NULL, '5000', 150, NULL),
(94, 'SQ0118580', 8, '16:00:00', '15:00:00', '2024-01-24', 'completed', 48, 49, 49, 1, '2024-08-31 11:40:03', '0', NULL, '500', 71, '3872'),
(95, 'FB7154897', NULL, '12:00:00', '21:00:00', '2024-01-24', 'failed', 43, 0, 0, 0, '2024-08-31 11:40:03', '0', NULL, '4500', 130, NULL),
(96, 'BT5990159', NULL, '16:00:00', '22:00:00', '2024-01-24', 'cancelled', 26, 0, 0, 0, '2024-08-31 11:40:03', '1', NULL, '6000', 117, NULL),
(97, 'TM1061348', 5, '10:00:00', '17:00:00', '2024-01-14', 'completed', 49, 44, 22, 26, '2024-08-31 11:40:03', '1', NULL, '7000', 80, '1131'),
(98, 'MK5596453', NULL, '14:00:00', '13:00:00', '2024-01-14', 'failed', 11, 0, 0, 0, '2024-08-31 11:40:03', '0', NULL, '500', 81, NULL),
(99, 'LR9681246', NULL, '18:00:00', '13:00:00', '2024-01-14', 'cancelled', 1, 0, 0, 0, '2024-09-05 08:05:33', '1', NULL, '5000', 76, NULL),
(100, 'UN2025262', 23, '15:00:00', '20:00:00', '2024-01-04', 'completed', 19, 38, 31, 42, '2024-08-31 11:40:03', '0', NULL, '2500', 33, '1051'),
(128, 'AJ8348946', NULL, '09:00:00', '13:00:00', '2024-08-31', 'failed', 43, 41, 0, 0, '2024-09-04 07:23:44', '0', NULL, '4000', 56, NULL),
(129, 'IL3400209', NULL, '12:00:00', '15:00:00', '2024-09-01', 'failed', 33, 18, 0, 0, '2024-09-04 07:23:44', '1', NULL, '6000', 23, NULL),
(130, 'CB9869906', NULL, '18:00:00', '22:00:00', '2024-09-02', 'failed', 43, 0, 3, 0, '2024-09-04 07:23:44', '1', NULL, '6000', 126, NULL),
(131, 'HY9061465', NULL, '17:00:00', '21:00:00', '2024-09-03', 'failed', 31, 23, 1, 0, '2024-09-04 07:23:44', '0', NULL, '1000', 122, NULL),
(132, 'WZ1877038', NULL, '08:00:00', '10:00:00', '2024-09-04', 'failed', 35, 26, 0, 0, '2024-09-05 08:06:35', '1', NULL, '5000', 93, NULL),
(133, 'IS6397209', NULL, '08:00:00', '10:00:00', '2024-09-05', 'failed', 19, 10, 0, 0, '2024-09-06 06:15:58', '1', NULL, '6000', 73, NULL),
(134, 'IG1993077', NULL, '11:00:00', '13:00:00', '2024-09-06', 'waiting', 38, 0, 37, 0, '2024-08-31 11:40:10', '1', NULL, '5000', 51, NULL),
(135, 'LH0214263', NULL, '11:00:00', '15:00:00', '2024-09-07', 'waiting', 16, 30, 0, 0, '2024-08-31 11:40:10', '0', NULL, '2000', 116, NULL),
(136, 'KR1815458', NULL, '20:00:00', '23:00:00', '2024-09-08', 'waiting', 46, 0, 0, 0, '2024-08-31 11:40:10', '0', NULL, '3000', 13, NULL),
(137, 'GA3299204', NULL, '16:00:00', '23:00:00', '2024-09-09', 'waiting', 50, 41, 0, 0, '2024-08-31 11:40:10', '0', NULL, '1000', 108, NULL),
(138, 'JT6256825', NULL, '20:00:00', '23:00:00', '2024-09-10', 'waiting', 25, 0, 0, 0, '2024-08-31 11:40:10', '1', NULL, '4000', 104, NULL),
(139, 'PX7599979', NULL, '09:00:00', '11:00:00', '2024-09-11', 'waiting', 6, 14, 8, 0, '2024-08-31 11:40:10', '1', NULL, '5000', 118, NULL),
(140, 'JM3019958', NULL, '09:00:00', '14:00:00', '2024-09-12', 'waiting', 23, 48, 0, 0, '2024-08-31 11:40:10', '0', NULL, '2500', 38, NULL),
(141, 'VI2120793', NULL, '08:00:00', '12:00:00', '2024-09-13', 'waiting', 35, 7, 0, 0, '2024-08-31 11:40:10', '0', NULL, '1500', 35, NULL),
(142, 'FH8911054', NULL, '15:00:00', '17:00:00', '2024-09-14', 'waiting', 9, 16, 16, 0, '2024-08-31 11:40:10', '1', NULL, '8000', 111, NULL),
(143, 'TO4698116', NULL, '18:00:00', '20:00:00', '2024-09-15', 'waiting', 10, 0, 27, 0, '2024-08-31 11:40:10', '1', NULL, '5000', 40, NULL),
(144, 'LK7417605', NULL, '14:00:00', '18:00:00', '2024-09-16', 'waiting', 1, 40, 47, 0, '2024-09-05 08:05:52', '0', NULL, '1000', 129, NULL),
(145, 'UM9681303', NULL, '13:00:00', '17:00:00', '2024-09-17', 'waiting', 8, 2, 0, 0, '2024-08-31 11:40:10', '1', NULL, '8000', 6, NULL),
(146, 'LE5060110', NULL, '08:00:00', '11:00:00', '2024-09-18', 'waiting', 25, 41, 0, 0, '2024-08-31 11:40:10', '1', NULL, '4000', 110, NULL),
(147, 'MF7049177', NULL, '19:00:00', '23:00:00', '2024-09-19', 'waiting', 4, 1, 0, 0, '2024-09-05 08:05:22', '0', NULL, '3500', 11, NULL),
(148, 'ES9774553', NULL, '18:00:00', '23:00:00', '2024-09-20', 'waiting', 47, 44, 5, 0, '2024-08-31 11:40:10', '1', NULL, '4000', 5, NULL),
(149, 'OS9524417', NULL, '16:00:00', '19:00:00', '2024-09-21', 'waiting', 1, 50, 0, 0, '2024-09-05 08:05:10', '0', NULL, '1000', 116, NULL),
(150, 'RB3312612', NULL, '14:00:00', '20:00:00', '2024-09-22', 'waiting', 11, 0, 28, 0, '2024-08-31 11:40:10', '1', NULL, '7000', 54, NULL),
(151, 'XL5506942', NULL, '13:00:00', '16:00:00', '2024-09-23', 'waiting', 17, 12, 0, 0, '2024-08-31 11:40:10', '1', NULL, '7000', 25, NULL),
(152, 'TG9374225', NULL, '21:00:00', '23:00:00', '2024-09-24', 'waiting', 5, 21, 0, 0, '2024-08-31 11:40:10', '0', NULL, '4000', 115, NULL),
(153, 'OP1988453', NULL, '11:00:00', '17:00:00', '2024-09-25', 'waiting', 33, 28, 37, 0, '2024-08-31 11:40:10', '1', NULL, '5000', 151, NULL),
(154, 'HO7974653', NULL, '13:00:00', '18:00:00', '2024-09-26', 'waiting', 21, 0, 0, 0, '2024-08-31 11:40:10', '0', NULL, '4000', 77, NULL),
(155, 'KM2060360', NULL, '16:00:00', '19:00:00', '2024-09-27', 'waiting', 16, 0, 25, 0, '2024-08-31 11:40:10', '1', NULL, '3000', 144, NULL),
(156, 'RP9171141', NULL, '19:00:00', '23:00:00', '2024-09-28', 'waiting', 12, 0, 49, 0, '2024-08-31 11:40:10', '1', NULL, '2000', 39, NULL),
(157, 'OZ2036018', NULL, '09:00:00', '13:00:00', '2024-09-29', 'waiting', 47, 41, 49, 0, '2024-08-31 11:40:10', '0', NULL, '3500', 147, NULL),
(159, 'srrOiFfD1G', NULL, '10:00:00', '13:30:00', '2024-08-30', 'failed', 1, 0, 0, 0, '2024-08-31 15:16:18', '0', NULL, '1750', 2, NULL),
(160, 'y6CDpL2bfO', NULL, '14:00:00', '16:00:00', '2024-09-08', 'cancelled', 99, 62, 0, 0, '2024-09-04 07:24:57', '0', NULL, '1000', 1, NULL),
(161, 'rbowTJv5ox', 3, '14:00:00', '16:00:00', '2024-09-06', 'cancelled', 99, 5, 7, 1, '2024-09-04 08:07:11', '0', NULL, '1000', 1, '806'),
(162, 'YxUGjO23KH', 3, '17:00:00', '19:00:00', '2024-09-20', 'cancelled', 1, 5, 7, 99, '2024-09-04 08:14:30', '0', NULL, '1000', 1, '807'),
(164, '3Xyp7rkIbW', NULL, '17:00:13', '19:00:13', '2024-09-05', 'failed', 100, 0, 0, 0, '2024-09-06 06:15:58', '0', NULL, '1000', 151, NULL),
(165, 'jOIZGRR1yS', NULL, '18:00:20', '20:00:20', '2024-09-05', 'cancelled', 1, 0, 0, 0, '2024-09-05 09:38:50', '0', NULL, '1000', 8, NULL),
(166, 'bYXkMieZ8v', NULL, '18:00:58', '20:00:58', '2024-09-20', 'waiting', 1, 5, 12, 0, '2024-09-05 11:09:10', '0', NULL, '1000', 8, NULL),
(167, 'xO23F4nDVm', 695, '18:30:26', '22:00:00', '2024-09-22', 'completed', 1, 41, 39, 4, '2024-09-06 10:12:58', '0', NULL, '1750', 79, '811');

-- --------------------------------------------------------

--
-- 資料表結構 `product`
--

CREATE TABLE `product` (
  `id` int(5) UNSIGNED NOT NULL,
  `name` varchar(50) NOT NULL,
  `content` varchar(2000) NOT NULL,
  `brand_id` varchar(3) NOT NULL,
  `category_id` int(3) NOT NULL,
  `stock` int(11) NOT NULL,
  `price` int(6) UNSIGNED NOT NULL,
  `on_time` date NOT NULL,
  `off_time` date DEFAULT NULL,
  `create_at` date NOT NULL,
  `update_at` date DEFAULT NULL,
  `img` varchar(100) NOT NULL
) ENGINE=InnoDB DEFAULT CHARSET=utf8mb4 COLLATE=utf8mb4_unicode_ci;

--
-- 傾印資料表的資料 `product`
--

INSERT INTO `product` (`id`, `name`, `content`, `brand_id`, `category_id`, `stock`, `price`, `on_time`, `off_time`, `create_at`, `update_at`, `img`) VALUES
(1, '麻將組 633精選系列 綠色竹皮 33m', '編 號 : 633\r\n顏 色 : 綠\r\n規 格 : 33mm\r\n材 質 : 尿素\r\n\r\n【鑑賞期規範】 \r\n本商城購物享有15天鑑賞期，若商品因消費者個人不當使用拆卸產生人為因素造成故障、損毀、磨損、擦傷、刮傷、髒污、包裝破損不完整者，或是附配件不齊者，恕不接受退貨\r\n\r\n*店家保留訂單接受與否權力，不便之處敬請見諒。            ', '1', 1, 16, 990, '2024-06-03', NULL, '2024-06-03', '2024-06-06', '001.jpg'),
(2, '麻將組 634精選系列 綠色竹皮 34m', '編 號 : 634\r\n顏 色 : 綠規\r\n規 格: 34mm\r\n材 質 : 尿素\r\n\r\n【鑑賞期規範】 \r\n本商城購物享有15天鑑賞期，若商品因消費者個人不當使用拆卸產生人為因素造成故障、損毀、磨損、擦傷、刮傷、髒污、包裝破損不完整者，或是附配件不齊者，恕不接受退貨\r\n\r\n*店家保留訂單接受與否權力，不便之處敬請見諒。', '1', 1, 0, 1190, '2024-06-03', NULL, '2024-06-03', NULL, '002.webp'),
(3, '麻將組 833精選系列 33mm 尿素材質', '編 號 : 833\r\n顏 色 : 綠\r\n規 格 : 33mm\r\n材 質 : 尿素\r\n\r\n【鑑賞期規範】 \r\n本商城購物享有15天鑑賞期，若商品因消費者個人不當使用拆卸產生人為因素造成故障、損毀、磨損、擦傷、刮傷、髒污、包裝破損不完整者，或是附配件不齊者，恕不接受退貨\r\n\r\n*店家保留訂單接受與否權力，不便之處敬請見諒。。', '1', 1, 39, 1290, '2024-06-03', '2024-06-06', '2024-06-03', NULL, '003.jpg'),
(4, '麻將組 834精選系列34mm 尿素材質', '編 號 : 833\r\n顏 色 : 綠\r\n規 格 : 33mm\r\n材 質 : 尿素\r\n\r\n【鑑賞期規範】 \r\n本商城購物享有15天鑑賞期，若商品因消費者個人不當使用拆卸產生人為因素造成故障、損毀、磨損、擦傷、刮傷、髒污、包裝破損不完整者，或是附配件不齊者，恕不接受退貨\r\n\r\n*店家保留訂單接受與否權力，不便之處敬請見諒。。', '1', 1, 0, 1490, '2024-06-03', '2024-06-07', '2024-06-03', NULL, '004.webp'),
(5, '手打麻將 636東方巨無霸-36mm（竹皮綠）', '編 號 : 636\r\n顏 色 : 竹皮綠\r\n規 格 : 36mm\r\n材 質 : 尿素\r\n\r\n【鑑賞期規範】 \r\n本商城購物享有15天鑑賞期，若商品因消費者個人不當使用拆卸產生人為因素造成故障、損毀、磨損、擦傷、刮傷、髒污、包裝破損不完整者，或是附配件不齊者，恕不接受退貨\r\n\r\n*店家保留訂單接受與否權力，不便之處敬請見諒。。', '1', 1, 21, 1390, '2024-06-03', NULL, '2024-06-03', NULL, '005.webp'),
(6, '麻將 126東方竹花絲-33mm加重版 (綠)', '編 號 : 126\r\n顏 色 : 竹花絲加重版 (綠)\r\n規 格 : 36mm\r\n材 質 : 尿素\r\n\r\n【鑑賞期規範】 \r\n本商城購物享有15天鑑賞期，若商品因消費者個人不當使用拆卸產生人為因素造成故障、損毀、磨損、擦傷、刮傷、髒污、包裝破損不完整者，或是附配件不齊者，恕不接受退貨\r\n\r\n*店家保留訂單接受與否權力，不便之處敬請見諒。。 ', '1', 1, 0, 1490, '2024-06-03', '2024-06-06', '2024-06-03', '2024-06-06', '006.webp'),
(7, '麻將  267方玉竹絲 34mm（牙）', '東方不敗麻將 方玉竹絲(手打) 34mm 牙白色 附搬風+骰子\r\n\r\n商品名稱：方玉竹絲(手打)\r\n顏色：牙白\r\n大小：34mm\r\n材質 : 尿素\r\n單顆重量：27G左右\r\n\r\n注意事項：\r\n1.由於麻將是由人工排列放進盒內的，收到貨之後請立即檢查是否有短缺情形，並向我們連繫反應，如因此造成財務、物品上的損失，本公司不負擔任何責任。', '1', 1, 21, 1690, '2024-06-03', NULL, '2024-06-03', NULL, '007.jpg'),
(8, '麻將 334精選系列-34mm(綠)', '334精選系列(竹絲) \r\n\r\n編 號 :334\r\n顏 色 : 綠\r\n規 格 : 34mm\r\n材 質 : 尿素\r\n\r\n\r\n\r\n注意事項：\r\n\r\n1.由於麻將/象棋/筒子，是由人工排列放進盒內，收到貨之後請立即檢查麻將牌列是否正確，以及是否有短缺情形，輕微污漬可先嘗試使用酒精或是去漬油稍作清潔，若有發現多、少顆或配件短缺破損，請立即連繫賣家，若造成任何財物損失，本司皆無責任~\r\n\r\n2.247是電動桌專用的麻將，當然也可以手打，不過就沒有附贈方向環(搬風)跟骰子，有需要的可以購~\r\n\r\n\r\n\r\n【鑑賞期規範】 \r\n\r\n本商城購物享有15天鑑賞期，若商品因消費者個人不當使用拆卸產生人為因素造成故障、損毀、磨損、擦傷、刮傷、髒污、包裝破損不完整者，或是附配件不齊者，恕不接受退貨', '1', 1, 22, 1490, '2024-06-03', NULL, '2024-06-03', NULL, '008.jpg'),
(9, '麻將組 272巨石竹絲 34MM 竹絲加重', '東方不敗麻將 巨石竹絲 東方不敗出品 34MM/綠色/竹絲加重\r\n\r\n圓角牌、高CP值平價34MM加重麻將。\r\n\r\n尿素材質的麻將，打起來的手感比較好、洗牌時也不容易翻牌，是專業級玩家的最愛。\r\n\r\n\r\n\r\n• 贈品：牌尺一副\r\n• 標準台灣字體加深\r\n• 銷售單位: 每副\r\n• 產品材質 : 尿素\r\n• 產品顏色 : 深綠色\r\n• 產品規格 : 34mm\r\n• 單顆重量：約32g\r\n\r\n• 型號：巨石竹紋272\r\n\r\n\r\n\r\n注意事項：\r\n\r\n1.由於麻將是由人工排列放進盒內的，收到貨之後請立即檢查是否有短缺情形，並向我們連繫反應，如因此造成財務、物品上的損失，本公司不負擔任何責任。\r\n\r\n\r\n\r\n【鑑賞期規範】 \r\n\r\n本商城購物享有15天鑑賞期，若商品因消費者個人不當使用拆卸產生人為因素造成故障、損毀、磨損、擦傷、刮傷、髒污、包裝破損不完整者，或是附配件不齊者，恕不接受退貨\r\n\r\n*店家保留訂單接受與否權力，不便之處敬請見諒。', '1', 1, 19, 1890, '2024-06-03', NULL, '2024-06-03', NULL, '009.jpg'),
(10, '麻將 132東方無聲派 33mm (綠)', '• 標準台灣字體加深\r\n• 銷售單位: 每副\r\n• 產品材質 : 無聲材質\r\n• 產品顏色 : 綠色\r\n• 產品規格 : 33m/m\r\n• 型號：東方無聲派132\r\n• 單顆重量：17g\r\n• 整副重量：2.5Kg\r\n\r\n\r\n\r\n注意事項：\r\n\r\n1.由於麻將/象棋/筒子，是由人工排列放進盒內，收到貨之後請立即檢查麻將牌列是否正確，以及是否有短缺情形，輕微污漬可先嘗試使用酒精或是去漬油稍作清潔，若有發現多、少顆或配件短缺破損，請立即連繫賣家，若造成任何財物損失，本司皆無責任~\r\n\r\n2.247是電動桌專用的麻將，當然也可以手打，不過就沒有附贈方向環(搬風)跟骰子，有需要的可以購~\r\n\r\n【鑑賞期規範】 \r\n\r\n本商城購物享有15天鑑賞期，若商品因消費者個人不當使用拆卸產生人為因素造成故障、損毀、磨損、擦傷、刮傷、髒污、包裝破損不完整者，或是附配件不齊者，恕不接受退貨', '1', 1, 0, 2290, '2024-06-03', '2024-06-06', '2024-06-03', NULL, '010.jpg'),
(11, '麻將組 283尊品竹絲麻將-34mm（黑）', '編 號 : 283\r\n顏 色 : 黑\r\n規 格 : 34mm\r\n材 質 : 尿素\r\n\r\n【鑑賞期規範】 \r\n本商城購物享有15天鑑賞期，若商品因消費者個人不當使用拆卸產生人為因素造成故障、損毀、磨損、擦傷、刮傷、髒污、包裝破損不完整者，或是附配件不齊者，恕不接受退貨\r\n\r\n*店家保留訂單接受與否權力，不便之處敬請見諒。', '1', 1, 25, 1890, '2024-06-03', NULL, '2024-06-03', NULL, '011.webp'),
(12, '麻將組 34mm至尊竹紋 尿素材質 192', '東方不敗麻將 34mm至尊竹紋 尿素材質 192\r\n\r\n編 號 : 192\r\n顏 色 : 綠\r\n規 格 : 34mm\r\n材 質 : 尿素\r\n\r\n注意事項：\r\n1.由於麻將是由人工排列放進盒內的，收到貨之後請立即檢查是否有短缺情形，並向我們連繫反應，如因此造成財務、物品上的損失，本公司不負擔任何責任。\r\n\r\n\r\n【鑑賞期規範】 \r\n本商城購物享有15天鑑賞期，若商品因消費者個人不當使用拆卸產生人為因素造成故障、損毀、磨損、擦傷、刮傷、髒污、包裝破損不完整者，或是附配件不齊者，恕不接受退貨', '1', 1, 0, 1790, '2024-06-03', '2024-06-06', '2024-06-03', NULL, '012.jpg'),
(13, '麻將 181盤石竹紋-加重版 34mm', '東方不敗麻將 34mm加重 181磐石竹絲\r\n\r\n特性：\r\n1.加大34mm。\r\n2.加重手感好(但洗牌比較累)。\r\n3.直角牌/重心穩/好拿好打不易翻。\r\n4.尿素材質、耐打。\r\n\r\n\r\n品 牌：東方不敗\r\n編 號 : 181\r\n顏 色 : 綠\r\n格 : 34mm\r\n材 質 : 尿素\r\n\r\n\r\n\r\n【鑑賞期規範】 \r\n\r\n本商城購物享有15天鑑賞期，若商品因消費者個人不當使用拆卸產生人為因素造成故障、損毀、磨損、擦傷、刮傷、髒污、包裝破損不完整者，或是附配件不齊者，恕不接受退貨', '1', 1, 18, 2090, '2024-06-03', NULL, '2024-06-03', NULL, '013.jpg'),
(14, '麻將 尊品竹絲麻將 36mm(手打) 綠色 284', '東方不敗麻將 尊品竹絲麻將 36mm(手打) 綠色 284\r\n\r\n***白色部分為乳白色，材質較佳\r\n\r\n\r\n\r\n商品名稱：尊品竹絲麻將\r\n顏色：綠\r\n大小：36mm\r\n材質 : 尿素\r\n\r\n\r\n注意事項：\r\n\r\n1.由於麻將/象棋/筒子，是由人工排列放進盒內，收到貨之後請立即檢查麻將牌列是否正確，以及是否有短缺情形，輕微污漬可先嘗試使用酒精或是去漬油稍作清潔，若有發現多、少顆或配件短缺破損，請立即連繫賣家，若造成任何財物損失，本司皆無責任~\r\n\r\n【鑑賞期規範】 \r\n\r\n本商城購物享有15天鑑賞期，若商品因消費者個人不當使用拆卸產生人為因素造成故障、損毀、磨損、擦傷、刮傷、髒污、包裝破損不完整者，或是附配件不齊者，恕不接受退貨', '1', 1, 17, 1990, '2024-06-03', NULL, '2024-06-03', NULL, '014.jpg'),
(15, '麻將 143 東方大竹紋 34mm', '東方不敗麻將 143東方大竹紋 過年必備 玩家PRO級 直角牌 34mm\r\n\r\n\r\n34mm比標準的麻將稍為大一些，是近年專業級麻將玩家的新寵兒~\r\n\r\n\r\n143東方大竹紋\r\n編 號 : 143\r\n顏 色 : 綠、蘋果綠、灰\r\n規 格 : 34mm材 \r\n質 : 尿素\r\n單顆重量：27G左右\r\n\r\n\r\n\r\n【鑑賞期規範】 \r\n\r\n本商城購物享有15天鑑賞期，若商品因消費者個人不當使用拆卸產生人為因素造成故障、損毀、磨損、擦傷、刮傷、髒污、包裝破損不完整者，或是附配件不齊者，恕不接受退貨', '1', 1, 0, 1790, '2024-06-03', '2024-06-06', '2024-06-03', NULL, '015.jpg'),
(16, '麻將 214岩石竹紋-加重版 34mm', '方不敗麻將 214岩石竹紋-加重版 玩家級34mm 尿素-加鉛加重\r\n\r\n很多人問214跟228有什麼差別?\r\n就是PRO專家級跟AM業餘級的差別！\r\n兩者雖然都是34MM加重款，但214是直角牌，228是圓角牌，直角牌可以站得更穩，不會因為撞到桌角、或是太激動而不小心翻牌；正所謂麻將方方照四方、如果放槍不能紅著眼，那自摸是否能夠紅著臉?\r\n以箇中高手、實力在伯仲之間麻將團來說，倒牌的一瞬間可是相當致命的！輸錢是小事、掉漆丟面子是大事，所以東方不敗的214是很多麻將老手的指定款。\r\n\r\n214岩石竹紋-加重版\r\n編 號 : 214\r\n顏 色 : 綠、蘋果綠、灰\r\n規 格 : 34mm\r\n材 質 : 尿素-加鉛加重\r\n\r\n注意事項：\r\n1.由於麻將是由人工排列放進盒內的，收到貨之後請立即檢查是否有短缺情形，並向我們連繫反應，如因此造成財務、物品上的損失，本公司不負擔任何責任。\r\n\r\n\r\n【鑑賞期規範】 \r\n本商城購物享有15天鑑賞期，若商品因消費者個人不當使用拆卸產生人為因素造成故障、損毀、磨損、擦傷、刮傷、髒污、包裝破損不完整者，或是附配件不齊者，恕不接受退貨', '1', 1, 15, 2090, '2024-06-03', NULL, '2024-06-03', NULL, '016.jpg'),
(17, '麻將 136東方巨無霸 36mm', '東方不敗麻將 東方巨無霸 36mm大尺碼 加大手感更好\r\n\r\n\r\n品名：麻將(手打)\r\n編 號 : 136\r\n顏 色 : 牙色、藍色、橘黃色、綠色\r\n規 格 : 36mm\r\n材 質 : 尿素\r\n單顆大小：寬2.75 高3.6 深2 CM\r\n\r\n\r\n\r\n注意事項：\r\n\r\n由於麻將/象棋/筒子，是由人工排列放進盒內，收到貨之後請立即檢查麻將牌列是否正確，以及是否有短缺情形，輕微污漬可先嘗試使用酒精或是去漬油稍作清潔，若有發現多、少顆或配件短缺破損，請立即連繫賣家，若造成任何財物損失，本司皆無責任~\r\n\r\n\r\n【鑑賞期規範】 \r\n\r\n本商城購物享有15天鑑賞期，若商品因消費者個人不當使用拆卸產生人為因素造成故障、損毀、磨損、擦傷、刮傷、髒污、包裝破損不完整者，或是附配件不齊者，恕不接受退貨', '1', 1, 12, 1890, '2024-06-03', NULL, '2024-06-03', NULL, '017.jpg'),
(18, '麻將組 尊品竹絲34mm 164', '東方不敗麻將組 尊品竹絲34mm\r\n\r\n編 號 :164\r\n顏 色 : 青\r\n規 格 : 34mm\r\n材 質 : 尿素\r\n\r\n注意事項：\r\n\r\n1.由於麻將是由人工排列放進盒內的，收到貨之後請立即檢查是否有短缺情形，並向我們連繫反應，如因此造成財務、物品上的損失，本公司不負擔任何責任。\r\n\r\n【鑑賞期規範】 \r\n\r\n本商城購物享有15天鑑賞期，若商品因消費者個人不當使用拆卸產生人為因素造成故障、損毀、磨損、擦傷、刮傷、髒污、包裝破損不完整者，或是附配件不齊者，恕不接受退貨', '1', 1, 0, 1690, '2024-06-03', '2024-06-06', '2024-06-03', NULL, '018.jpg'),
(19, '麻將組 尊品竹絲 34mm 牙白色 275', '東方不敗麻將組 尊品竹絲 34mm 牙白色 275\r\n\r\n\r\n商品名稱：尊品竹絲麻將\r\n顏色：牙白色\r\n大小：34mm\r\n材質 : 尿素\r\n附贈：搬風、骰子\r\n編號：275\r\n\r\n\r\n\r\n注意事項：\r\n\r\n1.由於麻將/象棋/筒子，是由人工排列放進盒內，收到貨之後請立即檢查麻將牌列是否正確，以及是否有短缺情形，輕微污漬可先嘗試使用酒精或是去漬油稍作清潔，若有發現多、少顆或配件短缺破損，請立即連繫賣家，若造成任何財物損失，本司皆無責任~\r\n\r\n\r\n【鑑賞期規範】 \r\n\r\n本商城購物享有15天鑑賞期，若商品因消費者個人不當使用拆卸產生人為因素造成故障、損毀、磨損、擦傷、刮傷、髒污、包裝破損不完整者，或是附配件不齊者，恕不接受退貨', '1', 1, 24, 1790, '2024-06-03', NULL, '2024-06-03', NULL, '019.jpg'),
(20, '麻將組 276方玉竹皮-34mm(透白)', '編 號 : 276\r\n顏 色 : 透白\r\n規 格: 34mm\r\n材 質 : 尿素\r\n\r\n【鑑賞期規範】 \r\n本商城購物享有15天鑑賞期，若商品因消費者個人不當使用拆卸產生人為因素造成故障、損毀、磨損、擦傷、刮傷、髒污、包裝破損不完整者，或是附配件不齊者，恕不接受退貨\r\n\r\n*店家保留訂單接受與否權力，不便之處敬請見諒。', '1', 1, 28, 1590, '2024-06-03', NULL, '2024-06-03', NULL, '020.webp'),
(21, '麻將 33MM麻將組 333', '東方不敗麻將 33MM麻將組 竹絲綠色 尿素材質/附贈搬風與骰子\r\n\r\n\r\n編 號 :333\r\n顏 色 : 綠\r\n規 格 : 33mm\r\n材 質 : 尿素\r\n\r\n\r\n注意事項：\r\n\r\n1.由於麻將是由人工排列放進盒內的，收到貨之後請立即檢查是否有短缺情形，並向我們連繫反應，如因此造成財務、物品上的損失，本公司不負擔任何責任。\r\n\r\n\r\n【鑑賞期規範】 \r\n\r\n本商城購物享有15天鑑賞期，若商品因消費者個人不當使用拆卸產生人為因素造成故障、損毀、磨損、擦傷、刮傷、髒污、包裝破損不完整者，或是附配件不齊者，恕不接受退貨', '1', 1, 30, 1290, '2024-06-03', NULL, '2024-06-03', NULL, '021.jpg'),
(22, '麻將組 999精選系列 竹絲麻將-34MM', '編 號 : 999\r\n顏 色 : 綠規\r\n規 格: 34mm\r\n材 質 : 尿素\r\n\r\n\r\n【鑑賞期規範】 \r\n本商城購物享有15天鑑賞期，若商品因消費者個人不當使用拆卸產生人為因素造成故障、損毀、磨損、擦傷、刮傷、髒污、包裝破損不完整者，或是附配件不齊者，恕不接受退貨\r\n\r\n*店家保留訂單接受與否權力，不便之處敬請見諒。', '1', 1, 50, 999, '2024-06-03', NULL, '2024-06-03', NULL, '022.webp'),
(23, '凱蒂貓 旅行麻將 迷你麻將 ', '品牌：東方不敗\r\n品名：凱蒂貓旅行麻將組\r\n內容物：手提收納盒x1、迷你麻將一副、專用牌尺x4、空白麻將x2、骰子x1、搬風x1\r\n麻將大小：約寬1.4、深1.1、高2 公分\r\n重量：單顆約4g、整副含盒裝約942g\r\n\r\n\r\n\r\n注意事項：\r\n\r\n1.由於麻將是由人工排列放進盒內的，收到貨之後請立即檢查是否有短缺情形，並向我們連繫反應，如因此造成財務、\r\n\r\n   物品上的損失，本公司不負擔任何責任。\r\n\r\n\r\n\r\n【統一發票】\r\n\r\n由蝦皮代開發票，若有發票問題請致電客服專線02-6636-6559\r\n\r\n\r\n\r\n【鑑賞期規範】 \r\n\r\n本商城購物享有15天鑑賞期，若商品因消費者個人不當使用拆卸產生人為因素造成故障、損毀、磨損、擦傷、刮傷、髒污、包裝破損不完整者，或是附配件不齊者，恕不接受退貨', '1', 1, 13, 699, '2024-06-03', NULL, '2024-06-03', NULL, '023.webp'),
(24, '2023-Hello Kitty極簡主義', '✦東方不敗 x Hello Kitty2023年最新款授權麻將✦\n灰款極簡主義手打麻將！\n適合外出打麻將旅行組、麻將送禮\n凱蒂貓麻將讓人愛不釋手！\n\n\n\n注意事項：\n\n1.由於麻將/象棋/筒子，是由人工排列放進盒內，收到貨之後請立即檢查麻將牌列是否正確，以及是否有短缺情形，輕微污漬可先嘗試使用酒精或是去漬油稍作清潔，若有發現多、少顆或配件短缺破損，請立即連繫賣家，若造成任何財物損失，本司皆無責任~\n\n2.247是電動桌專用的麻將，當然也可以手打，不過就沒有附贈方向環(搬風)跟骰子，有需要的可以購~\n\n\n\n【統一發票】\n\n由蝦皮代開發票，若有發票問題請致電客服專線02-6636-6559\n\n\n\n【鑑賞期規範】 \n\n本商城購物享有15天鑑賞期，若商品因消費者個人不當使用拆卸產生人為因素造成故障、損毀、磨損、擦傷、刮傷、髒污、包裝破損不完整者，或是附配件不齊者，恕不接受退貨\n\n商品評價', '1', 1, 15, 1500, '2024-06-03', NULL, '2024-06-03', NULL, '024.webp'),
(25, '蛋黃哥懶得打麻將組', '✦東方不敗 x 蛋黃哥懶得打麻將組麻將✦\r\n超可愛蛋黃哥麻將\r\n卡通風格麻將，麻將送禮超體面\r\n\r\n內容物：手提收納盒x1、迷你麻將一副、專用牌尺x4、空白麻將x2、骰子x1、搬風x1\r\n\r\n注意事項：\r\n\r\n1.由於麻將是由人工排列放進盒內的，收到貨之後請立即檢查是否有短缺情形，並向我們連繫反應，如因此造成財務、\r\n\r\n   物品上的損失，本公司不負擔任何責任。\r\n\r\n\r\n\r\n【統一發票】\r\n\r\n由蝦皮代開發票，若有發票問題請致電客服專線02-6636-6559\r\n\r\n\r\n\r\n【鑑賞期規範】 \r\n\r\n本商城購物享有15天鑑賞期，若商品因消費者個人不當使用拆卸產生人為因素造成故障、損毀、磨損、擦傷、刮傷、髒污、包裝破損不完整者，或是附配件不齊者，恕不接受退貨', '1', 1, 18, 2200, '2024-06-03', NULL, '2024-06-03', NULL, '025.webp'),
(26, '2020 Hello Kitty繁花似雨麻將組', '品牌：東方不敗\r\n\r\n品名：2020 Hello Kitty繁花似雨麻將組\r\n\r\n內容物：手提收納盒x1、迷你麻將一副、專用牌尺x4、空白麻將x2、骰子x1、搬風x1\r\n\r\n麻將大小：約寬1.4、深1.1、高2 公分\r\n\r\n重量：單顆約4g、整副含盒裝約942g\r\n\r\n\r\n\r\n注意事項：\r\n\r\n1.由於麻將是由人工排列放進盒內的，收到貨之後請立即檢查是否有短缺情形，並向我們連繫反應，如因此造成財務、物品上的損失，本公司不負擔任何責任。\r\n\r\n\r\n\r\n【鑑賞期規範】 \r\n\r\n本商城購物享有15天鑑賞期，若商品因消費者個人不當使用拆卸產生人為因素造成故障、損毀、磨損、擦傷、刮傷、髒污、包裝破損不完整者，或是附配件不齊者，恕不接受退貨', '1', 1, 9, 2800, '2024-06-03', NULL, '2024-06-03', NULL, '026.webp'),
(27, 'Duncan麻將套裝組-34mm', '✦東方不敗 x Duncan麻將套裝組麻將✦\r\n34mm麻將\r\n風格麻將，麻將送禮超體面\r\n\r\n內容物：手提收納盒x1、迷你麻將一副、專用牌尺x4、空白麻將x2、骰子x3、搬風x1、籌碼一盒', '1', 1, 12, 2980, '2024-06-03', NULL, '2024-06-03', NULL, '027.webp'),
(28, 'Duncan麻將套裝組-電動桌兩用款36mm', '✦東方不敗 x Duncan麻將套裝組麻將✦\r\n電動桌兩用款36mm麻將\r\n風格麻將，麻將送禮超體面\r\n\r\n內容物：手提收納盒x1、迷你麻將一副、專用牌尺x4、空白麻將x2、骰子x3、搬風x1、籌碼一盒', '1', 1, 14, 3080, '2024-06-03', NULL, '2024-06-03', NULL, '028.webp'),
(29, '好想兔麻將組34mm', '✦東方不敗 x 好想兔麻將組授權麻將✦\r\n34mm麻將\r\n粉色風格麻將，超可愛麻將組\r\n麻將送禮超體面\r\n\r\n內容物：手提收納盒x1、迷你麻將一副、專用牌尺x4、空白麻將x2、骰子x3、搬風x1', '1', 1, 0, 3480, '2024-06-03', '2024-06-06', '2024-06-03', NULL, '029.jpg'),
(30, 'Hello Kitty 36mm 粉/紫 電動麻將桌專用', '各就各位🤟🤟電動版的Hello Kitty終於啦~~~🤣\r\n\r\n看得到又買得到，100%現貨供應中！\r\n\r\n手動再升級！👏\r\n\r\n這一款「電動麻將桌」/「手打麻將桌」都適用\r\n\r\n趕快下訂讓我們加速將Kitty送到你面前~\r\n\r\n\r\n\r\n顏 色 : 粉、紫\r\n\r\n規 格 : 36mm\r\n\r\n材 質 : 尿素\r\n\r\n大小：寬2.5 高3.6 深1.9 CM\r\n\r\n單顆重量：約29G\r\n\r\n總重量(不含包裝)：約4.2公斤\r\n\r\n內容物：凱蒂貓麻將一副、專用收納袋一個\r\n\r\n\r\n\r\n注意事項：\r\n\r\n1.由於麻將/象棋/筒子，是由人工排列放進盒內，收到貨之後請立即檢查麻將牌列是否正確，以及是否有短缺情形，輕微污漬可先嘗試使用酒精或是去漬油稍作清潔，若有發現多、少顆或配件短缺破損，請立即連繫賣家，若造成任何財物損失，本司皆無責任~\r\n\r\n\r\n\r\n【鑑賞期規範】 \r\n\r\n本商城購物享有15天鑑賞期，若商品因消費者個人不當使用拆卸產生人為因素造成故障、損毀、磨損、擦傷、刮傷、髒污、包裝破損不完整者，或是附配件不齊者，恕不接受退貨', '1', 1, 20, 2800, '2024-06-03', NULL, '2024-06-03', NULL, '030.jpg'),
(31, '麻將 電動麻將桌專用 (竹絲版) 36mm', 'NO:247 台灣竹絲版 手打/電動兩用麻將(附專用收納袋)\r\n\r\n雖然是電動麻將桌專用牌，但拿來一般手打也相當不賴，可當作34mm的來用，因為寬度是一樣、247只有高度比較高一點點，所以打起來手感是差不多的；不同的是247有獨家模具加厚不倒設計、精工拋光，好打又美觀，讓大家打牌都保持好心情~\r\n\r\n\r\n\r\n顏 色 : 綠、蘋、藍、紫、紅、粉、青、黃、灰、牙、奶茶、黑\r\n\r\n規 格 : 36mm\r\n\r\n材 質 : 尿素-竹絲\r\n\r\n贈品：收納袋\r\n\r\n(因為是電動桌專用的，所以除了蘋果綠以外的沒有附收納盒。)\r\n\r\n\r\n\r\n電動麻將桌專用36mm麻將牌(正磁)\r\n\r\n• 標準台灣字體加深\r\n\r\n• 獨家模具加厚不倒設計\r\n\r\n• 銷售單位: 每副\r\n\r\n• 單顆重量：約30g +-2\r\n\r\n• 整副重量：約4240g\r\n\r\n• 單顆大小：寬2.5 高3.6 深1.9 CM\r\n\r\n\r\n\r\n注意事項：\r\n\r\n1.由於麻將/象棋/筒子，是由人工排列放進盒內，收到貨之後請立即檢查麻將牌列是否正確，以及是否有短缺情形，輕微污漬可先嘗試使用酒精或是去漬油稍作清潔，若有發現多、少顆或配件短缺破損，請立即連繫賣家，若造成任何財物損失，本司皆無責任~\r\n\r\n2.247是電動桌專用的麻將，當然也可以手打，不過就沒有附贈方向環(搬風)跟骰子，有需要的可以購~\r\n\r\n\r\n\r\n【統一發票】\r\n\r\n由蝦皮代開發票，若有發票問題請致電客服專線02-6636-6559\r\n\r\n\r\n\r\n【鑑賞期規範】 \r\n\r\n本商城購物享有15天鑑賞期，若商品因消費者個人不當使用拆卸產生人為因素造成故障、損毀、磨損、擦傷、刮傷、髒污、包裝破損不完整者，或是附配件不齊者，恕不接受退貨。\r\n\r\n', '1', 1, 0, 2200, '2024-06-03', '2024-06-06', '2024-06-03', NULL, '031.jpg'),
(32, '電動麻將桌專用牌-美式版 36MM 274', '東方不敗 電動麻將桌專用牌-美式版 36MM\r\n\r\n顏 色 : 青、綠\r\n規 格 : 36mm\r\n\r\n【鑑賞期規範】 \r\n\r\n本商城購物享有15天鑑賞期，若商品因消費者個人不當使用拆卸產生人為因素造成故障、損毀、磨損、擦傷、刮傷、髒污、包裝破損不完整者，或是附配件不齊者，恕不接受退貨', '1', 1, 20, 2200, '2024-06-03', NULL, '2024-06-03', NULL, '032.webp'),
(33, '電動麻將桌專用牌 (文青版)', '電動麻將桌專用牌 (文青版) 無收納盒/送收納袋\r\n\r\n電動麻將桌專用配件\r\n\r\n\r\n\r\n• 電動麻將桌專用36mm麻將牌(正磁)\r\n\r\n• 獨家模具加厚不倒設計\r\n\r\n• 銷售單位： 每副\r\n\r\n• 單顆重量：約30g +-2\r\n\r\n• 整副重量：約4240g\r\n\r\n• 單顆大小：寬2.5 高3.6 深1.9 CM\r\n\r\n• 顏 色 : 青、灰\r\n\r\n• 運 送 : 免運費\r\n\r\n\r\n\r\n\r\n\r\n注意事項：\r\n\r\n1.由於麻將是由人工排列放進盒內的，收到貨之後請立即檢查是否有短缺情形，並向我們連繫反應，如因此造成財務、\r\n\r\n   物品上的損失，本公司不負擔任何責任。\r\n\r\n\r\n\r\n【統一發票】\r\n\r\n由蝦皮代開發票，若有發票問題請致電客服專線02-6636-6559\r\n\r\n\r\n\r\n【鑑賞期規範】 \r\n\r\n本商城購物享有15天鑑賞期，若商品因消費者個人不當使用拆卸產生人為因素造成故障、損毀、磨損、擦傷、刮傷、髒污、包裝破損不完整者，或是附配件不齊者，恕不接受退貨', '1', 1, 25, 2500, '2024-06-03', NULL, '2024-06-03', NULL, '033.jpg'),
(34, '電動麻將桌專用牌-東方不敗LOGO版', '電動麻將桌專用牌-東方不敗LOGO版(無收納盒/附收納袋)\r\n\r\n• 電動麻將桌專用36mm麻將牌(正磁)\r\n\r\n• 標準台灣字體加深\r\n\r\n• 獨家模具加厚不倒設計\r\n\r\n• 銷售單位: 每副\r\n\r\n• 單顆重量：約30g +-2\r\n\r\n• 整副重量：約4240g\r\n\r\n• 單顆大小：寬2.5 高3.6 深1.9 CM\r\n\r\n\r\n\r\n注意事項：\r\n\r\n1.由於麻將/象棋/筒子，是由人工排列放進盒內，收到貨之後請立即檢查麻將牌列是否正確，以及是否有短缺情形，輕微污漬可先嘗試使用酒精或是去漬油稍作清潔，若有發現多、少顆或配件短缺破損，請立即連繫賣家，若造成任何財物損失，本司皆無責任~\r\n\r\n\r\n\r\n【統一發票】\r\n\r\n由蝦皮代開發票，若有發票問題請致電客服專線02-6636-6559\r\n\r\n\r\n\r\n【鑑賞期規範】 \r\n\r\n本商城購物享有15天鑑賞期，若商品因消費者個人不當使用拆卸產生人為因素造成故障、損毀、磨損、擦傷、刮傷、髒污、包裝破損不完整者，或是附配件不齊者，恕不接受退貨\r\n\r\n', '1', 1, 24, 2200, '2024-06-03', NULL, '2024-06-03', NULL, '034.jpg'),
(35, '電動麻將桌專用牌-日本版', '東方不敗電動麻將桌專用牌-日本版\r\n\r\n顏 色 : 藍、黃\r\n\r\n【鑑賞期規範】 \r\n\r\n本商城購物享有15天鑑賞期，若商品因消費者個人不當使用拆卸產生人為因素造成故障、損毀、磨損、擦傷、刮傷、髒污、包裝破損不完整者，或是附配件不齊者，恕不接受退貨', '1', 1, 20, 3000, '2024-06-03', NULL, '2024-06-03', NULL, '035.webp'),
(36, '極光牌尺系列 34mm 1黑3銀', '極光牌尺系列 34mm\r\n\r\n顏 色 :1黑3銀\r\n\r\n規 格 : 46.5CM\r\n\r\n材 質 : 塑膠\r\n\r\nNT$220\r\n\r\n\r\n\r\n\r\n\r\n【統一發票】\r\n\r\n由蝦皮代開發票，若有發票問題請致電客服專線02-6636-6559\r\n\r\n\r\n\r\n【鑑賞期規範】 \r\n\r\n本商城購物享有15天鑑賞期，若商品因消費者個人不當使用拆卸產生人為因素造成故障、損毀、磨損、擦傷、刮傷、髒污、包裝破損不完整者，或是附配件不齊者，恕不接受退貨', '1', 2, 29, 220, '2024-06-03', NULL, '2024-06-03', NULL, '036.jpg'),
(37, '極光牌尺系列 34mm 1黑3白', '極光牌尺系列 34mm\r\n\r\n顏 色 :1黑3白\r\n\r\n規 格 : 46.5CM\r\n\r\n材 質 : 塑膠\r\n\r\nNT$220\r\n\r\n\r\n\r\n\r\n【鑑賞期規範】 \r\n\r\n本商城購物享有15天鑑賞期，若商品因消費者個人不當使用拆卸產生人為因素造成故障、損毀、磨損、擦傷、刮傷、髒污、包裝破損不完整者，或是附配件不齊者，恕不接受退貨', '1', 2, 17, 220, '2024-06-03', NULL, '2024-06-03', NULL, '037.jpg'),
(38, '極光牌尺系列 34mm 1銀3黑', '極光牌尺系列 34mm\r\n\r\n顏 色 : 1銀3黑\r\n\r\n規 格 : 46.5CM\r\n\r\n材 質 : 塑膠\r\n\r\n\r\n\r\n注意：\r\n\r\n1.因為是壓克力/塑膠材質，在包裝或是運送中難免表面產生細微刮痕，但不影響使用喔~\r\n\r\n2.側邊會有細微痕跡，也不影響使用。\r\n\r\n\r\n\r\n【配送須知】\r\n\r\n如需配送外島或特殊地區，請先聊聊詢問\r\n\r\n\r\n【鑑賞期規範】 \r\n\r\n本商城購物享有15天鑑賞期，若商品因消費者個人不當使用拆卸產生人為因素造成故障、損毀、磨損、擦傷、刮傷、髒污、包裝破損不完整者，或是附配件不齊者，恕不接受退貨\r\n\r\n\r\n\r\n*店家保留訂單接受與否權力，不便之處敬請見諒。', '1', 2, 14, 220, '2024-06-03', NULL, '2024-06-03', NULL, '038.jpg'),
(39, '極光牌尺系列 34mm 1銀3白', '顏 色 : 1銀3白\r\n\r\n規 格 : 46.5CM\r\n\r\n材 質 : 塑膠\r\n\r\nNT$220\r\n\r\n\r\n【鑑賞期規範】 \r\n\r\n本商城購物享有15天鑑賞期，若商品因消費者個人不當使用拆卸產生人為因素造成故障、損毀、磨損、擦傷、刮傷、髒污、包裝破損不完整者，或是附配件不齊者，恕不接受退貨', '1', 2, 14, 220, '2024-06-03', NULL, '2024-06-03', NULL, '039.jpg'),
(40, '極光牌尺系列 34mm 1白3黑', '極光牌尺系列 34mm\r\n\r\n顏 色 :1白3黑\r\n\r\n規 格 : 46.5CM\r\n\r\n材 質 : 塑膠\r\n\r\nNT$220\r\n\r\n\r\n\r\n【鑑賞期規範】 \r\n\r\n本商城購物享有15天鑑賞期，若商品因消費者個人不當使用拆卸產生人為因素造成故障、損毀、磨損、擦傷、刮傷、髒污、包裝破損不完整者，或是附配件不齊者，恕不接受退貨', '1', 2, 10, 220, '2024-06-03', NULL, '2024-06-03', NULL, '040.jpg'),
(41, '踏雪尋梅壓克力牌尺', '踏雪尋梅壓克力牌尺\r\n\r\n顏 色 : 一白三黑\r\n\r\n規 格 : 46.5CM\r\n\r\n材 質 : 壓克力\r\n\r\n\r\n\r\n本產品為水轉印工藝 , 表面紋路每一支都不一樣 , 圖片僅供參考\r\n\r\n\r\n\r\n\r\n【鑑賞期規範】 \r\n\r\n本商城購物享有15天鑑賞期，若商品因消費者個人不當使用拆卸產生人為因素造成故障、損毀、磨損、擦傷、刮傷、髒污、包裝破損不完整者，或是附配件不齊者，恕不接受退貨\r\n\r\n\r\n\r\n【鑑賞期規範】 \r\n\r\n本商城購物享有15天鑑賞期，若商品因消費者個人不當使用拆卸產生人為因素造成故障、損毀、磨損、擦傷、刮傷、髒污、包裝破損不完整者，或是附配件不齊者，恕不接受退貨', '1', 2, 10, 750, '2024-06-03', NULL, '2024-06-03', NULL, '041.jpg'),
(42, '潑墨山水壓克力牌尺', '潑墨山水壓克力牌尺\r\n\r\n顏 色 : 一黑三白\r\n\r\n規 格 : 46.5CM\r\n\r\n材 質 : 壓克力\r\n\r\n\r\n\r\n注意：\r\n\r\n本產品為水轉印工藝 , 表面紋路每一支都不一樣 , 圖片僅供參考。\r\n\r\n因為是材質關係，在包裝或是運送中難免表面產生細微刮痕，但不影響使用喔~\r\n\r\n', '1', 2, 0, 750, '2024-06-03', '2024-06-06', '2024-06-03', NULL, '042.jpg'),
(43, '南美花梨木壓克力牌尺', '✦東方不敗x南美花梨木壓克力麻將牌尺✦\r\n\r\n牌尺顏色一深三淺\r\n\r\n採水轉印工藝，牌尺紋路獨一無二\r\n\r\n顏 色 : 一深三淺\r\n\r\n規 格 : 46.5CM\r\n\r\n材 質 : 壓克力\r\n\r\n牌尺售價750\r\n\r\n\r\n\r\n注意：\r\n\r\n本產品為水轉印工藝 , 表面紋路每一支都不一樣 , 圖片僅供參考。\r\n\r\n因為是材質關係，在包裝或是運送中難免表面產生細微刮痕，但不影響使用喔~\r\n\r\n\r\n\r\n【鑑賞期規範】 \r\n\r\n本商城購物享有15天鑑賞期，若商品因消費者個人不當使用拆卸產生人為因素造成故障、損毀、磨損、擦傷、刮傷、髒污、包裝破損不完整者，或是附配件不齊者，恕不接受退貨', '1', 2, 13, 750, '2024-06-03', NULL, '2024-06-03', NULL, '043.jpg'),
(44, 'Xctrl聯名牌尺_金運加身不倒翁', '東方不敗 × Xctrl聯名牌尺_金運加身不倒翁\r\n\r\n顏色：一黑三白\r\n\r\n規格：46.5x3x0.5 \r\n\r\n材質：耐衝擊材質\r\n\r\n\r\n\r\n【統一發票】\r\n\r\n由蝦皮代開發票，若有發票問題請致電客服專線02-6636-6559\r\n\r\n\r\n\r\n【鑑賞期規範】 \r\n\r\n本商城購物享有15天鑑賞期，若商品因消費者個人不當使用拆卸產生人為因素造成故障、損毀、磨損、擦傷、刮傷、髒污、包裝破損不完整者，或是附配件不齊者，恕不接受退貨', '1', 2, 39, 250, '2024-06-03', NULL, '2024-06-03', NULL, '044.jpg'),
(45, '34mm輸不起牌尺 ', '輸不起牌尺『明星代言聯名款』\r\n\r\n材質：塑膠耐衝擊材質\r\n\r\n尺寸：34mm / 長46.5 寬3 厚0.5 公分\r\n\r\n每組數量：4支一組\r\n\r\n\r\n\r\n注意：\r\n\r\n1.因為是壓克力/塑膠材質，在包裝或是運送中難免表面產生細微刮痕，但不影響使用喔~\r\n\r\n2.側邊會有細微痕跡，也不影響使用。\r\n\r\n\r\n\r\n【配送須知】\r\n\r\n如需配送外島或特殊地區，請先聊聊詢問\r\n\r\n\r\n\r\n【統一發票】\r\n\r\n由蝦皮代開發票，若有發票問題請致電客服專線02-6636-6559\r\n\r\n\r\n\r\n【鑑賞期規範】 \r\n\r\n本商城購物享有15天鑑賞期，若商品因消費者個人不當使用拆卸產生人為因素造成故障、損毀、磨損、擦傷、刮傷、髒污、包裝破損不完整者，或是附配件不齊者，恕不接受退貨\r\n\r\n\r\n\r\n*店家保留訂單接受與否權力，不便之處敬請見諒。', '1', 2, 82, 250, '2024-06-03', NULL, '2024-06-03', NULL, '045.jpg'),
(46, 'Xctrl聯名牌尺_染井吉野櫻花粉 34mm/46.5公分', '東方不敗 × Xctrl聯名牌尺_染井吉野櫻花粉\r\n\r\n顏 色 : 一白三粉 \r\n\r\n規 格 : 46.5x3x0.5\r\n\r\n材 質 : 耐衝擊材質\r\n\r\n適用：34mm手打麻將、東方36mm電動桌專用麻將\r\n\r\n注意：因為是塑膠耐衝擊材質，在包裝或是運送中難免表面產生細微刮痕，但不影響使用喔~\r\n\r\n\r\n\r\n\r\n【鑑賞期規範】 \r\n\r\n本商城購物享有15天鑑賞期，若商品因消費者個人不當使用拆卸產生人為因素造成故障、損毀、磨損、擦傷、刮傷、髒污、包裝破損不完整者，或是附配件不齊者，恕不接受退貨', '1', 2, 19, 250, '2024-06-03', NULL, '2024-06-03', NULL, '046.jpg'),
(47, '極致黑金Kitty牌尺', '東方不敗麻將牌尺推薦\r\nHelloKitty凱蒂貓黑金牌尺\r\n最愛凱蒂貓的質感麻將尺\r\n\r\n規格 : 46.5x3x0.5\r\n材質：耐衝擊材質', '1', 2, 20, 300, '2024-06-03', NULL, '2024-06-03', NULL, '047.webp'),
(48, '壓克力牌尺 34 mm-logo版', '東方不敗 手工雙色排尺 34mm 46.5cm 紅色/黃色\r\n\r\n\r\n\r\n品牌：東方不敗\r\n\r\n品名：手工雙色排尺\r\n\r\n尺寸：34mm(46.5cm)\r\n\r\n顏色: 顏色: 黃、紅、藍\r\n\r\n\r\n注意：\r\n\r\n因為是壓克力材質，在包裝或是運送中難免表面產生細微刮痕，但不影響使用喔~\r\n\r\n\r\n\r\n【鑑賞期規範】 \r\n\r\n本商城購物享有15天鑑賞期，若商品因消費者個人不當使用拆卸產生人為因素造成故障、損毀、磨損、擦傷、刮傷、髒污、包裝破損不完整者，或是附配件不齊者，恕不接受退貨', '1', 2, 8, 250, '2024-06-03', NULL, '2024-06-03', NULL, '048.jpg'),
(49, '壓克力牌尺 34 mm', '顏色: 宇宙星、紅蘋果、藍太楊、黃太楊\r\n規 格 :  34 mm\r\n材 質 : 壓克力', '1', 2, 20, 260, '2024-06-03', NULL, '2024-06-03', NULL, '049.webp'),
(50, '湖水綠牌尺', '顏 色 : 一綠三灰\r\n規 格 : 45CM、46.5CM、50CM\r\n材 質 : 壓克力', '1', 2, 18, 200, '2024-06-03', NULL, '2024-06-03', NULL, '050.webp'),
(51, '檸檬黃/櫻花粉/實用塑膠牌尺', '壓克力牌尺\r\n壓克力材質、經久耐用不龜裂、不缺角、不反光\r\n顏 色 : 檸檬黃/櫻花粉/塑膠\r\n規 格 : 46.5CM(34mm)\r\n材 質 : 壓克力\r\n\r\n注意：\r\n因為是壓克力材質，在包裝或是運送中難免表面產生細微刮痕，但不影響使用喔~\r\n\r\n\r\n【鑑賞期規範】 \r\n本商城購物享有15天鑑賞期，若商品因消費者個人不當使用拆卸產生人為因素造成故障、損毀、磨損、擦傷、刮傷、髒污、包裝破損不完整者，或是附配件不齊者，恕不接受退貨', '1', 2, 34, 210, '2024-06-03', NULL, '2024-06-03', NULL, '051.jpg'),
(52, 'Xctrl聯名必勝牌尺 34m麻將專用', '東方不敗 x Xctrl聯名牌尺_必勝版 一黑三白 34m麻將專用/總長46.4CM 塑膠材質\r\n\r\n編 號 : QT-188\r\n\r\n顏 色 : 一黑三白\r\n\r\n規 格 : 46.5CM\r\n\r\n材 質 : 塑膠\r\n\r\n\r\n\r\n注意：\r\n\r\n因為是塑膠材質，在包裝或是運送中難免表面產生細微刮痕，但不影響使用喔~\r\n\r\n\r\n\r\n\r\n\r\n\r\n【鑑賞期規範】 \r\n\r\n本商城購物享有15天鑑賞期，若商品因消費者個人不當使用拆卸產生人為因素造成故障、損毀、磨損、擦傷、刮傷、髒污、包裝破損不完整者，或是附配件不齊者，恕不接受退貨', '1', 2, 82, 250, '2024-06-03', NULL, '2024-06-03', NULL, '052.jpg'),
(53, 'Xctrl聯名牌尺_諸葛亮與臭皮匠 34mm', '東方不敗 × Xctrl聯名牌尺_諸葛亮與臭皮匠\r\n\r\n顏 色 : 一黑三黃\r\n\r\n規 格 : 46.5x3x0.5\r\n\r\n材 質 : 耐衝擊材質\r\n\r\n適用：34mm手打麻將、東方36mm電動桌專用麻將\r\n\r\n\r\n\r\n注意：因為是塑膠耐衝擊材質，在包裝或是運送中難免表面產生細微刮痕，但不影響使用喔~\r\n\r\n\r\n\r\n\r\n【鑑賞期規範】 \r\n\r\n本商城購物享有15天鑑賞期，若商品因消費者個人不當使用拆卸產生人為因素造成故障、損毀、磨損、擦傷、刮傷、髒污、包裝破損不完整者，或是附配件不齊者，恕不接受退貨', '1', 2, 79, 200, '0000-00-00', NULL, '2024-06-03', NULL, '053.jpg'),
(54, '金鑽壓克力牌尺 ', '東方不敗 34MM壓克力牌尺 耐打好看 莊家金其他銀 電動桌36MM也可用\r\n\r\n\r\n\r\n品牌：東方不敗\r\n\r\n品名：34MM金鑽壓克力牌尺\r\n\r\n產地：中國大陸\r\n\r\n尺寸：手打34MM、電動36MM\r\n\r\n材質：壓克力\r\n\r\n長度：46.5公分\r\n\r\n寬：3公分\r\n\r\n厚度：0.5公分\r\n\r\n注意事項：包裝運送途中難免產生細微刮痕、不影響使用，如要換貨依賣家判定為主，請斟酌自身接受度購買。\r\n\r\n\r\n\r\n\r\n【鑑賞期規範】 \r\n\r\n本商城購物享有15天鑑賞期，若商品因消費者個人不當使用拆卸產生人為因素造成故障、損毀、磨損、擦傷、刮傷、髒污、包裝破損不完整者，或是附配件不齊者，恕不接受退貨', '1', 2, 0, 250, '2024-06-03', '2024-06-06', '2024-06-03', NULL, '054.jpg'),
(55, '筒仔專用牌尺（二入）60 cm', '筒仔專用牌尺（二入）60 cm', '1', 2, 20, 160, '2024-06-03', NULL, '2024-06-03', NULL, '055.webp'),
(56, '塑膠牌尺(顏色隨機)', '34M塑膠排尺\r\n\r\n\r\n\r\n顏 色 : 透明\r\n\r\n規 格 : 45cm\r\n\r\n材 質 : 塑膠\r\n\r\n\r\n\r\n注意：\r\n\r\n因為是塑膠材質，在包裝或是運送中難免表面產生細微刮痕，但不影響使用喔~\r\n\r\n\r\n\r\n【統一發票】\r\n\r\n由蝦皮代開發票，若有發票問題請致電客服專線02-6636-6559\r\n\r\n\r\n\r\n【鑑賞期規範】 \r\n\r\n本商城購物享有15天鑑賞期，若商品因消費者個人不當使用拆卸產生人為因素造成故障、損毀、磨損、擦傷、刮傷、髒污、包裝破損不完整者，或是附配件不齊者，恕不接受退貨', '1', 2, 28, 50, '2024-06-03', NULL, '2024-06-03', NULL, '056.jpg'),
(57, '高品質牌尺', '壓克力牌尺\r\n長度約47.5CM\r\n顏色 : 一橘三白、一綠三白、一粉三白、一黃三白、一紫三白、純白(LOGO)、霧面(LOGO) ', '2', 2, 80, 380, '2024-06-03', NULL, '2024-06-03', '2024-06-13', '057.webp'),
(58, '36牌專用壓克力高光牌尺', '壓克力牌尺\r\n\r\n耐用不易缺角龜裂、正反雙面材質(亮面、磨砂)\r\n\r\n顏 色 : 櫻花粉/海洋藍/螢光綠/4白\r\n\r\n規 格 : 465mm/30mm/5mm\r\n\r\n材 質 : 壓克力\r\n\r\n\r\n\r\n＊因壓克力材質，在包裝或運送中難免產生表面細微刮痕，此為正常情況，不影響使用。 ', '11', 2, 0, 300, '2024-06-03', '2024-06-13', '2024-06-03', '2024-06-13', '058.jpg'),
(60, ' Xctrl聯名牌尺 千萬兩黃金在手', '東方不敗 × Xctrl聯名牌尺_千萬兩黃金在手\r\n\r\n顏 色 : 一黑三黃\r\n\r\n規 格 : 46.5x3x0.5\r\n\r\n材 質 : 耐衝擊材質\r\n\r\n適用：34mm手打麻將、東方36mm電動桌專用麻將\r\n\r\n\r\n\r\n注意：因為是塑膠耐衝擊材質，在包裝或是運送中難免表面產生細微刮痕，但不影響使用喔~', '1', 2, 0, 200, '2024-06-03', '2024-06-06', '2024-06-03', NULL, '060.jpg'),
(66, '磁浮列車二代-超薄餐桌-MODO-S系列', '磁浮列車二代-超薄折疊-MODO-S系列【奶茶色桌布】  ✦(二代骰盤升級)LED燈靜音液晶四模式設定 ✦大桌面小機身設計，遊戲空間大，又不佔居家空間 ✦USB快速充電(須手機本身配置快充功能) ✦熱風烘乾除濕 ✦磁浮列車式出牌設計，升牌不卡物 ✦最新無聲機設計洗牌、上牌靜悄悄 ✦超薄機身設計腿部空間更舒適 ✦雙層隔音罩 ✦紫外線殺菌', '1', 3, 20, 31800, '2024-06-03', NULL, '2024-06-03', NULL, '066.webp'),
(67, '雲霄飛車四代-餐桌款-MODO-X系列', '雲霄飛車四代-餐桌款-MODO-X系列\r\n\r\n顏色: 中式木紋、松木紋、安格拉灰\r\n\r\n✦大桌面小機身設計，遊戲空間大，又不佔居家空間\r\n✦LED燈壓框，觸碰開關三段亮度調整\r\n✦快速充電,充電效能快4倍(須手機本身配置快充功能)\r\n✦升牌位置集中向前，完美斜度免推牌\r\n✦雲霄飛車式出牌設計，升牌不卡物\r\n✦最新無聲機設計洗牌、上牌靜悄悄\r\n✦計圈雙模式設定，免用方向環\r\n✦超薄機身設計腿部空間更舒適\r\n✦雙層隔音罩落牌超靜音\r\n✦骰盤防潑水設計 \r\n✦熱風除濕烘乾\r\n✦紫外線殺菌\r\n\r\n獨家四液晶螢幕設計，圈數、風位、連莊次數一目了然\r\n計圈雙模式設定，免用方向環\r\n大桌面小機身設計，遊戲空間大，又不佔居家空間\r\n\r\n\r\n\r\n產品資料\r\n產品名稱 磁浮列車二代-超薄餐桌款\r\n商品主機 50公斤\r\n整機組裝 68公斤\r\n商品尺寸 長97cm 寬97cm 高78cm\r\n材質成分 鐵/塑料\r\n電壓/頻率 110V/60HZ\r\n消耗功率 約180W\r\n\r\n產品隨機附贈\r\n產品贈品配件之款式顏色佔片會有些色差，以公司實際出貨為主\r\n台灣字版36MM電動麻將桌專用麻將牌二副\r\n耐摔壓克力系列排尺(不挑款)\r\n東方不敗電動麻將桌專用籌碼80P\r\n摔不壞方向環\r\n專用桌面清潔刷\r\n杯架(不挑色/一組4個)或銘緩茶几(美拉德/一組一配贈]\r\n\r\n', '1', 3, 10, 41800, '2024-06-03', NULL, '2024-06-03', NULL, '067.webp'),
(68, '樂雀台 LQ-300-T6-超薄餐桌款', '東方不敗電動麻將桌LQ-300-T6-樂雀台-超薄餐桌款\r\n\r\n✦紫外線殺菌 \r\n✦機底一體沖壓鋼板\r\n✦大桌面小機身，取牌不費力\r\n✦熱風除濕烘乾洗牌自動開啟\r\n✦無輸送帶設計，免除皮帶損耗\r\n✦二階段上牌設計，順滑不倒牌\r\n✦骰盤檔位&電源按鍵設計更便利\r\n✦ 桌腳隱藏電源線，美觀舒適不絆腳\r\n✦大桌面小機身設計，遊戲空間大，又不佔居家空間\r\n\r\n產品資料\r\n產品名稱 LQ-300-T6-餐桌款\r\n商品主機 44公斤\r\n整機組裝 62.5公斤\r\n商品尺寸 展開 長96.5cm 寬96.5cm 高78cm \r\n材質成分 鐵/塑料\r\n電壓/頻率 110V/60HZ\r\n消耗功率 約180W\r\n\r\n產品隨機附贈\r\n產品贈品配件之款式顏色佔片會有些色差，以公司實際出貨為主\r\n台灣字版36MM電動麻將桌專用麻將牌二副\r\n耐摔壓克力系列排尺(不挑款)\r\n東方不敗電動麻將桌專用籌碼80P\r\n塑料方向環\r\n專用桌面清潔刷\r\n銘緩茶几(美拉德/一組2張)', '1', 3, 29, 26800, '2024-06-03', NULL, '2024-06-03', NULL, '068.webp'),
(69, '斜行高手三代-餐桌款-智慧家PLUS系列', '東方不敗電動麻將桌推薦\r\n斜行高手三代-餐桌款-智慧家PLUS系列\r\n\r\n\\✦PLUS功能-LED燈壓框，觸碰開關三段亮度調整✦/\r\n✦雙模式設定，保留傳統模式，並增加計圈模式，免用方向環 ✦\r\n✦業界獨家四液晶螢幕設計，無論圈數、風位、連莊次數都可一目了然 ✦\r\n✦獨家20度大斜口，升牌位置集中向前✦\r\n✦快速充電、充電效能快4倍(須手機本身配置快充功能)✦\r\n✦無線充電隨放隨充超便利(須手機本身配置無線充功能)✦\r\n✦雙層隔音罩落牌超靜音✦\r\n✦骰盤防水設計✦\r\n✦紫外線殺菌✦\r\n✦熱風烘乾除溼✦\r\n\r\n產品資料\r\n產品名稱 斜行高手三代-餐桌款-智慧家園點灰PLUS\r\n商品主機 55公斤\r\n整機組裝 70公斤\r\n商品尺寸 展開 長101cm 寬101cm 高78cm \r\n材質成分 鐵/塑料\r\n電壓/頻率 110V/60HZ\r\n消耗功率 約180W\r\n\r\n產品隨機附贈\r\n產品贈品配件之款式顏色佔片會有些色差，以公司實際出貨為主\r\n台灣字版36MM電動麻將桌專用麻將牌二副\r\n耐摔壓克力系列排尺(不挑款)\r\n東方不敗電動麻將桌專用籌碼80P\r\n大方向環\r\n專用桌面清潔刷\r\n杯架(不挑色/一組4個)或銘緩茶几(美拉德/一組一配贈]', '1', 3, 0, 28800, '2024-06-03', '2024-06-06', '2024-06-03', NULL, '069.webp'),
(70, '同花順Ⓡ-餐桌款-P200愛麗絲-藍(安裝保固)', '同花順Ⓡ-P200四口機餐桌款\r\n\r\n✦電動麻將桌-同花順P200愛麗絲藍✦\r\n✦四邊USB孔✦\r\n✦限量機款，現金特價機✦\r\n✦外框不挑款，隨機出貨✦\r\n✦同花順專用骰盤✦\r\n✦液晶螢幕顯示面板✦\r\n\r\n產品資料\r\n產品名稱 同花順Ⓡ-P200四口機餐桌款\r\n商品\r\n整機組裝 77公斤\r\n商品尺寸 展開 長101cm 寬101cm 高78cm \r\n材質成分 鐵/塑料\r\n電壓/頻率 110V/60HZ\r\n消耗功率 約180W\r\n\r\n產品隨機附贈\r\n產品贈品配件之款式顏色佔片會有些色差，以公司實際出貨為主\r\n台灣字版36MM電動麻將桌專用麻將牌二副\r\n耐摔壓克力系列排尺(不挑款)\r\n摔不壞方向環\r\n實用茶几二張', '1', 3, 24, 17900, '2024-06-03', NULL, '2024-06-03', NULL, '070.webp'),
(71, '麻雀旅人', '東方不敗電動麻將桌-麻雀旅人\r\n旅行電動麻將桌，享受快樂不受限\r\n✦露營必備，全場焦點✦\r\n✦迷你機身精巧設計輕鬆拆卸✦\r\n✦旅行箱收納隨走隨玩✦\r\n✦鋁合金材質髮絲紋路質感優✦\r\n✦竹質麻將收納盒一體收納不佔空間✦\r\n\r\n提供喜歡露營的你，最專業的電動麻將桌選擇\r\n提供34MM麻將機專規麻將牌二副\r\n\r\n產品資料\r\n產品名稱 麻雀旅人\r\n整機組裝 56公斤\r\n商品尺寸 \r\n展開 長76cm 寬76cm 高76.5cm\r\n收納 高89cm 寬85cm 厚25cm\r\n材質成分 鐵/塑料/鋁合金\r\n電壓/頻率 110V/60HZ\r\n消耗功率 約180W\r\n\r\n產品隨機附贈\r\n產品贈品配件之款式顏色佔片會有些色差，以公司實際出貨為主\r\n台灣字版36MM電動麻將桌專用麻將牌二副\r\n耐摔壓克力系列排尺(45CM)\r\n東方不敗電動麻將桌專用籌碼80P\r\n摔不壞方向環\r\n專用桌面清潔刷', '1', 3, 10, 40000, '2024-06-03', NULL, '2024-06-03', NULL, '071.webp'),
(72, '瑪他他亥 Maatatahay', '瑪他他亥是一款雙人策略遊戲。你將扮演巴浪Balan或瓦束Wazu的首領，透過計算、謀略與佈局讓你的戰士在詭譎多變的戰場情勢中儘可能地存活。你可以透過地形加成、戰士間的支援、或蒐集力量水晶來強化戰士生存力，同時威脅你的對手；透過包圍敵人來擊敗對手同時保護同伴來獲取分數將是取分的關鍵。', '15', 5, 20, 1360, '2024-06-06', NULL, '2024-06-06', NULL, '11.jpg'),
(73, '搶頭香', '✅【宮廟主題】簡單易學設計概念，在桌上重現經典搶頭香情境\r\n\r\n✅【秘密部署】縝密思考派遣家人，幫助你從混亂局勢脫穎而出\r\n\r\n✅【耐玩多變】角色×香爐，多樣能力互相攻擊每次都是不同結局\r\n\r\n \r\n\r\n不論新手老手，都能帶給你身歷其境的遊戲體驗～\r\n\r\n畫風精美的人物、香爐造型～\r\n\r\n視覺與機制融合，\r\n\r\n讓你在家也能舒舒服服爭奪屬於你的好運！ ', '15', 5, 20, 800, '2024-06-02', NULL, '2024-06-02', '2024-06-06', '22.jpg'),
(74, '台灣夜市 Taiwan Night Market 集資版', '《台灣夜市》於2022年11月在嘖嘖平台集資達標，為了讓集資版有更高的收藏價值，GG工作室與TBD攜手合作，前往Kickstarter進行海外集資，除了順利達標之外，也解鎖了Night Market Booster擴充和貓老闆競標米寶，讓遊戲有更高的策略變化性和收藏價值！\r\n\r\n錯過嘖嘖和Kickstarter集資的朋友，趕快把握最後機會，在遊戲絕版前入手集資版的《台灣夜市》吧！ ', '15', 5, 20, 1500, '2024-06-02', NULL, '2024-06-02', '2024-06-06', 'aa.jpg'),
(75, '小農夫 Vegetable Stock', '熱銷破萬套的《小農夫》以全新面貌再版！精簡的規則、市場波動的巧妙機制，以及面對蔬菜價格崩盤前腎上激素飆升的快感，這款桌遊絕對是你隨身攜帶推坑親友的最佳選擇！ ', '15', 5, 20, 250, '2024-06-02', NULL, '2024-06-02', '2024-06-06', '800x.webp'),
(76, '好樂牌 Touch It ', '規則簡單 X 刺激對決 X 多款主題\r\n2022最簡單、最刺激的觸摸型派對桌遊！\r\n\r\n只需要15秒鐘，大家就可以馬上開始遊玩。\r\n\r\n\r\n遊戲的概念很像華人特別愛的【摸麻將】，\r\n\r\n非常適合在過年、露營、吃飯前、排隊、好友聚會時，\r\n\r\n與長輩、朋友或是小孩迅速地來一場對決～\r\n\r\n  ', '15', 5, 20, 350, '2024-06-02', NULL, '2024-06-02', '2024-06-06', '未命名-1.jpg'),
(77, '翻轉大稻埕', '《翻轉大稻埕》是一款以轉珠為主軸的策略遊戲。遊戲背景為十九世紀末，二十世紀初的大稻埕。玩家扮演當地的洋行商人，藉著移動與翻轉圖版上的貨物轉珠構成相同貨物的三或四連線以獲得貨物，並將這些貨物應用在個人圖板上，不論是運送到世界各地，或是用強化洋行的發展，從而建立具功能性的建築物強化貨物資源的應用。玩家的目標是成為大稻埕最具聲望的商人。 ', '15', 5, 20, 1180, '2024-06-02', NULL, '2024-06-02', '2024-06-06', '84219b_0f09bb2faad7451987f6cac910fabf97~mv2.webp'),
(78, '新台灣花札', '四季更迭，花朵盛開，玩家扮演著上山的遊客，一邊欣賞當令的花卉，一邊感受自然的氣氛，暖和的陽光、或是徐徐微風，都能為這趟旅行增添美好的回憶。 \r\n\r\n**遊戲背景**\r\n\r\n四季更迭，花朵盛開，上山的遊客們，一邊欣賞當令的花卉，一邊感受自然的氣氛，暖和的陽光、或是徐徐微風，都能為這趟旅行增添美好的回憶\r\n\r\n《台灣花札》改編自日本傳統紙牌遊戲《花牌Hanafuda》，玩家透過打出相同月份的花牌，收集湊成牌型所需要的圖示符號，遊戲中計分的時機相當的重要，如何能得到高分，又能搶先在其他玩家離開遊戲前計分，端看玩家的觀察力與運氣。 ', '15', 5, 20, 660, '2024-06-02', NULL, '2024-06-02', '2024-06-06', '502674ca-ef7b-4d99-b0be-ed6efd074882.jpg'),
(79, '平埔傳奇 大肚王國 Kingdom of Middag', '在17世紀中以前，大肚王國存在於台灣的桃園至鹿港一帶，由於其文明尚未學會使用文字，因此難以考究王國的起源與發展狀態。對該文明最早的文字幾路來自於登入台灣的荷蘭東印度公司，其在1645年與大肚王國發生武裝衝突，摧毀了13個反抗的部落，之後雙方簽訂和平協約。\r\n\r\n在此之前，大肚王國曾是島上一個非常和平的跨部族聯盟，部族間獨立共處，國王是形式上的領導人，僅調解部落間的衝突，並不直接統治各族。玩家們將在遊戲中扮演各組的領袖，在獵場中捕獲各種獵物，在聯合村落中發展工具、貿易、以及祭祀祖靈獲得名聲。最重要的，則是在每個獵季結束的慶典上，相眾人誇耀自己部族的成就，讓部族的故事部隊流傳後世。\r\n\r\n  ', '15', 5, 20, 950, '2024-06-02', NULL, '2024-06-02', '2024-06-06', '253a3cb2-8f00-4ce1-8ed8-02271703f26e.jpg'),
(80, '什麼不見啦 Something Is Missing', '《什麼不見啦》是一款記憶與反應融合的桌上遊戲，在遊戲中尋找充滿童趣與美好回憶的畫面，藉著場景卡的特色和提示，連結觀察，連結回憶，輕鬆享受一個愉快的遊戲時光。\r\n\r\n遊戲中，玩家將會先檢視並且記憶場景卡中的物件，接著利用輪流翻牌的方式，回憶覆蓋的場景卡中是否有該物件，以最快反應的玩家開始，依序選擇物件所存在的場景卡，玩家如果不甚記得也能夠跟隨其他玩家的記憶，重返該場景檢查是否屬實，正確的話能夠獲得分數；記錯了的話，呵呵，還是不免有點小懲罰。\r\n\r\n刺激又歡樂的小品透過台灣原創圖像結合遊戲，回到1980年代的台灣場景，關注歷史的畫面，一起反思生活中的什麼不見啦。  ', '15', 5, 20, 880, '2024-06-02', NULL, '2024-06-02', '2024-06-06', '84219b_0f09bb2faad7451987f6cac910fabf97~mv2.webp'),
(81, '地藏小王 JIZO ENMA', '《地藏小王》是一款需要觀察與互相交談、推測對方持有的底牌，抓出誰是本回合分數最高的玩家，搭配角色功能進行攻防的派對遊戲。\r\n\r\n玩家扮演掌管地獄的神，透過執行不同的任務來創造最高的聲望，每個角色都有很強大的能力，玩家們必須妥善應用各自強項，創造優勢獲取勝利。 ', '15', 5, 20, 790, '2024-06-02', NULL, '2024-06-02', '2024-06-06', '22301908886591_978.jpg'),
(82, '四季之森 Harvest Island', '《四季之森》是大玩桌遊2017年夏季主打作品，在這個遊戲中，呈現在玩家面前的台灣果物與特有種動物形象，透過插畫家 Cinyee 筆下鮮明地描述，在故事呈現上，桌遊的體驗將能夠更完整、更深入的讓你沉浸在這個世界。運用不同的地勢與氣候條件，播入適合的種子，培育結實纍纍的果樹，並運用你的預測知識決定採收時機，成為一位出色的栽培者！ ', '15', 5, 15, 690, '2024-06-02', NULL, '2024-06-02', '2024-06-06', '800x.jpg'),
(83, '地鐵Ｘ＋6片台北/吉隆坡地圖擴充 Metro X', '劃叉標記經過的車站！翻牌，在地圖上選條地鐵路線並劃記指定數量的車站。\r\n\r\n「轉乘」讓你獲得額外分數，但若沒有完成路線則會失去分數。\r\n\r\n每位玩家同時進行，因此當你競速完成路線時絕對沒有一刻是無聊的。\r\n\r\n獲取高分成為地鐵之王吧！ ', '15', 5, 15, 760, '2024-06-02', NULL, '2024-06-02', '2024-06-06', 'metrox_expansion1web.jpg'),
(84, '北城百畫帖 Scrolls of A Northern City', '1935年台北，像夢一樣漂亮的地方，即使在夜裡也閃爍著奇異的光采...在北城的一角佇立了一家名為百畫堂的咖啡館，一樓裡，甜蜜的點心、氤氳的香氣，女給（當時侍女的職稱）穿梭其中；而二樓，則是不對外開放的店主書房。在這裡，豐富的藏書、多樣的收藏，還躲著普通人看不到的幽靈...\r\n \r\n\r\n某日，百畫堂的老闆不見蹤影，身為百畫堂的客人，為了協助傷透腦筋的女給，你必須穿梭於台北城的巷弄尋找線索，藉由神秘力量的協助與你的推理，將偷閒的老闆找回來！\r\n\r\n漫畫《北城百畫帖》在歷史事件裡注入奇幻元素，重現令人驚奇又熟悉的台灣。在那裡，被遺忘的幽靈躲在藏書室裡默默讀書，如夢般的台灣博覽會正熱鬧展開，嚮往飛行的少年仰望著飛行表演，化妝遊行的敞蓬車隊則剛剛穿越三線路，進入充滿昭和氣氛的浪漫繪卷... ', '15', 5, 15, 880, '2024-06-02', NULL, '2024-06-02', '2024-06-06', '8df2868ce360662f9bbde2f712dbc5fe.jpg'),
(85, '冥戰錄 The Apocalypse of Darkness Warfare 默娘版', '自 2010 年起即獲獎不斷的火紅漫畫【冥戰錄】，近代台灣漫畫代表作之一。描述兩位擁有兩個靈魂的少年少女：與傳統神祇同名同姓的小妹妹「林默娘」、左手寄宿宋代道士的高中生「陳柏戎」，以及「黑日專案」的成員夥伴們，一同力抗來自冥界的威脅。\r\n主線熱血劇情，搭配有血有肉的眾多角色，最重要的就是作者夠變態(X)默娘超級萌(O)造就了【冥戰錄】在台灣漫畫圈的一定地位，當然圍繞在台灣在地街景、道教傳統文化的特色，也更加豐富了這款 IP 的支線延伸，也是我們做成桌上遊戲的最佳素材喔！ ', '15', 5, 15, 480, '2024-06-02', NULL, '2024-06-02', '2024-06-06', '487fbddfecdaf2f228ce0e1e3518eiw5.jpg'),
(86, '厭世動物園：動物大逃殺 Run Animals, Run!', '「請問是動物園嗎？我們是厭世動物園！」這是我們跟台北市立動物園的真實對話，我們與知名插畫家「厭世動物園」合作，推出此款「求生不得，求死不難」的桌上遊戲。透過遊戲的過程，希望反映台灣動物因為人類開發走向滅絕的無力感。\r\n\r\n  ', '15', 5, 15, 1200, '2024-06-02', NULL, '2024-06-02', '2024-06-06', 'getImage.webp'),
(87, '大鍋炒 Wok on Fire', '好大一鍋美味的食材等著你來料理。拿起鍋鏟，我們都是王牌大廚！\r\n\r\n大口吃肉、健康蔬食，或費點勁兒端出美味的飯麵料理，\r\n\r\n透過炒出的各樣食材，挑出最佳的配對組合，拿取高分！\r\n\r\n熱鍋快炒、美味四溢，挑戰翻炒技巧外更挑逗你的味蕾。\r\n\r\n1炒2挑3組合，體現炒菜的樂趣，顛覆你對桌遊的想像！ ', '15', 5, 15, 490, '2024-06-02', NULL, '2024-06-02', '2024-06-06', '1500167908-3549625778.png'),
(88, '台灣製茶錄  Formosa Tea', '自19世紀起，由於台灣山區環境適合茶葉生長，加上英國蘇格蘭商人杜德引進精緻技術，以「Formosa Tea」為名的烏龍茶開始外銷到歐美市場，從此開始台灣茶葉的發展。\r\n\r\n在《台灣製茶錄》中，玩家扮演茶園主人，經歷台灣百年的製茶歷史，製作茶葉供應給朔溪而上，由洋行派來的貨船，開拓內銷市場，提升各種製茶技術，獲得聲望；擁有最高聲望的玩家獲得勝利。 ', '15', 5, 10, 1750, '2024-06-02', NULL, '2024-06-02', '2024-06-06', 'asset_92146_image_big.jpg.webp'),
(89, '台灣 Taiwan', '二次大戰後,台灣迎來了數十年的經濟奇蹟,並帶來了全島的建設熱潮. 隨著經濟的開放及更多資金的湧入,你能超越對手成為這時代最有影響力的開發承建商嗎? ', '15', 5, 25, 1200, '2024-06-02', NULL, '2024-06-02', '2024-06-06', '000001_1678342976.webp'),
(90, '台北大空襲(Raid on Taihoku)', '1945年5月31日，日治時期的台北遭到盟軍美國第五航空隊超過一百架次的轟炸機空襲，造成許多人傷亡，上萬人流離失所，這是一段二戰期間確實存在，卻鮮為人知的灰暗故事。\r\n ', '15', 5, 25, 1360, '2024-06-02', NULL, '2024-06-02', '2024-06-06', '1497053996-1751116053_n.jpg'),
(91, '臺灣特有種', '《臺灣特有種》是全國第一款介紹臺灣生態環境與原生動物的親子桌遊！\r\n　　遊戲包含經典木製配件、大型臺灣地圖與卡牌，\r\n　　囊括臺灣四大生態棲地：高山、丘陵、濕地與水域，收錄二十四種獨特的臺灣原生動物，一起展開華麗的環島大冒險！ ', '15', 5, 30, 1600, '2024-06-02', NULL, '2024-06-02', '2024-06-06', '416fde48803a4920934ad8fd55966b80.jpg'),
(92, '拉密', '拉密是一款數字組合遊戲，遊戲規則簡單易懂，只有兩種數字排列法，用自己的邏輯來重新規劃排列順序，創造出變幻多端的數字組合；歡迎對數字敏感的你，規則簡單，只需要明白數字排列，能夠分辨紅、橘、藍、黑四種顏色即可暢玩。', '15', 5, 20, 850, '2024-06-02', NULL, '2024-06-02', NULL, '4563.jpg'),
(93, '	Go-stop', '花牌是韓國的傳統遊戲，最早來自於日本，於朝鮮王朝後期傳到朝鮮半島。每副花牌中含有54張牌，其中48張牌分成12組花色，代表著12個月，各月份皆以當月的花草與動物為代表圖案。 花牌常見的玩法為稱為GO&STOP 고스톱 ，由三位玩家進行，類似於台灣撲克牌「釣魚」與「撿紅點」，玩家需吃掉相同月份的牌以賺取分數，最後分數最高者勝利。遊戲玩法相當有趣， 就算不會韓文也沒關係，非常適合在過節期間與家人、朋友一起同樂哦!', '15', 5, 20, 200, '2024-06-02', NULL, '2024-06-02', NULL, 'rent2.webp'),
(94, 'uno', '風靡世界的UNO的紙牌遊戲,是1971發明的經典遊戲,現在由玩具公司美泰兒生產。當玩家打出倒數第二張牌時,必須喊出\"UNO\",遊戲因而得名。趕快加入UNO的行列吧!', '15', 5, 30, 250, '2024-06-02', NULL, '2024-06-02', NULL, 'original.jpg'),
(95, '機密代號', '	\r\n一款分組競賽的派對陣營遊戲。在一組加密情報之中，領袖必須想出絕妙的暗號，如：「一個名詞+數量」，讓隊員們以最少回合找出最多特務，率先找出我方所有特務的隊伍獲得勝利。不過得小心潛伏在情報背後的殺手，找到他的人必死無疑！這款遊戲擁有簡潔的遊戲機制，以及難以重複的題庫組合，讓它百玩不膩。', '15', 5, 20, 880, '2024-06-02', NULL, '2024-06-02', NULL, '機密代號.jpg'),
(96, '妙語說書人', 'Dixit 是一款充滿想像力的桌上遊戲，適合各年齡層的玩家。遊戲由 3 到 6 人參與，遊戲時間大約為 30 分鐘。遊戲中，玩家輪流擔任敘述者，選擇一張手中的圖畫卡牌，並給出一個敘述，這個敘述可以是一個詞、一句話或者一段故事，只要是能夠引導其他玩家聯想到這張卡牌的提示。其他玩家則從自己的手牌中選擇一張他們認為與敘述者提示最匹配的卡牌。選好後，將這些卡牌洗牌，然後一起展示出來。所有人（除了敘述者）都要投票，猜測哪一張是敘述者的原始卡牌。', '15', 5, 15, 1320, '2024-06-02', NULL, '2024-06-02', NULL, 'Dixit.webp'),
(97, '	【哈利波特】超豪華巫師棋套組', '朋友!先別管那麼多了,來場巫師棋吧!《哈利波特》中人氣超高的巫師棋完美還原.巫師棋的遊玩方式和一般西洋棋一樣雙方共有一個國王、一個王后、兩個城堡、兩個主教、兩個騎士和八個小卒,共16枚棋子.此套裝中共有32枚精緻的模型棋,分別裝在兩袋精美的禮品袋中和一枚大棋盤.棋子的尺寸約為5到10CM,棋盤為47*47CM\r', '15', 5, 10, 3580, '2024-06-02', NULL, '2024-06-02', NULL, 'HARRY-POTTER.jpg'),
(98, '山中小屋', '「山中小屋」是個經典的探索類角色扮演遊戲，玩家扮演著受邀來到深山中一座豪宅，然後當所有人進屋之後，卻發現大門被鎖上了，而豪宅中不斷地發生一些詭異的事件，玩家必須尋找逃離的辦法。然而，在不知不覺中，有人成為了背叛者！引出了可怕的怪物，玩家該如何才能齊心協力地打到怪物，平安回家呢？讓我們一起來看看吧！', '15', 5, 10, 1750, '2024-06-02', NULL, '2024-06-02', NULL, 'Betrayal at House on the Hill.jpg'),
(99, '龍與地下城：鴉閣城', '在一個古老的年代，魔力充斥整片大陸， 邪惡在暗影中猖獗，居住地的邊緣也逐漸被怪物入侵。 在這邪龍展翅、地城遍布時代，世間等待著英雄的降臨。 穿著不同的防具，手持長劍、長弓及法杖的英雄們探索著上古遺跡， 進行大膽的任務，並挑戰令人畏懼的怪物。 這些任務都將在陰暗且神祕的地城中進行，而這個地城通稱為拉文羅夫特堡。', '15', 5, 20, 3200, '2024-06-02', NULL, '2024-06-02', NULL, 'D&D.jpg'),
(100, '矮人礦坑\r', '熱愛團體合作型遊戲的可以玩看看「矮人礦坑」！在遊戲中所有玩家會扮演成矮人族，而族內還會再分成掏金矮人跟搗蛋鬼，大家互不知道對方的身份，所以大家必須在隱藏身份的同時幫助到自己的夥伴，看究竟矮人們到底能不能成功掏金？還是會被搗蛋鬼阻饒呢？', '15', 5, 25, 790, '2024-06-02', NULL, '2024-06-02', NULL, '矮人礦坑.jpg'),
(101, '駱駝大賽', '快來見識有史以來最瘋狂的駱駝大賽！ 尤其是駱駝疊在一起而金字塔倒轉時，場面將會一片混亂、瀕臨失控狀態！ 身為埃及上流社會的一員，聚集在沙漠中的目的只有一個：下注在你看好的駱駝身上，以分段賽及整場比賽贏得最多的獎金。 然而在比賽中不是只靠運氣就能壓倒其他玩家，抓住比賽的節奏和精準掌握下注時機也是贏得比賽不可或缺的能力。 一款簡單、快速、極度有趣且最多可讓8名玩家同樂的家庭遊戲。 ', '15', 5, 15, 1320, '2024-06-02', NULL, '2024-06-02', '2024-06-06', '5ab8f249ff9c8b65f4cecd73_Camel_Up_Box_3D-p-800.jpeg'),
(102, '小小寶寶大混亂 Babu Babu Panic', '玩家是小寶寶，還不會說話只能發出咿咿呀呀的聲音來互相交換卡片，你能率先換到一手相同的卡片嗎？', '15', 5, 20, 500, '2024-06-02', NULL, '2024-06-02', NULL, '21.png'),
(103, '搶頭香', '詼諧逗趣卡牌桌遊，讓你在桌上重現搶頭香奔跑推擠的刺激感！', '15', 5, 20, 800, '2024-06-02', NULL, '2024-06-02', NULL, '22.png'),
(104, '維京蹺蹺板 Viking See-Saw', '在維京蹺蹺板這艘船上，一邊上貨一邊在搖擺不停的船隻上尖叫吧！(日文版，可下載中文規則)', '15', 5, 20, 790, '2024-06-02', NULL, '2024-06-02', NULL, '23.png'),
(105, '忍者大師 Ninja Master', '注意骰子擲出的圖樣、迅速抓取忍者標記或是武士刀，成為最強的忍者大師！(日文版，可下載中文規則)', '15', 5, 20, 790, '2024-06-02', NULL, '2024-06-02', NULL, '24.png'),
(106, '淘金熱 Gold Hunting', '在對方的金礦山裡，憑藉你的好眼力和直覺挖出閃亮亮的財富吧！(日文版，可下載中文規則)', '15', 5, 0, 690, '2024-06-02', '2024-06-06', '2024-06-02', NULL, '25.png'),
(107, '篝火派對 Bonfire Party', '在這款考驗默契的遊戲中，和朋友一起合作挑戰點燃最旺盛的篝火吧！(日文版，可下載中文規則)', '15', 5, 20, 690, '2024-06-02', NULL, '2024-06-02', NULL, '26.png'),
(108, '3秒挑戰 3 Second Try', '三秒之內你的極限在哪裡？勇敢地宣告你的挑戰吧！(日文版，可下載中文規則)', '15', 5, 20, 690, '2024-06-02', NULL, '2024-06-02', NULL, '27.png'),
(109, '骨牌判定 Judge Domino', '輪流排列骨牌，設法讓人誤以為骨牌無法全部倒下，你就有機會得分。你有辦法誤導其他人的判斷嗎?(日文版，可下載中文規則)', '15', 5, 20, 690, '2024-06-02', NULL, '2024-06-02', NULL, '28.png'),
(110, '堅果狂熱派 Nuts a Go Go', '蒐集各種形狀的堅果，證明自己是最愛吃堅果的狂熱派！規則簡單充滿歡樂的笑聲～(日文版，可下載中文規則)', '15', 5, 20, 950, '2024-06-02', NULL, '2024-06-02', NULL, '29.png'),
(111, '妖怪百奇八光 Youkai Hyakki Yakou', '收集到八種妖怪卡牌，完成百奇八光的組合，獲得光榮的勝利！', '15', 5, 20, 500, '2024-06-02', NULL, '2024-06-02', NULL, '30.png'),
(112, '搶救甜點公主 Help Me Princess', '貪吃的魔王居然綁架了甜點國的公主！為了搶回大家的甜點，從魔王手中救回公主吧！', '15', 5, 20, 500, '2024-06-02', NULL, '2024-06-02', NULL, '31.png'),
(113, '愛麗絲的瘋狂茶會', '在這場特別的下午茶會，每個人都等著入座，但是要選擇哪個座位，卻是令人糾結的謎題！', '15', 5, 20, 1300, '2024-06-02', NULL, '2024-06-02', NULL, '32.png'),
(114, '熊熊王國保衛戰 Moody Bear Kingdom', '「白雪」與「烈焰」兩個陣營的世紀對決，究竟哪一方能夠率先找到隊友並集滿三個聖物？又或是，黑暗的第三勢力將會凌駕一切？', '15', 5, 20, 850, '2024-06-02', NULL, '2024-06-02', NULL, '33.png'),
(115, '小農夫 Vegetable Stock', '熱銷破萬套的《小農夫》以全新面貌再版！精簡的規則、市場波動的巧妙機制，以及面對蔬菜價格崩盤前腎上激素飆升的快感，這款桌遊絕對是你隨身攜帶推坑親友的最佳選擇！', '15', 5, 20, 250, '2024-06-02', NULL, '2024-06-02', NULL, '34.png'),
(116, '貓的築地 Cat\'s Tsukiji', '《貓的築地》是一款超療癒的反應類遊戲，戴上你最愛的貓咪花紋指套，看準你喜歡的魚，用力給他拍下去！只要沒人跟你搶，就可以開心地把魚帶回家。但是，如果有人跟你看上同一隻魚，你們就得空手而回囉～', '15', 5, 20, 450, '2024-06-02', NULL, '2024-06-02', NULL, '35.png'),
(117, '馬鈴薯海盜3：薯片奇航 ', '《馬鈴薯海盜》系列桌遊第三彈，乘坐海盜船航向更遙遠的世界 -- 也能學會更進階的程式語言喔！', '15', 5, 20, 1590, '2024-06-02', NULL, '2024-06-02', NULL, '36.png'),
(118, '字母接龍 Stack Me', '用卡片玩字母接龍，ABC、DEF、GHI，誰能接最快？', '15', 5, 0, 390, '2024-06-02', '2024-06-06', '2024-06-02', NULL, '37.png'),
(119, 'V型病毒 V-Virus', 'V型病毒入侵，要奮力保護自己為人類留下最後希望，或是放棄治療加入病毒一方呢？超刺激陣營遊戲，不到最後不知誰是帶原者！', '15', 5, 20, 800, '2024-06-02', NULL, '2024-06-02', NULL, '38.png'),
(120, '恐龍拉力賽 Dino Derby', '奔跑吧！恐龍！幫助你支持的恐龍搶下前兩名才能獲勝喔！', '15', 5, 17, 690, '2024-06-02', NULL, '2024-06-02', NULL, '39.png'),
(121, '壽司大手 Sushi Royale', '成為天下第一的壽司師傅，除了要洞察客人的喜好，更要練就一身快手上菜奉茶！', '15', 5, 20, 690, '2024-06-02', NULL, '2024-06-02', NULL, '40.png'),
(122, '漫步普羅旺斯 Walking in Provence', '普羅旺斯是法國東南部的一個地區，境內物產豐饒，陽光明媚。快拿你起手中的照相機，拍下這難以忘懷的時刻！', '15', 5, 20, 550, '2024-06-02', NULL, '2024-06-02', NULL, '41.png'),
(123, '音樂派對 Music Party', '在遊戲的同時也可以了解基本的節拍和音高，培養節奏、反應與記憶能力。', '15', 5, 20, 490, '2024-06-02', NULL, '2024-06-02', NULL, '42.png'),
(124, '厭世動物園：動物大逃殺 Run Animals, Run!', '與知名插畫家「厭世動物園」合作，推出此款「求生不得，求死不難」的桌上遊戲。', '15', 5, 20, 1200, '2024-06-02', NULL, '2024-06-02', NULL, '43.png'),
(125, '地鐵Ｘ＋6片台北/吉隆坡地圖擴充 Metro X', '一款挑戰路線規劃的紙筆遊戲！全球獨家台北和吉隆坡地鐵圖板擴充等你來收藏！', '15', 5, 20, 760, '2024-06-02', NULL, '2024-06-02', NULL, '44.png'),
(126, '救救魔界 Helppp Me', '玩家們在這場戰役中將扮演穿越時空掉入魔界的醫生們，想盡辦法使用手邊有限的急救包拯救這些魔族。', '15', 5, 20, 580, '2024-06-02', NULL, '2024-06-02', NULL, '45.png'),
(127, '洛可莫莫 Loco Momo', '善用動物們獨特的移動方式，蒐集各種顏色和種類的動物，打造最可愛的動物大合照吧！', '15', 5, 20, 780, '2024-06-02', NULL, '2024-06-02', NULL, '46.png'),
(128, '錢豆子 Mamey', '身為在荒蕪豆田上賣力耕耘的農夫，你要挖掘各種豆子，並將豆子以最好的組合賣到市集，成為賺最多豆錢的贏家！', '15', 5, 20, 650, '2024-06-02', NULL, '2024-06-02', NULL, '47.png'),
(129, '瘋狂小蠟筆 My Little Crazyon', '台灣首見第一款結合原創兒歌的兒童桌遊誕生！《My Little Crazyon 瘋狂小蠟筆》DIY桌遊實體版來囉！', '15', 5, 20, 150, '2024-06-02', NULL, '2024-06-02', NULL, '48.png'),
(130, '新台灣花札 Formosa Flowers 2nd Edition', '花札(Hanafuda)是日本傳統的卡片遊戲，台灣花札將傳統規則簡化，搭配簡潔優雅的美術風格來呈現台灣四季的景色與動物。', '15', 5, 20, 660, '2024-06-02', NULL, '2024-06-02', NULL, '49.png'),
(131, '三隻小狼 Three Little Wolves', '三隻小豬的故事經過千年，野狼家族成了建築工人，小豬的後代則變成大地主，壓榨小狼蓋房屋！', '15', 5, 20, 490, '2024-06-02', NULL, '2024-06-02', NULL, '50.png'),
(132, '埃及艷貓 Cleocatra', '《埃及艷貓》是一款小巧的板塊拼放遊戲，讓自己的救援米寶被各種顏色的貓咪板塊包圍，來換取最多的分數！', '15', 5, 20, 390, '2024-06-02', NULL, '2024-06-02', NULL, '51.png'),
(133, '電力管家', '遊戲每回合有3次擲骰機會為家中添購新家電，家電功能不同購買條件也不相同，然而同種類的家電耗電量卻不一樣。', '15', 5, 20, 660, '2024-06-02', NULL, '2024-06-02', NULL, '52.png'),
(134, '北城百畫帖 Scrolls of A Northern City', '某日，百畫堂的老闆不見蹤影，身為百畫堂的客人，為了協助傷透腦筋的店員，你必須穿梭於台北城的巷弄尋找線索，藉由神秘力量的協助與你的推理，將偷閒的老闆找回來！', '15', 5, 14, 880, '2024-06-02', NULL, '2024-06-02', NULL, '53.png'),
(135, '騎遇記 UBike Tours: Taiwan', 'YouBike官方與台灣大玩桌遊合作，推出了在家就能輕鬆旅行的桌上遊戲！', '15', 5, 20, 750, '2024-06-02', NULL, '2024-06-02', NULL, '54.png'),
(136, '貓咪數獨 Cat Sudoku', '《貓咪數獨》是一款結合「擲骰劃記 Roll & Write」與「數獨 Sudoku」的家庭益智遊戲。', '15', 5, 20, 550, '2024-06-02', NULL, '2024-06-02', NULL, '55.png'),
(137, '彩色尋寶 Colorful Treasure', '穿梭在世界十大奇觀，追尋色彩的線索，挖掘出各色寶石。', '15', 5, 20, 580, '2024-06-02', NULL, '2024-06-02', NULL, '56.png'),
(138, '月餅達人 Mooncake Master', '《月餅達人》是一款簡單又有挑戰性的益智桌遊。與同伴一起挑選、分享並且拼湊月餅板塊來做出精緻又能滿足顧客味蕾的月餅吧！', '15', 5, 20, 800, '2024-06-02', NULL, '2024-06-02', NULL, '57.png'),
(139, '翻轉青蛙 Flip Over Frog', '似真若假的佈局、混淆視聽的訊息、加上關鍵時刻的搶攻，讓大朋友和小朋友都能夠愉快地享受花園小動物的歡樂競爭喔～', '15', 5, 20, 450, '2024-06-02', NULL, '2024-06-02', NULL, '58.png'),
(140, '功夫擂台 Kung Fur Fight', '少林汪和甲賀喵兩個陣營都有六位非常可愛的小夥伴，每位都有自己的特殊技能。', '15', 5, 20, 650, '2024-06-02', NULL, '2024-06-02', NULL, '59.png'),
(141, '深水擂台 Fish Fight', '掌握每張牌的特性，在對的時候打出對的牌換取高分，小蝦米也能戰勝大鯨魚！', '15', 5, 20, 500, '2024-06-02', NULL, '2024-06-02', NULL, '60.png'),
(142, '堅果狂熱派 Nuts a Go Go', '蒐集各種形狀的堅果，證明自己是最愛吃堅果的狂熱派！規則簡單充滿歡樂的笑聲～(日文版，可下載中文規則)', '15', 5, 20, 950, '2024-06-02', NULL, '2024-06-02', NULL, '1.png'),
(143, '大鍋炒 Wok on Fire', '握緊鍋鏟，巧手翻炒，讓肉片和青菜一起在熱鍋中快樂地跳舞吧！發揮你用卡片炒菜的手藝，端出一盤色香味十足的好料理吧！', '15', 5, 20, 490, '2024-06-02', NULL, '2024-06-02', NULL, '2.png'),
(144, '好樂牌 Touch It', '最簡單、最刺激的觸摸型派對桌遊！只需要15秒鐘，大家就可以馬上開始遊玩！', '15', 5, 20, 350, '2024-06-02', NULL, '2024-06-02', NULL, '3.png'),
(145, '小小寶寶大混亂 Babu Babu Panic', '玩家是小寶寶，還不會說話只能發出咿咿呀呀的聲音來互相交換卡片，你能率先換到一手相同的卡片嗎？', '15', 5, 20, 500, '2024-06-02', NULL, '2024-06-02', NULL, '4.png'),
(146, '彩色尋寶 Colorful Treasure', '穿梭在世界十大奇觀，追尋色彩的線索，挖掘出各色寶石。以牌背顏色組合作為線索的記憶遊戲，搭配簡單的推理與些許的運氣，你也可以成為世界第一的寶石獵人！', '15', 5, 20, 580, '2024-06-02', NULL, '2024-06-02', NULL, '5.png'),
(147, '彩色烏托邦 Colortopia', '運用一點觀察力、色彩邏輯、加上反應速度，將手上的顏料卡翻轉排列出七彩的圖騰花樣，你也可以成為色彩大師！', '15', 5, 20, 650, '2024-06-02', NULL, '2024-06-02', NULL, '6.png'),
(148, '忍者大師 Ninja Master', '注意骰子擲出的圖樣、迅速抓取忍者標記或是武士刀，成為最強的忍者大師！(日文版，可下載中文規則)', '15', 5, 20, 790, '2024-06-02', NULL, '2024-06-02', NULL, '7.png'),
(149, '恐龍來啦 Jurata', '不論是合作、對戰、單人模式都好玩！完成指定題目就大喊「恐龍來啦」！', '15', 5, 20, 500, '2024-06-02', NULL, '2024-06-02', NULL, '8.png'),
(150, '拔拔蔓朵拉 Mandora Fever', '來自「雷亞遊戲Rayark Inc」的人氣手遊《Mandora》化身桌上遊戲啦！', '15', 5, 20, 290, '2024-06-02', NULL, '2024-06-02', NULL, '9.png'),
(151, '搶救甜點公主 Help Me Princess', '貪吃的魔王居然綁架了甜點國的公主！為了搶回大家的甜點，從魔王手中救回公主吧！', '15', 5, 20, 500, '2024-06-02', NULL, '2024-06-02', NULL, '10.png'),
(152, '汪喵餅乾戰 Woof Meow Biscuits', '剛烤好的餅乾香噴噴！家裡的狗狗跟貓貓也忍不住想偷嘗一口～ 要如何在不被發現的情況下成功拿到剛烤好的餅乾呢？ 『一、二、三...木頭人！』般地緊湊節奏感 決定步伐後偷偷溜進廚房吧！', '15', 5, 20, 580, '2024-06-02', NULL, '2024-06-02', NULL, '11.png'),
(153, '四色彩蝶 Butterfly', '擺放板塊連接相同的顏色，誰能把手中的板塊全部放完就能獲得勝利！(日文版，含中文規則)', '15', 5, 20, 500, '2024-06-02', NULL, '2024-06-02', NULL, '12.png'),
(154, '洛洛普 Rorop', '從最下方一列拿取同顏色的所有方塊，看誰能蒐集最多顏色的方塊獲得最高分！(日文版，含中文規則)', '15', 5, 20, 500, '2024-06-02', NULL, '2024-06-02', NULL, '13.png'),
(155, '淘金熱 Gold Hunting', '在對方的金礦山裡，憑藉你的好眼力和直覺挖出閃亮亮的財富吧！(日文版，可下載中文規則)', '15', 5, 20, 690, '2024-06-02', NULL, '2024-06-02', NULL, '14.png'),
(156, '牛仔猜拳 Gooska Paaska', '在這蠻荒西部，一言不合，就只能用最傳統的方式來對決 --- 猜拳決勝負吧！ 每一拳都有不同效益，在不平等的條件下，你要如何選擇下一拳呢？', '15', 5, 20, 350, '2024-06-02', NULL, '2024-06-02', NULL, '15.png'),
(157, '瘋狂小蠟筆 My Little Crazyon', '台灣首見第一款結合原創兒歌的兒童桌遊誕生！ 《My Little Crazyon 瘋狂小蠟筆》DIY桌遊實體版來囉！', '15', 5, 20, 150, '2024-06-02', NULL, '2024-06-02', NULL, '16.png'),
(158, '維京蹺蹺板 Viking See-Saw', '在維京蹺蹺板這艘船上，一邊上貨一邊在搖擺不停的船隻上尖叫吧！(日文版，可下載中文規則)', '15', 5, 20, 790, '2024-06-02', NULL, '2024-06-02', NULL, '17.png'),
(159, '翻轉青蛙 Flip Over Frog', '似真若假的佈局、混淆視聽的訊息、加上關鍵時刻的搶攻，讓大朋友和小朋友都能夠愉快地享受花園小動物的歡樂競爭喔～', '15', 5, 20, 450, '2024-06-02', NULL, '2024-06-02', NULL, '18.png'),
(160, '草莓大金剛 Ichigorilla', '草莓大金剛是一款輕鬆可愛的記憶遊戲，你要想辦法記住桌面上數量不等的各種物品，但是他們都長得有點像，好容易混亂呀～', '15', 5, 20, 450, '2024-06-02', NULL, '2024-06-02', NULL, '19.png'),
(161, '豬豬巴別塔 Butababel', '誰能完成最高聳的高塔便能成為這場建築大賽的贏家，但是小心蓋得太高可是會觸怒天神的大忌！', '15', 5, 20, 350, '2024-06-02', NULL, '2024-06-02', NULL, '20.png'),
(162, '政客大亂鬥 Political Mess', '贏得最多的選票，便可獲得遊戲的勝利！', '15', 5, 10, 250, '2024-06-02', NULL, '2024-06-02', NULL, '政客大亂鬥.avif'),
(163, '龐氏騙局 Ponzi Scheme', '玩家扮演金融騙徒，經營空殼公司向大眾募資，同時應付高額的利息，當債務像雪球一樣越滾越大，付不出利息的玩家就破產出局！', '15', 5, 0, 1, '2024-06-02', '2024-06-06', '2024-06-02', NULL, '龐氏騙局 Ponzi Scheme .avif'),
(164, '馬鈴薯海盜 Potato Pirates', '跟著馬鈴薯海盜們一起航向偉大航路，玩桌遊還能學習程式語言喔！', '15', 5, 10, 890, '2024-06-02', NULL, '2024-06-02', NULL, '馬鈴薯海盜 Potato Pirates .avif'),
(165, '馬卡龍 Macaron', '身為中世紀的法國甜點師傅，努力爭取國王與皇室的青睞，贏得「法國最佳甜點師傅」的頭銜吧！', '15', 5, 10, 600, '2024-06-02', NULL, '2024-06-02', NULL, '馬卡龍 Macaron .avif'),
(166, '疫途 Pathogen', '一場瘟疫悄悄在人間與冥界擴散！究竟是醫療的力量能夠及時阻斷疾病傳播，還是瘟疫會更快的溢滿世界？創新的移動機制，帶給你截然不同的思考體驗！', '15', 5, 3, 950, '2024-06-02', NULL, '2024-06-02', NULL, '疫途 Pathogen .avif'),
(167, '貓咪數獨 Cat Sudoku', '《貓咪數獨》是一款結合「擲骰劃記 Roll & Write」與「數獨 Sudoku」的家庭益智遊戲。小心規劃每一個數字的位子，避免在同一排出現相同數字！', '15', 5, 10, 550, '2024-06-02', NULL, '2024-06-02', NULL, '貓咪數獨 Cat Sudoku .avif'),
(168, '完美旅歷 My Story', '一款輕鬆又帶有決策樂趣的桌上遊戲，玩家在遊戲中化身為剛出社會的新鮮人，體驗全新的生命旅程。遊戲過程中不止可以轉換職業，每一種職業還有不同的特殊能力！隨著轉職或是完成計畫來累積個人經歷，就是人生下半場獲勝的關鍵喔！', '15', 5, 0, 1, '2024-06-02', '2024-06-06', '2024-06-02', NULL, '貓咪數獨 Cat Sudoku .avif'),
(169, '王牌檢察官 Top Prosecutor', '本遊戲將模擬檢察官偵查辦案流程，必須用各種方式訊問證人，即使你沒有外表看似小孩，但你可以智慧過於常人，抽絲剝繭，找出案件真相。', '15', 5, 0, 1, '2024-06-02', '2024-06-06', '2024-06-02', NULL, '王牌檢察官 Top Prosecutor .avif'),
(170, '怪七八糟 PaiMiahhh!', '傳統的吃墩遊戲搭配可愛的萬聖節鬼怪風格，再加上變化多端的特殊角色卡，還有墊牌也可以得分，透過這遊戲融合出一個全新有趣的機制，一定要體驗看看！', '15', 5, 10, 390, '2024-06-02', NULL, '2024-06-02', NULL, '怪七八糟 PaiMiahhh! .avif'),
(171, '圓啾會議 Songbirds', '四種顏色的鳥兒在森林裡逐漸擴張勢力，太過招搖會被其他鳥兒排擠，太晚表態則是會錯失良機。你能否眼光獨到，看出哪一隻鳥兒才是森林中的美聲之王呢？', '15', 5, 10, 450, '2024-06-02', NULL, '2024-06-02', NULL, '圓啾會議 Songbirds .avif'),
(172, '選汪與喵：選戰風雲', '寵物國即將進行兩次選舉，貓狗兔三黨都摩拳擦掌，凍蒜！凍蒜！\n\n而你，是選舉操盤手。\n\n有著秘密的支持傾向。\n\n在勾心鬥角的激烈選戰中，你該如何規劃策略、奪得名聲和罐罐，名利雙收？', '15', 5, 10, 1000, '2024-06-02', NULL, '2024-06-02', NULL, '選汪與喵.jpeg'),
(173, '圖騰師', '取悅巴魯卡神成為大祭司吧！', '15', 5, -2, 1000, '2024-06-02', NULL, '2024-06-02', NULL, '圖騰師.jpeg'),
(174, 'Emergency on Fire 分秒必爭', '「分秒必爭」是一款奠基於大量傷患應變計劃的桌上演練遊戲，包含兩個劇本及各式傷情的處置內容，並搭配獨有的「限時倒數」機制，模擬急診應對災難的緊張情境。\n以遊戲化的方式進行訓練，使得學員能夠在高昂的學習動機下獲得沉浸感、進入心流，使學習的效果事半功倍。\n歷經3年的開發與研究，證實透過小組間的互相競賽，學員將在遊戲訓練的過程中，提升人流及物資管理、團隊合作溝通、正確進行START檢傷分類以及面對突發狀況的彈性應變等能力，此結果並發表於2022年台灣醫學教育年會。', '15', 5, 10, 1000, '2024-06-02', NULL, '2024-06-02', NULL, 'Emergency on Fire 分秒必爭.webp'),
(175, '七大恨－大明、後金、蒙古於遼東的探戈', '以明末的遼東為主舞台，上演大明、後金與蒙古於遼東一帶領土的爭奪探戈。', '15', 5, 10, 2800, '2024-06-02', NULL, '2024-06-02', NULL, '七大恨.webp'),
(176, 'S88電動麻將桌-折疊款', '● 型   號：S88(BR)\r\n● 電   壓：AC110V/60Hz\r\n● 功   耗：最小9W/最大60W\r\n● 重   量：70kg\r\n● 尺   寸：約長100cm 寬100cm 高78cm\r\n● 保固期 : 1年(核心馬達終身保固)', '2', 3, 20, 18800, '2024-06-02', NULL, '2024-06-02', NULL, '800x (1).webp'),
(177, 'S88電動麻將桌-餐桌款', '● 型   號：S88(BR)\r\n● 電   壓：AC110V/60Hz\r\n● 功   耗：最小9W/最大60W\r\n● 重   量：70kg\r\n● 尺   寸：約長100cm 寬100cm 高78cm\r\n● 保固期 : 1年(核心馬達終身保固)', '2', 3, 20, 18800, '2024-06-02', NULL, '2024-06-02', NULL, '2000x.webp'),
(178, 'TX66大風車電動麻將桌-摺疊款', '● 功 耗：最小9W/最大60W● 型   號：TX66(G)、TX66(BR)\r\n● 電   壓：AC110V/60Hz\r\n● 功   耗：最小9W/最大60W\r\n● 重   量：70kg\r\n● 尺   寸：約長100cm 寬100cm 高78cm\r\n● 保固期 : 1年(核心馬達終身保固)\r\n\r\n📌此商品【彰中】【花蓮】地區不販售', '2', 3, 20, 13800, '2024-06-02', NULL, '2024-06-02', NULL, '2000x (1).webp'),
(179, 'TX66大風車電動麻將桌-餐桌款', '● 型   號：TX66(G)、TX66(BR)\r\n● 電   壓：AC110V/60Hz\r\n● 功   耗：最小9W/最大60W\r\n● 重   量：70kg\r\n● 尺   寸：約長100cm 寬100cm 高78cm\r\n● 保固期 : 1年(核心馬達終身保固)\r\n', '2', 3, 20, 13800, '2024-06-02', NULL, '2024-06-02', NULL, '800x.webp'),
(180, 'X7旋翼式過山車-餐桌款', '型號：X7夢幻灰 / X7星空藍 / X7墨韻白\r\n電壓：AC110V/60Hz\r\n功耗：最小9W / 最大60W\r\n重量：70 Kg\r\n尺寸：約長100cm、寬100cm、高78cm\r\n保固期：1年（核心馬達終身保固）\r\n\r\n📌無皮帶、雙軸出牌設計\r\n📌減少耗材維修\r\n📌熱風除濕功能', '2', 3, 20, 26800, '2024-06-02', NULL, '2024-06-02', NULL, '800x (2).webp'),
(181, 'X7旋翼式過山車-折疊款', '型號：X7夢幻灰 / X7星空藍 / X7墨韻白\r\n電壓：AC110V/60Hz\r\n功耗：最小9W / 最大60W\r\n重量：70 Kg\r\n尺寸：約長100cm、寬100cm、高78cm\r\n保固期：1年（核心馬達終身保固）\r\n\r\n📌無皮帶、雙軸出牌設計\r\n📌減少耗材維修\r\n📌熱風除濕功能', '2', 3, 20, 26800, '2024-06-02', NULL, '2024-06-02', NULL, '800x (3).webp'),
(182, 'X6Pro旋翼式過山車-餐桌款', '型號：X6 Pro星光白 / X6 Pro夢幻紫/ X6 Pro極致灰\r\n電壓：AC110V/60Hz\r\n功耗：最小9W / 最大60W\r\n重量：70 Kg\r\n尺寸：約長96cm、寬96cm、高78cm\r\n保固期：1年（核心馬達終身保固）\r\n\r\n📌免推牌無皮帶設計\r\n📌減少耗材維修\r\n📌熱風除濕', '2', 3, 20, 24800, '2024-06-02', NULL, '2024-06-02', NULL, '800x (4).webp'),
(183, 'X5II旋翼式過山車-折疊款', '電壓：AC110V/60Hz\r\n功耗：最小9W / 最大60W\r\n重量：70 Kg\r\n尺寸：約長98cm、寬98cm、高78cm\r\n保固期：1年（核心馬達終身保固）\r\n\r\n📌免推牌無皮帶設計\r\n📌減少耗材維修\r\n📌熱風除濕', '2', 3, 20, 22800, '2024-06-02', NULL, '2024-06-02', NULL, '800x (5).webp'),
(184, 'X5II旋翼式過山車-餐桌款', '電壓：AC110V/60Hz\r\n功耗：最小9W / 最大60W\r\n重量：70 Kg\r\n尺寸：約長98cm、寬98cm、高78cm\r\n保固期：1年（核心馬達終身保固）\r\n\r\n📌免推牌無皮帶設計\r\n📌減少耗材維修\r\n📌熱風除濕', '2', 3, 20, 22800, '2024-06-02', NULL, '2024-06-02', NULL, '800x (6).webp'),
(185, 'C600旋翼式過山車-餐桌款', '● 型   號：C600(Wd)\r\n● 電   壓：AC110V/60Hz\r\n● 功   耗：最小9W/最大60W\r\n● 尺   寸：約長100cm、寬100cm、高78cm\r\n● 保固期 : 1年(核心馬達終身保固)', '2', 3, 20, 34800, '2024-06-02', NULL, '2024-06-02', NULL, '800x (7).webp'),
(186, 'T620超薄過山車餐桌型電動麻將桌', '● 型   號：T620W & T620G & T620BR\r\n● 電   壓：AC110V/60Hz\r\n● 功   耗：最小9W/最大60W\r\n● 重   量：70kg\r\n● 尺   寸：約長100cm 寬100cm 高78cm\r\n● 保固期 : 1年(核心馬達終身保固)', '2', 3, 20, 37800, '2024-06-02', NULL, '2024-06-02', NULL, '800x (8).webp'),
(187, 'T720超薄過山車折疊型電動麻將桌', '●型   號：T720W/ T720G / T720BＲ\r\n●電   壓：AC110V/60Hz\r\n●功   耗：最小9W/最大60W\r\n●重   量：70kg\r\n●尺   寸：約長100cm 寬100cm 高78cm\r\n● 保固期 : 1年(核心馬達終身保固)', '2', 3, 20, 34800, '2024-06-02', NULL, '2024-06-02', NULL, '800x (9).webp'),
(188, 'T880旋翼式過山車-餐桌款', '型號：T880星空藍/T880/夢幻灰/T880櫻花粉\n電壓：AC110V/60Hz\n功耗：最小9W / 最大60W\n重量：70 Kg\n尺寸：約長100cm、寬100cm、高78cm\n保固期：1年（核心馬達終身保固）\n\n📌一次到位，免推排設計。\n📌360度圓盤旋風式上牌。\n📌13度黃金上牌角度。\n📌改良出牌槽開啟免螺絲。\n📌雙骰模式，極靜音打骰設計。\n📌新增跳莊功能，排除起莊問題。\n📌熱風除濕功能。\n📌全新升級玻璃鏡面桌板。', '2', 3, 20, 16800, '2024-06-02', NULL, '2024-06-02', NULL, '800x (10).webp'),
(189, 'T890旋翼式過山車-餐桌款', '型號：T890奈米拉絲灰/T890奈米拉絲天藍\r\n電壓：AC110V/60Hz\r\n功耗：最小9W / 最大60W\r\n重量：70 Kg\r\n尺寸：約長100cm、寬100cm、高78cm\r\n保固期：1年（核心馬達終身保固）\r\n\r\n📌內縮無烤漆邊框。\r\n📌外掀式上蓋桌板。\r\n📌半自動冷熱風除濕功能。\r\n📌薄型機身全新升級。\r\n📌玻璃鏡面桌板。', '2', 3, 20, 18800, '2024-06-02', NULL, '2024-06-02', NULL, '800x (11).webp'),
(190, 'T650 二代 玻璃鏡面過山麻將機 折疊款 (琉璃黑)', '定位：\r\n\r\n營業旗艦款\r\n\r\n電壓：\r\n\r\n110V/60Hz\r\n\r\n保固：\r\n\r\n整機完整一年\r\n\r\n整機馬達三年\r\n\r\n核心馬達終身\r\n\r\n特色：\r\n\r\n營業用馬達\r\n\r\n業界超薄13cm\r\n\r\n全新升級二代架構鏡面玻璃邊框\r\n\r\n鏡面玻璃邊框美感更升級\r\n\r\n新型理牌免輸送帶設計\r\n\r\n整合紫外線殺菌熱風除濕\r\n\r\n旋碟擲骰增添娛樂性轉出好手氣', '9', 3, 20, 43800, '2024-06-02', NULL, '2024-06-02', NULL, 'E6167229551912.jpg'),
(191, 'T650 二代 玻璃鏡面過山麻將機 餐桌款 （琉璃黑）', '定位：\n\n營業旗艦款\n\n電壓：\n\n110V/60Hz\n\n保固：\n\n整機完整一年\n\n整機馬達三年\n\n核心馬達終身\n\n特色：\n\n營業用馬達\n\n業界超薄13cm\n\n全新升級二代架構鏡面玻璃邊框\n\n鏡面玻璃邊框美感更升級\n\n新型理牌免輸送帶設計\n\n整合紫外線殺菌熱風除濕\n\n旋碟擲骰增添娛樂性轉出好手氣', '9', 3, 20, 46800, '2024-06-02', NULL, '2024-06-02', NULL, 'E1167229562603.jpg'),
(192, 'T650 二代 玻璃鏡面過山麻將機 折疊款 (琉璃白)', '定位：\r\n\r\n營業旗艦款\r\n\r\n電壓：\r\n\r\n110V/60Hz\r\n\r\n保固：\r\n\r\n整機完整一年\r\n\r\n整機馬達三年\r\n\r\n核心馬達終身\r\n\r\n特色：\r\n\r\n營業用馬達\r\n\r\n業界超薄13cm\r\n\r\n全新升級二代架構鏡面玻璃邊框\r\n\r\n鏡面玻璃邊框美感更升級\r\n\r\n新型理牌免輸送帶設計\r\n\r\n整合紫外線殺菌熱風除濕\r\n\r\n旋碟擲骰增添娛樂性轉出好手氣\n旋碟擲骰增添娛樂性轉出好手氣', '9', 3, 20, 43800, '2024-06-02', NULL, '2024-06-02', NULL, 'E2167229573435.jpg');
INSERT INTO `product` (`id`, `name`, `content`, `brand_id`, `category_id`, `stock`, `price`, `on_time`, `off_time`, `create_at`, `update_at`, `img`) VALUES
(193, 'T650 二代 玻璃鏡面過山麻將機 餐桌款 (琉璃白)', '定位：\n\n營業旗艦款\n\n電壓：\n\n110V/60Hz\n\n保固：\n\n整機完整一年\n\n整機馬達三年\n\n核心馬達終身\n\n特色：\n\n營業用馬達\n\n業界超薄13cm\n\n全新升級二代架構鏡面玻璃邊框\n\n鏡面玻璃邊框美感更升級\n\n新型理牌免輸送帶設計\n\n整合紫外線殺菌熱風除濕\n\n旋碟擲骰增添娛樂性轉出好手氣', '9', 3, 20, 46800, '2024-06-02', NULL, '2024-06-02', NULL, 'E3167229582716.jpg'),
(194, 'T650 二代 絲紋亮面過山麻將機 餐桌款（檀木棕）', '定位：\n\n營業旗艦款\n\n電壓：\n\n110V/60Hz\n\n保固：\n\n整機完整一年\n\n整機馬達三年\n\n核心馬達終身\n\n特色：\n\n營業用馬達\n\n業界超薄13cm\n\n全新升級二代架構 亮面檀木紋\n\n亮面檀木紋邊框 沈穩典雅\n\n新型理牌免輸送帶設計\n\n整合紫外線殺菌熱風除濕\n\n旋碟擲骰增添娛樂性 轉出好手氣', '9', 3, 20, 44880, '2024-06-02', NULL, '2024-06-02', NULL, 'E5167229726704.jpg'),
(195, 'T650 二代 絲紋亮面過山麻將機 折疊款（檀木棕）', '定位：\n\n營業旗艦款\n\n電壓：\n\n110V/60Hz\n\n保固：\n\n整機完整一年\n\n整機馬達三年\n\n核心馬達終身\n\n特色：\n\n營業用馬達\n\n業界超薄13cm\n\n全新升級二代架構 亮面檀木紋\n\n亮面檀木紋邊框 沈穩典雅\n\n新型理牌免輸送帶設計\n\n整合紫外線殺菌熱風除濕\n\n旋碟擲骰增添娛樂性 轉出好手氣', '9', 3, 20, 41800, '2024-06-02', NULL, '2024-06-02', NULL, 'E6167229707813.jpg'),
(196, 'T650 二代 不鏽鋼過山麻將機 折疊款(金屬銀)', ' \n\n定位：\n\n營業旗艦款\n\n電壓：\n\n110V/60Hz\n\n保固：\n\n整機完整一年\n\n整機馬達三年\n\n核心馬達終身\n\n特色：\n\n營業用馬達\n\n業界超薄13cm\n\n全新升級二代架構 不鏽鋼金屬質感\n\n不鏽鋼金屬邊框 科技感十足\n\n新型理牌免輸送帶設計\n\n整合紫外線殺菌熱風除濕\n\n旋碟擲骰增添娛樂性 轉出好手氣\n\n \n\n', '9', 3, 20, 41800, '2024-06-02', NULL, '2024-06-02', NULL, 'E6167229769750.jpg'),
(197, 'T650 二代 不鏽鋼過山麻將機 餐桌款(金屬銀)', '定位：\n\n營業旗艦款\n\n電壓：\n\n110V/60Hz\n\n保固：\n\n整機完整一年\n\n整機馬達三年\n\n核心馬達終身\n\n特色：\n\n營業用馬達\n\n業界超薄13cm\n\n全新升級二代架構 不鏽鋼金屬質感\n\n不鏽鋼金屬邊框 科技感十足\n\n新型理牌免輸送帶設計\n\n整合紫外線殺菌熱風除濕\n\n旋碟擲骰增添娛樂性 轉出好手氣', '9', 3, 20, 44800, '2024-06-02', NULL, '2024-06-02', NULL, 'E5167298703384.jpg'),
(198, 'T650 二代 典雅木紋過山麻將機 餐桌款 (靛藍木)', '定位：\n\n營業旗艦款\n\n電壓：\n\n110V/60Hz\n\n保固：\n\n整機完整一年\n\n整機馬達三年\n\n核心馬達終身\n\n特色：\n\n營業用馬達\n\n業界超薄13cm\n\n全新升級二代架構\n\n典雅木紋邊框美感更升級\n\n新型理牌免輸送帶設計\n\n整合紫外線殺菌熱風除濕\n\n旋碟擲骰增添娛樂性轉出好手氣\n     \n\n旋碟擲骰增添娛樂性轉出好手氣', '9', 3, 20, 46800, '2024-06-02', NULL, '2024-06-02', NULL, 'E2170591118558.jpg'),
(199, 'T650 二代 典雅木紋過山麻將機 餐桌款 (梨花木)', '定位：\n\n營業旗艦款\n\n電壓：\n\n110V/60Hz\n\n保固：\n\n整機完整一年\n\n整機馬達三年\n\n核心馬達終身\n\n特色：\n\n營業用馬達\n\n業界超薄13cm\n\n全新升級二代架構\n\n典雅木紋邊框美感更升級\n\n新型理牌免輸送帶設計\n\n整合紫外線殺菌熱風除濕\n\n旋碟擲骰增添娛樂性轉出好手氣', '9', 3, 20, 46800, '2024-06-02', NULL, '2024-06-02', NULL, 'E5170590476813.jpg'),
(200, '矮人礦坑﻿', '讚讚讚', '15', 5, 15, 1320, '2024-06-07', NULL, '2024-06-07', NULL, '000001_1678342976.webp'),
(201, 'Anna', '123', '13', 3, 12, 560, '2024-06-07', NULL, '2024-06-07', NULL, '001.jpg'),
(202, '電動麻將桌專用籌碼盒裝（80片裝）', '✦電動麻將桌專用籌碼\r\n✦盒裝（80片裝）', '1', 4, 40, 600, '2024-06-09', NULL, '2024-06-09', NULL, '44.webp'),
(203, '輸不起籌碼【明星代言聯名款】', '電動麻將桌專用籌碼的設計可防止因籌碼掉入機器內而導致故障的問題產生!', '1', 4, 40, 800, '2024-06-09', NULL, '2024-06-09', NULL, '55.webp'),
(204, '電動麻將桌專用籌碼盒裝（100片裝）', '✦電動麻將桌專用籌碼\r\n✦盒裝（100片裝）', '1', 4, 50, 1200, '2024-06-09', NULL, '2024-06-09', NULL, '8.webp'),
(205, '花團錦簇Hello Kitty防塵套', '鬆緊帶設計不易脫落\r\n時尚花紋好看不落塵', '1', 4, 20, 690, '2024-06-09', NULL, '2024-06-09', NULL, '800x (12).webp'),
(206, '陶瓷方碼（5萬）', '✦尺寸：78 mm × 49 mm\r\n✦重量：30g\r\n✦數量：10片裝', '1', 4, 80, 1000, '2024-06-09', NULL, '2024-06-09', NULL, '800x (13).webp'),
(207, '單面光頭6入骰子', '✦尺寸：14 mm\r\n✦內容：每副6粒骰子，6粒骰子分別為：1點、2點、3點、4點、5點、6點 \r\n✦包裝：6粒一個專用收納盒，一套六粒只有一面有點數的骰子（點數分別是由一至六），骰子其餘五面空白。', '1', 4, 150, 100, '2024-06-09', NULL, '2024-06-09', NULL, '800x (14).webp'),
(208, '超大骰子', '✦東方不敗骰子✦\r\n麻將用骰子推薦\r\n超大骰子50mm\r\n', '1', 4, 150, 350, '2024-06-09', NULL, '2024-06-09', NULL, '800x (15).webp'),
(209, '摔不壞方向環', '摔不破方向球', '2', 4, 100, 150, '2024-06-09', NULL, '2024-06-09', NULL, '800x (16).webp'),
(210, '無磁CASINO籌碼', '數量：100 片。\r\n面額：10、20、50、100、200、500、1000、5000、10000', '2', 4, 80, 1000, '2024-06-09', NULL, '2024-06-09', NULL, '800x (17).webp'),
(211, '高品質牌尺', '壓克力牌尺\r\n長度約47.5CM', '2', 2, 500, 380, '2024-06-09', NULL, '2024-06-09', NULL, '800x (18).webp'),
(212, '麻將養護噴霧', '品名: 麻將專用養護噴霧\r\n用途: 居家物體表面清潔\r\n特色: 植物萃取、溫和清潔不傷手、不消磁、\r\n不褪色、自然清新、潤滑、安全用法: 請距離\r\n物體表面10-15輕輕噴灑後，再以柔軟乾淨抹布\r\n或不織布擦拭即可\r\n全成分: Aqua、Ethyl Alcohol、zemea\r\nChlorhexidine Gluconate、Cocamidoethyl \r\nbetaine、Tea Tree、Fragrance、Propylparaben', '2', 4, 1200, 250, '2024-06-09', NULL, '2024-06-09', NULL, '800x (19).webp'),
(213, 'T350 二代 櫻花少女心系列 過山麻將機 折疊款 (櫻花湘妃粉)', '定位：\r\n\r\n營業標準款\r\n\r\n電壓：\r\n\r\n110V/60Hz\r\n\r\n保固：\r\n\r\n整機完整一年\r\n\r\n整機馬達一年\r\n\r\n核心馬達終身\r\n\r\n特色：\r\n\r\n全新櫻花少女心系列\r\n\r\n專製質感粉色邊框\r\n\r\n專屬櫻花粉桌布＆控制盤\r\n\r\n新型理牌免輸送帶設計\r\n\r\n整合紫外線殺菌熱風除濕\r\n\r\n粉嫩配色好心情 精緻居家絕美呈現', '9', 3, 40, 30800, '2024-06-09', NULL, '2024-06-09', NULL, 'E6171039131493.jpg'),
(214, '鳳凰斜口機 折疊款 月光藍', '定位：\r\n\r\n家用入門級\r\n\r\n電壓：\r\n\r\n110V/60Hz\r\n\r\n保固：\r\n\r\n整機完整一年\r\n\r\n核心馬達終身\r\n\r\n特色：\r\n\r\n簡易標準款－斜口機\r\n\r\n熱風除濕、UV殺菌光\r\n\r\n支援USB充電', '9', 3, 20, 21800, '2024-06-09', NULL, '2024-06-09', NULL, 'E6167126363147.jpg'),
(215, '鳳凰斜口機 折疊款 玫瑰紅', '定位：\r\n\r\n家用入門級\r\n\r\n電壓：\r\n\r\n110V/60Hz\r\n\r\n保固：\r\n\r\n整機完整一年\r\n\r\n核心馬達終身\r\n\r\n特色：\r\n\r\n簡易標準款－斜口機\r\n\r\n熱風除濕、UV殺菌光\r\n\r\n支援USB充電', '9', 3, 20, 21800, '2024-06-09', NULL, '2024-06-09', NULL, 'E6167126183741.jpg'),
(216, '電動麻將桌 極薄專屬嵌燈', '特色：\r\n\r\n極薄設計不突出 吻合桌邊\r\n\r\n多款桌面容差設計\r\n\r\n無段自由調整亮度\r\n　\r\n\r\n規格：\r\n\r\n長：80CM/82.5CM/85CM\r\n\r\n高（厚）：0.7CM\r\n\r\n電壓：110V/60Hz 12V/25W\r\n　110V/60Hz', '9', 4, 50, 3500, '2024-06-09', NULL, '2024-06-09', NULL, 'E2167055798117.jpg'),
(217, '專用磁性麻將牌 36# 蒼霧灰', '標準台灣刻工模具製作\r\n\r\n３６＃台灣版模具製作', '9', 1, 700, 2200, '2024-06-09', NULL, '2024-06-09', NULL, 'E2167653758534.jpg'),
(218, '專用磁性麻將牌 36# 金桔黃', '標準台灣刻工模具製作\r\n\r\n３６＃台灣版模具製作', '9', 1, 700, 2200, '2024-06-09', NULL, '2024-06-09', NULL, 'E2167653753662.jpg'),
(219, '專用磁性麻將牌 36# 蒂芬尼', '標準台灣刻工模具製作\r\n\r\n３６＃台灣版模具製作', '9', 1, 700, 2200, '2024-06-09', NULL, '2024-06-09', NULL, 'E2167653735014.jpg'),
(220, '石墨黑 高光亮面壓克力牌尺', '長度 46.5cm\r\n選材加厚 5mm', '9', 2, 200, 400, '2024-06-09', NULL, '2024-06-09', NULL, 'E1165097675149.jpg'),
(221, '黃色 高光亮面壓克力牌尺', '長度 46.5cm\r\n選材加厚 5mm', '9', 2, 200, 400, '2024-06-09', NULL, '2024-06-09', NULL, 'E1165097701469.jpg'),
(222, '橘色 高光亮面壓克力牌尺', '長度 46.5cm\r\n選材加厚 5mm', '9', 2, 200, 400, '2024-06-09', NULL, '2024-06-09', NULL, 'E1165097698233.jpg'),
(223, '藍色 高光亮面壓克力牌尺', '長度 46.5cm\r\n選材加厚 5mm', '9', 2, 200, 400, '2024-06-09', NULL, '2024-06-09', NULL, 'E1165097680742.jpg'),
(224, '粉色 高光亮面壓克力牌尺', '長度 46.5cm\r\n選材加厚 5mm', '9', 2, 200, 400, '2024-06-09', NULL, '2024-06-09', NULL, 'E1165097677989.jpg'),
(225, '小面額加重籌碼 100片', '面額：10、20、50、100、200\r\n各面額20片', '9', 4, 300, 800, '2024-06-09', NULL, '2024-06-09', NULL, 'E1165097506068.jpg'),
(226, '大面額加重籌碼 100片', '面額/片數：\r\n100-40片\r\n500-20片\r\n1000-20片\r\n5000-12片\r\n10000-8片', '9', 4, 299, 1000, '2024-06-09', NULL, '2024-06-09', NULL, 'E1165097502433.jpg'),
(227, 'M3ⅡS極薄過山車-折疊款', '商品特色\r\n三年完整保固-給您安心有保障\r\n長勝獨家專利-LED桌框燈-可獨立調控\r\n長勝獨家專利-精密鐘錶齒輪上牌結構-最穩定耐用\r\n雙模骰控制盤-新增電子靜音骰功能\r\n冷熱風雙除濕功能-麻將不濕黏\r\n最新進化-洗牌超靜音-娛樂同時不擾鄰\r\n網友狂推-*極薄*機身設計-空間大大提升\r\n可收式折疊款-使用方便好收納\r\n整機訂製-110V電壓‧台灣專用馬達-穩定度大大提高\r\n整機-外觀環保材質-共同愛地球\r\n國際大廠設計生產-品質嚴格管控\r\n行業中-最低故障率之產品', '10', 3, 40, 34800, '2024-06-09', NULL, '2024-06-09', NULL, '98461483.jpg'),
(228, 'M6ⅡS極薄過山車-餐桌款', '商品特色\r\n三年完整保固-給您安心有保障\r\n長勝獨家專利-LED桌框燈-可獨立調控\r\n長勝獨家專利-精密鐘錶齒輪-上牌結構-最穩定耐用\r\n雙模骰控制盤-新增電子靜音骰功能\r\n冷熱風雙除濕-杜絕手汗.麻將不濕黏\r\n洗牌超靜音-娛樂同時不擾鄰\r\n極薄機身-提升腿部空間不卡腳\r\n附贈專用餐桌蓋板-讓您一桌多用\r\n量身訂製-台灣專用110V電壓馬達-提升機器穩定度\r\n響應環保-整機外觀環保材質-共同愛地球\r\n嚴選廠家-國際大廠設計生產-品質嚴格管控\r\n行業中-最低故障率之產品', '10', 3, 40, 37800, '2024-06-09', NULL, '2024-06-09', NULL, '650985454.jpg'),
(229, 'M5Ⅱ極薄過山車-折疊款', '商品特色\r\n貼心設計-LED桌邊燈-幫您點亮光明燈\r\n內部結構-強化塑鋼鍊條-耐磨耐熱靜音\r\n雙模骰控制盤-新增電子靜音骰功能\r\n冷熱風雙除濕功能-麻將不濕黏\r\n網友狂推-*極薄*機身設計-空間大大提升\r\n邊框加裝吸音降噪海綿-娛樂同時不擾鄰\r\n迷你桌款-桌面含桌框:92X92(cm)\r\n可收式折疊款-使用方便好收納\r\n整機訂製-110V電壓‧台灣專用馬達-穩定度大大提高\r\n整機-外觀環保材質-共同愛地球\r\n國際大廠設計生產-品質嚴格管控\r\n行業中-最低故障率之產品\r\n可加購專用內扣蓋板:1000元\r\n桌布顏色有:綠色.粉色.藍色,三色可自行選擇，下單請務必備註於備註欄，或是加LINE告知，無備註一律為綠色。', '10', 3, 40, 29800, '2024-06-09', NULL, '2024-06-09', NULL, 'DSC00080.jpg'),
(230, 'M5Ⅱ極薄過山車-餐桌款', '商品特色\r\n貼心設計-LED桌邊燈-幫您點亮光明燈\r\n內部結構-強化塑鋼鍊條-耐磨耐熱靜音\r\n雙模骰控制盤-新增電子靜音骰功能\r\n冷熱風雙除濕功能-麻將不濕黏\r\n網友狂推-*極薄*機身設計-空間大大提升\r\n邊框加裝吸音降噪海綿-娛樂同時不擾鄰\r\n附贈專用餐桌蓋板-一桌多用途\r\n迷你桌款-桌面含桌框:92X92(cm)\r\n整機訂製-110V電壓‧台灣專用馬達-穩定度大大提高\r\n整機-外觀環保材質-共同愛地球\r\n國際大廠設計生產-品質嚴格管控\r\n行業中-最低故障率之產品\r\n桌布顏色有:綠色.粉色.藍色,三色可自行選擇，下單請務必備註於備註欄，或是加LINE告知，無備註一律為綠色。\r', '10', 3, 40, 31800, '2024-06-09', NULL, '2024-06-09', NULL, '203626617.jpg'),
(231, 'X2Ⅱ-餐桌款', '商品特色\r\n可收式折疊款-讓您使用及收納上更為方便\r\n配置除濕系統-洗牌自動吹冷風\r\n整機訂製-110V電壓‧台灣專用馬達', '10', 3, 40, 20800, '2024-06-09', NULL, '2024-06-09', NULL, '8.jpg'),
(232, 'H900-餐桌款 ', '商品特色\r\n獨家販售-內崁式桌燈-實用性極高\r\n防潮防濕-配置熱風除濕系統\r\n附贈-H900專用餐桌蓋板-讓您一桌多用\r\n整機訂製-110V電壓‧台灣專用馬達-穩定度大大提高', '10', 3, 40, 29800, '2024-06-09', NULL, '2024-06-09', NULL, 'H900-1-1.png'),
(233, '長勝R8Ⅱ-極薄餐桌款', '商品特色\r\n業界獨家專利-極薄桌款-極薄機身-空間大增\r\n長勝獨家開模-台灣專用款桌面-拿牌不吃力\r\n冷熱風雙除濕功能-麻將不濕黏\r\n最新進化-超靜音洗牌系統-娛樂同時不擾鄰\r\n附贈R8Ⅱ專用餐桌蓋板-讓您一桌多用\r\n整機訂製-110V電壓‧台灣專用馬達-穩定度大大提高\r\n整機-外觀環保材質-共同愛地球\r\n國際大廠設計生產-品質嚴格管控\r\n行業中-最低故障率之產品', '10', 3, 40, 31800, '2024-06-09', NULL, '2024-06-09', NULL, '818402867.jpg'),
(234, '長勝茶韻-奢華餐桌款', '商品特色\r\n三年完整保固-給您安心有保障\r\n長勝獨家採用-最新技術-科技木製造-看似原木質感-卻不變形\r\n業界獨家專利-超薄桌款-超薄機身-空間大增\r\n長勝獨家開模-台灣專用款桌面-拿牌不吃力\r\n冷熱風雙除濕功能-麻將不濕黏\r\n最新進化-超靜音洗牌系統-娛樂同時不擾鄰\r\n附贈-茶韻專用餐桌蓋板-讓您一桌多用\r\n整機訂製-110V電壓‧台灣專用馬達-穩定度大大提高\r\n整機-外觀環保材質-共同愛地球\r\n國際大廠設計生產-品質嚴格管控\r\n行業中-最低故障率之產品', '10', 3, 40, 49800, '2024-06-09', NULL, '2024-06-09', NULL, 't2.jpg'),
(235, '壓克力加厚牌尺', '壓克力加厚牌尺\r\n耐用不易斷裂', '10', 2, 200, 300, '2024-06-09', NULL, '2024-06-09', NULL, '_DSC2910.jpg'),
(236, '長勝-勝字籌碼組', '長勝-勝字籌碼組\r\n獨家訂製款', '10', 4, 1000, 1599, '2024-06-09', NULL, '2024-06-09', NULL, '_DSC2938.jpg'),
(237, '36mm電動麻將加重加厚牌 埃及藍', '• 規 格 : 36mm\r\n\r\n• 數 量 : 144張麻將牌（無收納盒、牌尺、骰子，紙盒包裝出貨）\r\n\r\n• 材 質 : 尿素-竹絲\r\n\r\n• 磁 性 : (正磁)⛔️ 台灣雀友電動麻將桌不適用⛔️\r\n\r\n• 標準台灣字體\r\n\r\n• 銷售單位: 每副\r\n\r\n• 單顆重量：約29g(±2g)\r\n\r\n• 單顆尺寸：寬26mm 高36mm 深19mm (工廠批次不同，±0.5mm屬正常現象，不影響使用)', '11', 1, 350, 2000, '2024-06-09', NULL, '2024-06-09', NULL, '54306125e32949fb23936ee67f0d9f86.jpg'),
(238, '36mm電動麻將加重加厚牌 蘇打綠', '• 規 格 : 36mm\r\n\r\n• 數 量 : 144張麻將牌（無收納盒、牌尺、骰子，紙盒包裝出貨）\r\n\r\n• 材 質 : 尿素-竹絲\r\n\r\n• 磁 性 : (正磁)⛔️ 台灣雀友電動麻將桌不適用⛔️\r\n\r\n• 標準台灣字體\r\n\r\n• 銷售單位: 每副\r\n\r\n• 單顆重量：約29g(±2g)\r\n\r\n• 單顆尺寸：寬26mm 高36mm 深19mm (工廠批次不同，±0.5mm屬正常現象，不影響使用)', '11', 1, 350, 2000, '2024-06-09', NULL, '2024-06-09', NULL, '2b0ce813b447e07f941d77110b35755e.jpg'),
(239, '36牌專用壓克力高光牌尺', '壓克力牌尺\r\n\r\n耐用不易缺角龜裂、正反雙面材質(亮面、磨砂)\r\n\r\n顏 色 : 櫻花粉/海洋藍/螢光綠/4白\r\n\r\n規 格 : 465mm/30mm/5mm\r\n\r\n材 質 : 壓克力', '11', 2, 350, 300, '2024-06-09', NULL, '2024-06-09', NULL, 'sg-11134201-22120-1tn28ob07olv4a.jpg'),
(240, 'Kenrod 5G旋翼梯過山車電動麻將桌 海洋藍【餐桌型】', '材質\r\n金屬, 塑膠\r\n產地\r\n中國\r\n桌子種類\r\n餐桌\r\n長度\r\n96cm\r\n尺寸（長 x 寬 x 高）\r\n96x96x76', '11', 3, 50, 26800, '2024-06-09', NULL, '2024-06-09', NULL, '1039dc1a6e0ba2ff03ddf7549f56d56b.jpg'),
(241, '麻將桌專用清潔刷', '麻將桌專用清潔刷\r\n\r\n可清潔麻將桌布上的毛絮髒污\r\n\r\n輕盈好握 輕刷即可掃除碎屑', '11', 4, 150, 99, '2024-06-09', NULL, '2024-06-09', NULL, 'sg-11134201-22120-gqci7otybplv17.jpg'),
(242, 'Kenrod專用多功能杯架', '[名稱]           Kenrod專用多功能杯架\r\n\r\n[材質]           ABS環保塑膠原料\r\n\r\n[顏色]           黑色\r\n\r\n[特點]           結實耐用/承重穩固/方便使用/適用多種腳形\r\n\r\n[注意事項]     避免長時間陽光直射', '11', 4, 150, 600, '2024-06-09', NULL, '2024-06-09', NULL, 'sg-11134201-22110-15hfp3h5gojvc6.jpg'),
(243, '加重籌碼', '保固種類\r\n無保修\r\n適用年齡\r\n> 14歲\r\n每組數量\r\n20片', '11', 4, 250, 200, '2024-06-09', NULL, '2024-06-09', NULL, '8fee7069072452b8e745f57436f6017b.jpg'),
(244, 'Kenrod 5GPro過山車電動麻將桌/宋瓷白餐桌款', '※時尚超薄機身：讓您腿部空間更自如⟪大長腿不頂腳⟫\r\n\r\n※宋瓷白新東方美學：潔白細膩契合現代家具風格⟪簡約外觀⟫\r\n\r\n※創新獨創專利：業界獨家上升疊牌方式⟪升牌不卡物⟫\r\n\r\n※熱風除濕：有效去除麻將牌水漬汗漬⟪梅雨受潮不黏膩⟫\r\n\r\n※洗牌超靜音：全系列洗牌噪音低⟪娛樂體驗更舒適⟫\r\n\r\n※穩定耐操：妥善率高耐用時間長⟪打牌娛樂好安心⟫\r\n\r\n※一桌多用途：娛樂/用餐/辦公⟪是麻將桌也是餐桌⟫\r\n\r\n※四邊USB：在娛樂同時避免漏接電話⟪方便快捷⟫\r\n\r\n\r\n◆電壓：AC110V/60Hz\r\n\r\n◆重量：76Kg\r\n\r\n◆尺寸：長96CM X 寬96CM X 高76CM', '11', 3, 47, 28800, '2024-06-09', NULL, '2024-06-09', NULL, 'c90ad3a7a9ba555bcaada8beb8e77955.jpg'),
(245, 'Kenrod 5G旋翼梯過山車電動麻將桌 瓷白【摺疊型】', 'Kenrod 5G旋翼梯過山車電動麻將桌【摺疊型】\r\n\r\n※時尚超薄機身：讓您腿部空間更自如⟪大長腿不頂腳⟫\r\n\r\n※鋼琴鏡面烤漆：適合各種裝潢風格⟪極簡鏡面外觀⟫\r\n\r\n※創新獨創專利：業界獨家上升疊牌方式⟪升牌不卡物⟫\r\n\r\n※熱風除濕：有效去除麻將牌水漬汗漬⟪梅雨受潮不黏膩⟫\r\n\r\n※洗牌超靜音：全系列洗牌噪音低⟪娛樂體驗更舒適⟫\r\n\r\n※穩定耐操：妥善率高耐用時間長⟪打牌娛樂好安心⟫\r\n\r\n※手動摺疊：老人女士都輕鬆摺疊⟪輕鬆收納省空間⟫\r\n\r\n※四邊USB：在娛樂同時避免漏接電話⟪方便快捷⟫\r\n\r\n\r\n◆電壓：AC110V/60Hz\r\n\r\n◆重量：76Kg\r\n\r\n◆尺寸：長96CM X 寬96CM X 高79CM', '11', 3, 40, 28800, '2024-06-09', NULL, '2024-06-09', NULL, '87d54a4838f62e9f52b90de01f5fd7b1.jpg'),
(246, 'Kenrod 5GPro過山車電動麻將桌/宋木紋餐桌款', 'Kenrod 5GPro旋翼梯過山車電動麻將桌【宋木紋餐桌型】\n\n※時尚超薄機身：讓您腿部空間更自如⟪大長腿不頂腳⟫\n\n※宋木紋典雅外觀：契合現代家具風格⟪簡約外觀⟫\n\n※創新獨創專利：業界獨家上升疊牌方式⟪升牌不卡物⟫\n\n※熱風除濕：有效去除麻將牌水漬汗漬⟪梅雨受潮不黏膩⟫\n\n※洗牌超靜音：全系列洗牌噪音低⟪娛樂體驗更舒適⟫\n\n※穩定耐操：妥善率高耐用時間長⟪打牌娛樂好安心⟫\n\n※一桌多用途：娛樂/用餐/辦公⟪是麻將桌也是餐桌⟫\n\n※四邊USB：在娛樂同時避免漏接電話⟪方便快捷⟫\n\n◆電壓：AC110V/60Hz\n\n◆重量：76Kg\n\n◆尺寸：長96CM X 寬96CM X 高76CM', '11', 3, 40, 32900, '2024-06-09', NULL, '2024-06-09', NULL, 'e60eccc0aca12bfd6938b256c1700c27.jpg'),
(247, 'Kenrod 5G旋翼梯過山車電動麻將桌 瓷白【餐桌型】', 'Kenrod 5G旋翼梯過山車電動麻將桌【餐桌型】\r\n\r\n※時尚超薄機身：讓您腿部空間更自如⟪大長腿不頂腳⟫\r\n\r\n※鋼琴鏡面烤漆：適合各種裝潢風格⟪極簡鏡面外觀⟫\r\n\r\n※創新獨創專利：業界獨家上升疊牌方式⟪升牌不卡物⟫\r\n\r\n※熱風除濕：有效去除麻將牌水漬汗漬⟪梅雨受潮不黏膩⟫\r\n\r\n※洗牌超靜音：全系列洗牌噪音低⟪娛樂體驗更舒適⟫\r\n\r\n※穩定耐操：妥善率高耐用時間長⟪打牌娛樂好安心⟫\r\n\r\n※一桌多用途：娛樂/用餐/辦公⟪是麻將桌也是餐桌⟫\r\n\r\n※四邊USB：在娛樂同時避免漏接電話⟪方便快捷⟫\r\n\r\n◆電壓：AC110V/60Hz\r\n\r\n◆重量：76Kg\r\n\r\n◆尺寸：長96CM X 寬96CM X 高76CM', '11', 3, 40, 28800, '2024-06-09', NULL, '2024-06-09', NULL, '90c59b0f8828314d6ef732242b74e8ed.jpg'),
(248, '摔不破方向環 32mm / 方向庄', '摔不破方向環\r\n\r\n耐用不易摔壞\r\n\r\n\r\n\r\n尺寸：外殼直徑6公分x高3.5 公分', '11', 4, 100, 100, '2024-06-09', NULL, '2024-06-09', NULL, 'sg-11134201-22120-7fnxqfsiwdlv85.jpg'),
(249, 'T180-手動折疊款(雅韻珍珠白)', '1.自動加熱除濕，免按鈕自動化熱風除濕(可關閉)\r\n2.USB手機充電孔 四邊皆有不斷電\r\n3.雙段升牌板 首墩牌不易傾倒\r\n4.一鍵開關機及自動關機 安全省電有保障\r\n5.旋翼式上牌 無鋼絲無鏈條，推牌安靜\r\n6.環形儲牌技術 提升儲牌空間\r\n7.超薄斜擺牌 採用15°黃金斜擺牌設計，免再次推牌的動作\r\n8.綠色平絨台面布\r\n9.快扣磁吸式手動摺疊腳，摺疊收納秒處理\r\n10.一體成形、堅固結實，噴塑處理、耐磨防刮', '12', 3, 50, 27999, '2024-06-09', NULL, '2024-06-09', NULL, '970_6566bb5dcb313.jpg.webp'),
(250, 'H850T-套裝款', '1.木材選用非洲進口烏金木，觸之細膩，賞心華貴\n2.透過環形儲牌技術，降低機芯厚度至134MM，釋放更大空間\n3.精湛外型設計，歐式貴族風格\n4.自動加熱除濕，免按鈕自動化熱風除濕(可關閉)\n5.雙段升牌板 首墩牌不易傾倒\n6.一鍵開關機及自動關機 安全省電有保障\n7.旋翼式上牌 無鋼絲無鏈條，推牌安靜\n8.環形儲牌技術 提升儲牌空間\n9.超薄斜擺牌 採用15°黃金斜擺牌設計，免再次推牌的動作', '12', 3, 50, 180000, '2024-06-09', NULL, '2024-06-09', NULL, '970_65fbf45e38226.jpg.webp'),
(251, 'H760T-套裝款', '1.木材選用優質原生態白蠟實木，材質堅韌，環保耐用\r\n2.禪意外型設計，盡顯東方美學\r\n3.自動加熱除濕，免按鈕自動化熱風除濕(可關閉)\r\n4.雙段升牌板 首墩牌不易傾倒\r\n5.一鍵開關機及自動關機 安全省電有保障\r\n6.旋翼式上牌 無鋼絲無鏈條，推牌安靜\r\n7.環形儲牌技術 提升儲牌空間\r\n8.超薄斜擺牌 採用15°黃金斜擺牌設計，免再次推牌的動作', '12', 3, 50, 110000, '2024-06-09', NULL, '2024-06-09', NULL, '970_65fbd989b4969.jpg.webp'),
(252, 'H780T-套裝款', '1.木材選用泰國A級橡膠木，淡雅柔和，手感細膩\r\n2.6mm加厚岩板蓋板，耐重耐磨耐刮\r\n3.自動加熱除濕，免按鈕自動化熱風除濕(可關閉)\r\n4.雙段升牌板 首墩牌不易傾倒\r\n5.一鍵開關機及自動關機 安全省電有保障\r\n6.旋翼式上牌 無鋼絲無鏈條，推牌安靜\r\n7.環形儲牌技術 提升儲牌空間\r\n8.超薄斜擺牌 採用15°黃金斜擺牌設計，免再次推牌的動作', '12', 3, 50, 110000, '2024-06-10', NULL, '2024-06-10', NULL, '970_65fbaa6e09a0c.jpg.webp'),
(253, 'H860T-套裝款', '1.木材選用北美進口FAS級黑胡桃木\r\n2.木框創新分類設計，內置L型金屬框架\r\n3.自動加熱除濕，免按鈕自動化熱風除濕(可關閉)\r\n4.雙段升牌板 首墩牌不易傾倒\r\n5.一鍵開關機及自動關機 安全省電有保障\r\n6.旋翼式上牌 無鋼絲無鏈條，推牌安靜\r\n7.環形儲牌技術 提升儲牌空間\r\n8.超薄斜擺牌 採用15°黃金斜擺牌設計，免再次推牌的動作', '12', 3, 50, 160000, '2024-06-10', NULL, '2024-06-10', NULL, '970_65f911f11e5eb.jpg.webp'),
(254, '天胡一號 電動麻將桌_木紋', '‧旋翼式過山車電動麻將桌。\r\n‧高質感羊絨檯面。\r\n‧全自動熱風除濕。\r\n‧執骰雙模式。\r\n‧防撞 + 降噪雙重防護。\r\n‧四邊USB充電孔。\r\n‧薄型桌面設計。\r\n‧贈精美配件組。', '14', 3, 20, 25800, '2024-06-10', NULL, '2024-06-10', NULL, '16717840881.jpg'),
(255, '馬丘麻將精裝組', '・馬丘麻將  x1 (144張 ) \r\n・方向環(銀)  x1\r\n・牌尺 x4\r\n・骰子 x6', '16', 1, 100, 4680, '2024-06-10', NULL, '2024-06-10', NULL, '800x (20).webp'),
(256, '馬丘麻將精裝組-金馬59聯名款', '・金馬馬丘麻將 1 副（144張）\r\n・金馬 59 紀念麻將 1 張\r\n・空白麻將 1 張\r\n・玫瑰金方向環 1 個\r\n・骰子 6 顆\r\n・牌尺 4 支（白色x3、透明x1）', '16', 1, 30, 5180, '2024-06-10', NULL, '2024-06-10', NULL, '800x (21).webp'),
(257, '馬丘麻將【電動麻將桌用版】', '．馬丘麻將（電動麻將桌專用 - 144張）x1', '16', 1, 50, 2500, '2024-06-10', NULL, '2024-06-10', NULL, '800x (22).webp'),
(258, '電麻版牌尺', '四入為一組，共有四款配色\r\n．馬丘牌尺 36mm x4\r\n．適用於馬丘電動桌用版麻將 (非用於精裝組)\r\n．無法和其他品牌麻將搭配使用', '16', 2, 50, 399, '2024-06-10', NULL, '2024-06-10', NULL, '800x (23).webp'),
(259, '馬丘方向環', '🌟 質感配件，豐富您的遊戲體驗\r\n🀄️ 共有銀、金兩款配色', '16', 4, 50, 500, '2024-06-10', NULL, '2024-06-10', NULL, '800x (24).webp'),
(260, '麻將收納袋', '🗃 電動麻將桌用版必備配件，收納更方便\r\n🛍 兩入更優惠，現折$50，\r\n＊建議使用於電動版麻將', '16', 4, 500, 200, '2024-06-10', NULL, '2024-06-10', NULL, '800x (25).webp');

-- --------------------------------------------------------

--
-- 資料表結構 `product_category`
--

CREATE TABLE `product_category` (
  `id` int(5) UNSIGNED NOT NULL COMMENT 'AUTO_INCREMENT',
  `name` varchar(20) NOT NULL,
  `valid` int(11) NOT NULL DEFAULT 1
) ENGINE=InnoDB DEFAULT CHARSET=utf8mb4 COLLATE=utf8mb4_unicode_ci;

--
-- 傾印資料表的資料 `product_category`
--

INSERT INTO `product_category` (`id`, `name`, `valid`) VALUES
(1, '麻將牌', 1),
(2, '牌尺', 1),
(3, '麻將桌', 1),
(4, '周邊', 1),
(5, '桌遊', 1);

-- --------------------------------------------------------

--
-- 資料表結構 `product_images`
--

CREATE TABLE `product_images` (
  `id` int(6) UNSIGNED NOT NULL,
  `product_id` varchar(30) NOT NULL,
  `img` varchar(100) NOT NULL
) ENGINE=InnoDB DEFAULT CHARSET=utf8mb4 COLLATE=utf8mb4_unicode_ci;

--
-- 傾印資料表的資料 `product_images`
--

INSERT INTO `product_images` (`id`, `product_id`, `img`) VALUES
(1, '202', '800x (26).webp'),
(2, '202', '800x (27).webp'),
(3, '203', '800x (28).webp'),
(4, '204', '800x (29).webp'),
(5, '204', '800x (30).webp'),
(6, '204', '800x (31).webp'),
(7, '205', '800x (32).webp'),
(8, '205', 'original (1).jpg'),
(9, '206', 'original (2).jpg'),
(10, '206', '800x (33).webp'),
(11, '207', '800x (34).webp'),
(12, '207', '800x (35).webp'),
(13, '208', '800x (36).webp'),
(14, '208', '800x (37).webp'),
(15, '209', '800x (38).webp'),
(16, '209', '800x (39).webp'),
(17, '210', '800x (40).webp'),
(18, '211', '2000x (2).webp'),
(19, '212', '800x (41).webp'),
(20, '213', '4048_125213509_44_mainCoverImage1.webp'),
(21, '213', 'E1171039131486.jpg'),
(22, '213', 'E2171039131486.jpg'),
(23, '214', 'E6167126363147 (1).jpg'),
(24, '214', 'E1167126363143.jpg'),
(25, '215', 'E6167126183741 (1).jpg'),
(26, '215', 'E1167126183736.jpg'),
(27, '215', 'E2167126183736.jpg'),
(28, '216', 'E1167055798115.jpg'),
(29, '216', 'E2167055798117 (1).jpg'),
(30, '217', 'E2167653758534 (1).jpg'),
(31, '218', 'E2167653753662 (1).jpg'),
(32, '219', 'K_tiffanyMJ_newlogo.jpg'),
(33, '220', 'E1165097675149 (1).jpg'),
(34, '221', 'E1165097701469 (1).jpg'),
(35, '222', 'E1165097698233 (1).jpg'),
(36, '223', 'E1165097680742 (1).jpg'),
(37, '224', 'E1165097677989 (1).jpg'),
(38, '235', 'E1165097506068 (1).jpg'),
(39, '226', 'E3165097553184.jpg'),
(40, '226', 'E2165097553184.jpg'),
(41, '227', '98461483 (1).jpg'),
(42, '227', '143383818.jpg'),
(43, '228', '650985454 (1).jpg'),
(44, '229', 'DSC00080 (1).jpg'),
(45, '229', 'DSC00086.jpg'),
(46, '230', '203626617 (1).jpg'),
(47, '230', '103745628.jpg'),
(48, '231', '8 (1).jpg'),
(49, '231', '9.jpg'),
(50, '232', 'H900-1-1 (1).png'),
(51, '232', 'H900-3-1.png'),
(52, '232', 'H900-7-1.jpg'),
(53, '233', '818402867 (1).jpg'),
(54, '233', '58906404.jpg'),
(55, '234', 't2 (1).jpg'),
(56, '235', '_DSC2910 (1).jpg'),
(57, '237', '54306125e32949fb23936ee67f0d9f86 (1).jpg'),
(58, '238', '2b0ce813b447e07f941d77110b35755e (1).jpg'),
(59, '238', 'tw-11134207-7r98u-llot2hgqi1ejef.jpg'),
(60, '239', 'sg-11134201-22120-1tn28ob07olv4a (1).jpg'),
(61, '240', '1039dc1a6e0ba2ff03ddf7549f56d56b (1).jpg'),
(62, '240', 'a69224dbb2f6ec67413533f34935f6d6.jpg'),
(63, '241', 'sg-11134201-22120-gqci7otybplv17 (1).jpg'),
(64, '242', 'sg-11134201-22110-15hfp3h5gojvc6 (1).jpg'),
(65, '242', 'sg-11134201-22110-1tms94aehojv91.jpg'),
(66, '243', '8fee7069072452b8e745f57436f6017b (1).jpg'),
(67, '244', 'c90ad3a7a9ba555bcaada8beb8e77955 (1).jpg'),
(68, '244', '86865b862ac557c4e19b821c95be836a.jpg'),
(69, '245', '87d54a4838f62e9f52b90de01f5fd7b1 (1).jpg'),
(70, '245', '3517ff76b519e20d14c039fbd49b96fc.jpg'),
(71, '246', 'e60eccc0aca12bfd6938b256c1700c27 (1).jpg'),
(72, '246', '9db44d37decfbd30ca8403812c6c38b2.jpg'),
(73, '247', '90c59b0f8828314d6ef732242b74e8ed (1).jpg'),
(74, '247', 'c67f87761d512544bcbe7c50d7ba8f81.jpg'),
(75, '248', 'sg-11134201-22120-7fnxqfsiwdlv85 (1).jpg'),
(76, '249', 'sg-11134201-22120-7fnxqfsiwdlv85 (2).jpg'),
(77, '249', '970_657a7659b6b58.jpg.webp'),
(78, '249', '970_657a765493601.jpg.webp'),
(79, '250', '970_65fbf45e38226.jpg (1).webp'),
(80, '250', '970_65fbf45ce5edd.jpg.webp'),
(81, '250', '970_65fbf45c5cbfb.jpg.webp'),
(82, '251', '970_65fbd989b4969.jpg (1).webp'),
(83, '251', '970_65fbd9892a50c.jpg.webp'),
(84, '251', '970_665c0b40a7797.jpg.webp'),
(85, '252', '970_65fbaa6e09a0c.jpg (1).webp'),
(86, '252', '970_65fbaa6d8d8c0.jpg.webp'),
(87, '252', '970_65fbaa6c41532.jpg.webp'),
(88, '253', '970_65f911f11e5eb.jpg (1).webp'),
(89, '253', '970_65f911fdc3679.jpg.webp'),
(90, '254', '16717840881 (1).jpg'),
(91, '255', '800x (42).webp'),
(92, '255', '800x (43).webp'),
(93, '255', '800x (44).webp'),
(94, '256', '800x (45).webp'),
(95, '256', '800x (46).webp'),
(96, '256', '800x (47).webp'),
(97, '257', '800x (48).webp'),
(98, '257', '800x (51).webp'),
(99, '258', '800x (52).webp'),
(100, '258', '800x (53).webp'),
(101, '259', '800x (54).webp'),
(102, '259', '800x (55).webp'),
(103, '260', '800x (57).webp'),
(104, '260', '800x (57).webp'),
(105, '34', 'image_0001.jpg'),
(106, '34', 'image_0002.jpg'),
(107, '35', 'image_0003.jpg'),
(108, '35', 'image_0004.jpg'),
(109, '35', 'image_0005.jpg'),
(110, '36', 'image_0006.jpg'),
(111, '36', 'image_0007.jpg'),
(112, '37', 'image_0008.jpg'),
(113, '37', 'image_0009.jpg'),
(114, '38', 'image_0010.jpg'),
(115, '38', 'image_0011.jpg'),
(116, '38', 'image_0012.jpg'),
(117, '39', 'image_0013.jpg'),
(118, '39', 'image_0014.jpg'),
(119, '39', 'image_0015.jpg'),
(120, '40', 'image_0016.jpg'),
(121, '40', 'image_0017.jpg'),
(122, '41', 'image_0018.jpg'),
(123, '41', 'image_0019.jpg'),
(124, '41', 'image_0020.jpg'),
(125, '42', 'image_0021.jpg'),
(126, '42', 'image_0022.jpg'),
(127, '43', 'image_0023.jpg'),
(128, '43', 'image_0024.jpg'),
(129, '44', 'image_0025.jpg'),
(130, '44', 'image_0026.jpg'),
(131, '44', 'image_0027.jpg'),
(132, '45', 'image_0028.jpg'),
(133, '45', 'image_0029.jpg'),
(134, '45', 'image_0030.jpg'),
(135, '46', 'image_0031.jpg'),
(136, '46', 'image_0032.jpg'),
(137, '46', 'image_0033.jpg'),
(138, '47', 'image_0034.jpg'),
(139, '47', 'image_0035.jpg'),
(140, '47', 'image_0036.jpg'),
(141, '47', 'image_0037.jpg'),
(142, '48', 'image_0038.jpg'),
(143, '48', 'image_0039.jpg'),
(144, '48', 'image_0040.jpg'),
(145, '49', 'image_0041.jpg'),
(146, '49', 'image_0042.jpg'),
(147, '50', 'image_0043.jpg'),
(148, '51', 'image_0044.jpg'),
(149, '51', 'image_0045.jpg'),
(150, '52', 'image_0046.jpg'),
(151, '52', 'image_0047.jpg'),
(152, '53', 'image_0048.jpg'),
(153, '53', 'image_0049.jpg'),
(154, '54', 'image_0050.jpg'),
(155, '54', 'image_0051.jpg'),
(156, '55', 'image_0052.jpg'),
(157, '55', 'image_0053.jpg'),
(158, '56', 'image_0054.jpg'),
(159, '60', 'image_0055.jpg'),
(160, '60', 'image_0056.jpg'),
(161, '66', 'image_0057.jpg'),
(162, '66', 'image_0058.jpg'),
(163, '67', 'image_0059.jpg'),
(164, '67', 'image_0060.jpg'),
(165, '68', 'image_0061.jpg'),
(166, '68', 'image_0062.jpg'),
(167, '69', 'image_0063.jpg'),
(168, '69', 'image_0064.jpg'),
(169, '69', 'image_0065.jpg'),
(170, '1', 'image_0066.jpg'),
(171, '1', 'image_0067.jpg'),
(172, '1', 'image_0068.jpg'),
(173, '2', 'image_0069.jpg'),
(174, '2', 'image_0070.jpg'),
(175, '2', 'image_0071.jpg'),
(176, '3', 'image_0072.jpg'),
(177, '3', 'image_0073.jpg'),
(178, '3', 'image_0074.jpg'),
(179, '4', 'image_0075.jpg'),
(180, '4', 'image_0076.jpg'),
(181, '4', 'image_0077.jpg'),
(182, '5', 'image_0078.jpg'),
(183, '5', 'image_0079.jpg'),
(184, '5', 'image_0080.jpg'),
(185, '6', 'image_0081.jpg'),
(186, '6', 'image_0082.jpg'),
(187, '6', 'image_0083.jpg'),
(188, '7', 'image_0084.jpg'),
(189, '7', 'image_0085.jpg'),
(190, '7', 'image_0086.jpg'),
(191, '8', 'image_0087.jpg'),
(192, '8', 'image_0088.jpg'),
(193, '8', 'image_0089.jpg'),
(194, '9', 'image_0090.jpg'),
(195, '9', 'image_0091.jpg'),
(196, '9', 'image_0092.jpg'),
(197, '10', 'image_0093.jpg'),
(198, '10', 'image_0094.jpg'),
(199, '10', 'image_0095.jpg'),
(200, '11', 'image_0096.jpg'),
(201, '11', 'image_0097.jpg'),
(202, '11', 'image_0098.jpg'),
(203, '12', 'image_0099.jpg'),
(204, '12', 'image_0100.jpg'),
(205, '12', 'image_0101.jpg'),
(206, '13', 'image_0102.jpg'),
(207, '13', 'image_0103.jpg'),
(208, '13', 'image_0104.jpg'),
(209, '14', 'image_0105.jpg'),
(210, '14', 'image_0106.jpg'),
(211, '14', 'image_0107.jpg'),
(212, '15', 'image_0108.jpg'),
(213, '15', 'image_0109.jpg'),
(214, '15', 'image_0110.jpg'),
(215, '16', 'image_0111.jpg'),
(216, '16', 'image_0112.jpg'),
(217, '16', 'image_0113.jpg'),
(218, '17', 'image_0114.jpg'),
(219, '17', 'image_0115.jpg'),
(220, '17', 'image_0116.jpg'),
(221, '18', 'image_0117.jpg'),
(222, '18', 'image_0118.jpg'),
(223, '18', 'image_0119.jpg'),
(224, '19', 'image_0120.jpg'),
(225, '19', 'image_0121.jpg'),
(226, '19', 'image_0122.jpg'),
(227, '20', 'image_0123.jpg'),
(228, '20', 'image_0124.jpg'),
(229, '20', 'image_0125.jpg'),
(230, '21', 'image_0126.jpg'),
(231, '21', 'image_0127.jpg'),
(232, '21', 'image_0128.jpg'),
(233, '22', 'image_0129.jpg'),
(234, '22', 'image_0130.jpg'),
(235, '22', 'image_0131.jpg'),
(236, '23', 'image_0132.jpg'),
(237, '23', 'image_0133.jpg'),
(238, '23', 'image_0134.jpg'),
(239, '24', 'image_0135.jpg'),
(240, '24', 'image_0136.jpg'),
(241, '24', 'image_0137.jpg'),
(242, '25', 'image_0138.jpg'),
(243, '25', 'image_0139.jpg'),
(244, '25', 'image_0140.jpg'),
(245, '26', 'image_0141.jpg'),
(246, '26', 'image_0142.jpg'),
(247, '26', 'image_0143.jpg'),
(248, '27', 'image_0144.jpg'),
(249, '27', 'image_0145.jpg'),
(250, '27', 'image_0146.jpg'),
(251, '28', 'image_0147.jpg'),
(252, '28', 'image_0148.jpg'),
(253, '28', 'image_0149.jpg'),
(254, '29', 'image_0150.jpg'),
(255, '29', 'image_0151.jpg'),
(256, '29', 'image_0152.jpg'),
(257, '30', 'image_0153.jpg'),
(258, '30', 'image_0154.jpg'),
(259, '30', 'image_0155.jpg'),
(260, '31', 'image_0156.jpg'),
(261, '31', 'image_0157.jpg'),
(262, '31', 'image_0158.jpg'),
(263, '32', 'image_0159.jpg'),
(264, '32', 'image_0160.jpg'),
(265, '32', 'image_0161.jpg'),
(266, '33', 'image_0162.jpg'),
(267, '33', 'image_0163.jpg'),
(268, '33', 'image_0164.jpg'),
(269, '167', 'image_0165.jpg'),
(270, '168', 'image_0166.jpg'),
(271, '169', 'image_0167.jpg'),
(272, '170', 'image_0168.jpg'),
(273, '171', 'image_0169.jpg'),
(274, '172', 'image_0170.jpg'),
(275, '173', 'image_0171.jpg'),
(276, '174', 'image_0172.jpg'),
(277, '175', 'image_0173.jpg'),
(278, '176', 'image_0174.jpg'),
(279, '177', 'image_0175.jpg'),
(280, '178', 'image_0176.jpg'),
(281, '179', 'image_0177.jpg'),
(282, '180', 'image_0178.jpg'),
(283, '181', 'image_0179.jpg'),
(284, '182', 'image_0180.jpg'),
(285, '183', 'image_0181.jpg'),
(286, '184', 'image_0182.jpg'),
(287, '185', 'image_0183.jpg'),
(288, '186', 'image_0184.jpg'),
(289, '187', 'image_0185.jpg'),
(290, '188', 'image_0186.jpg'),
(291, '189', 'image_0187.jpg'),
(292, '190', 'image_0188.jpg'),
(293, '191', 'image_0189.jpg'),
(294, '192', 'image_0190.jpg'),
(295, '193', 'image_0191.jpg'),
(296, '194', 'image_0192.jpg'),
(297, '195', 'image_0193.jpg'),
(298, '196', 'image_0194.jpg'),
(299, '197', 'image_0195.jpg'),
(300, '198', 'image_0196.jpg'),
(301, '199', 'image_0197.jpg'),
(302, '134', 'image_0198.jpg'),
(303, '134', 'image_0199.jpg'),
(304, '134', 'image_0200.jpg'),
(305, '135', 'image_0201.jpg'),
(306, '135', 'image_0202.jpg'),
(307, '135', 'image_0203.jpg'),
(308, '136', 'image_0204.jpg'),
(309, '136', 'image_0205.jpg'),
(310, '136', 'image_0206.jpg'),
(311, '137', 'image_0207.jpg'),
(312, '137', 'image_0208.jpg'),
(313, '137', 'image_0209.jpg'),
(314, '138', 'image_0210.jpg'),
(315, '138', 'image_0211.jpg'),
(316, '138', 'image_0212.jpg'),
(317, '139', 'image_0213.jpg'),
(318, '139', 'image_0214.jpg'),
(319, '139', 'image_0215.jpg'),
(320, '140', 'image_0216.jpg'),
(321, '140', 'image_0217.jpg'),
(322, '140', 'image_0218.jpg'),
(323, '141', 'image_0219.jpg'),
(324, '141', 'image_0220.jpg'),
(325, '141', 'image_0221.jpg'),
(326, '142', 'image_0222.jpg'),
(327, '142', 'image_0223.jpg'),
(328, '142', 'image_0224.jpg'),
(329, '143', 'image_0225.jpg'),
(330, '143', 'image_0226.jpg'),
(331, '143', 'image_0227.jpg'),
(332, '144', 'image_0228.jpg'),
(333, '144', 'image_0229.jpg'),
(334, '144', 'image_0230.jpg'),
(335, '145', 'image_0231.jpg'),
(336, '145', 'image_0232.jpg'),
(337, '145', 'image_0233.jpg'),
(338, '146', 'image_0234.jpg'),
(339, '146', 'image_0235.jpg'),
(340, '146', 'image_0236.jpg'),
(341, '147', 'image_0237.jpg'),
(342, '147', 'image_0238.jpg'),
(343, '147', 'image_0239.jpg'),
(344, '148', 'image_0240.jpg'),
(345, '148', 'image_0241.jpg'),
(346, '148', 'image_0242.jpg'),
(347, '149', 'image_0243.jpg'),
(348, '149', 'image_0244.jpg'),
(349, '149', 'image_0245.jpg'),
(350, '150', 'image_0246.jpg'),
(351, '150', 'image_0247.jpg'),
(352, '150', 'image_0248.jpg'),
(353, '151', 'image_0249.jpg'),
(354, '151', 'image_0250.jpg'),
(355, '151', 'image_0251.jpg'),
(356, '152', 'image_0252.jpg'),
(357, '152', 'image_0253.jpg'),
(358, '152', 'image_0254.jpg'),
(359, '153', 'image_0255.jpg'),
(360, '153', 'image_0256.jpg'),
(361, '153', 'image_0257.jpg'),
(362, '154', 'image_0258.jpg'),
(363, '154', 'image_0259.jpg'),
(364, '154', 'image_0260.jpg'),
(365, '155', 'image_0261.jpg'),
(366, '155', 'image_0262.jpg'),
(367, '155', 'image_0263.jpg'),
(368, '156', 'image_0264.jpg'),
(369, '156', 'image_0265.jpg'),
(370, '156', 'image_0266.jpg'),
(371, '157', 'image_0267.jpg'),
(372, '157', 'image_0268.jpg'),
(373, '157', 'image_0269.jpg'),
(374, '158', 'image_0270.jpg'),
(375, '158', 'image_0271.jpg'),
(376, '158', 'image_0272.jpg'),
(377, '159', 'image_0273.jpg'),
(378, '159', 'image_0274.jpg'),
(379, '159', 'image_0275.jpg'),
(380, '160', 'image_0276.jpg'),
(381, '160', 'image_0277.jpg'),
(382, '160', 'image_0278.jpg'),
(383, '161', 'image_0279.jpg'),
(384, '161', 'image_0280.jpg'),
(385, '161', 'image_0281.jpg'),
(386, '162', 'image_0282.jpg'),
(387, '162', 'image_0283.jpg'),
(388, '162', 'image_0284.jpg'),
(389, '163', 'image_0285.jpg'),
(390, '163', 'image_0286.jpg'),
(391, '163', 'image_0287.jpg'),
(392, '164', 'image_0288.jpg'),
(393, '164', 'image_0289.jpg'),
(394, '164', 'image_0290.jpg'),
(395, '165', 'image_0291.jpg'),
(396, '165', 'image_0292.jpg'),
(397, '165', 'image_0293.jpg'),
(398, '166', 'image_0294.jpg'),
(399, '166', 'image_0295.jpg'),
(400, '166', 'image_0296.jpg'),
(401, '70', 'image_0297.jpg'),
(402, '70', 'image_0298.jpg'),
(403, '71', 'image_0299.jpg'),
(404, '71', 'image_0300.jpg'),
(405, '72', 'image_0301.jpg'),
(406, '72', 'image_0302.jpg'),
(407, '73', 'image_0303.jpg'),
(408, '73', 'image_0304.jpg'),
(409, '74', 'image_0305.jpg'),
(410, '74', 'image_0306.jpg'),
(411, '75', 'image_0307.jpg'),
(412, '75', 'image_0308.jpg'),
(413, '75', 'image_0309.jpg'),
(414, '76', 'image_0310.jpg'),
(415, '76', 'image_0311.jpg'),
(416, '77', 'image_0312.jpg'),
(417, '77', 'image_0313.jpg'),
(418, '78', 'image_0314.jpg'),
(419, '78', 'image_0315.jpg'),
(420, '79', 'image_0316.jpg'),
(421, '79', 'image_0317.jpg'),
(422, '80', 'image_0318.jpg'),
(423, '80', 'image_0319.jpg'),
(424, '81', 'image_0320.jpg'),
(425, '81', 'image_0321.jpg'),
(426, '82', 'image_0322.jpg'),
(427, '82', 'image_0323.jpg'),
(428, '83', 'image_0324.jpg'),
(429, '83', 'image_0325.jpg'),
(430, '84', 'image_0326.jpg'),
(431, '84', 'image_0327.jpg'),
(432, '85', 'image_0328.jpg'),
(433, '85', 'image_0329.jpg'),
(434, '86', 'image_0330.jpg'),
(435, '86', 'image_0331.jpg'),
(436, '87', 'image_0332.jpg'),
(437, '87', 'image_0333.jpg'),
(438, '88', 'image_0334.jpg'),
(439, '88', 'image_0335.jpg'),
(440, '89', 'image_0336.jpg'),
(441, '89', 'image_0337.jpg'),
(442, '90', 'image_0338.jpg'),
(443, '90', 'image_0339.jpg'),
(444, '91', 'image_0340.jpg'),
(445, '91', 'image_0341.jpg'),
(446, '91', 'image_0342.jpg'),
(447, '92', 'image_0343.jpg'),
(448, '92', 'image_0344.jpg'),
(449, '93', 'image_0345.jpg'),
(450, '93', 'image_0346.jpg'),
(451, '94', 'image_0347.jpg'),
(452, '94', 'image_0348.jpg'),
(453, '95', 'image_0349.jpg'),
(454, '95', 'image_0350.jpg'),
(455, '96', 'image_0351.jpg'),
(456, '96', 'image_0352.jpg'),
(457, '97', 'image_0353.jpg'),
(458, '97', 'image_0354.jpg'),
(459, '98', 'image_0355.jpg'),
(460, '98', 'image_0356.jpg'),
(461, '99', 'image_0357.jpg'),
(462, '99', 'image_0358.jpg'),
(463, '100', 'image_0359.jpg'),
(464, '100', 'image_0360.jpg'),
(465, '101', 'image_0361.jpg'),
(466, '101', 'image_0362.jpg'),
(467, '102', 'image_0363.jpg'),
(468, '102', 'image_0364.jpg'),
(469, '103', 'image_0365.jpg'),
(470, '103', 'image_0366.jpg'),
(471, '104', 'image_0367.jpg'),
(472, '104', 'image_0368.jpg'),
(473, '105', 'image_0369.jpg'),
(474, '105', 'image_0370.jpg'),
(475, '106', 'image_0371.jpg'),
(476, '106', 'image_0372.jpg'),
(477, '107', 'image_0373.jpg'),
(478, '107', 'image_0374.jpg'),
(479, '108', 'image_0375.jpg'),
(480, '108', 'image_0376.jpg'),
(481, '109', 'image_0377.jpg'),
(482, '109', 'image_0378.jpg'),
(483, '110', 'image_0379.jpg'),
(484, '110', 'image_0380.jpg'),
(485, '111', 'image_0381.jpg'),
(486, '111', 'image_0382.jpg'),
(487, '112', 'image_0383.jpg'),
(488, '112', 'image_0384.jpg'),
(489, '113', 'image_0385.jpg'),
(490, '113', 'image_0386.jpg'),
(491, '114', 'image_0387.jpg'),
(492, '114', 'image_0388.jpg'),
(493, '115', 'image_0389.jpg'),
(494, '115', 'image_0390.jpg'),
(495, '115', 'image_0391.jpg'),
(496, '116', 'image_0392.jpg'),
(497, '116', 'image_0393.jpg'),
(498, '117', 'image_0394.jpg'),
(499, '117', 'image_0395.jpg'),
(500, '118', 'image_0396.jpg'),
(501, '118', 'image_0397.jpg'),
(502, '119', 'image_0398.jpg'),
(503, '119', 'image_0399.jpg'),
(504, '120', 'image_0400.jpg'),
(505, '120', 'image_0401.jpg'),
(506, '121', 'image_0402.jpg'),
(507, '121', 'image_0403.jpg'),
(508, '122', 'image_0404.jpg'),
(509, '122', 'image_0405.jpg'),
(510, '123', 'image_0406.jpg'),
(511, '123', 'image_0407.jpg'),
(512, '124', 'image_0408.jpg'),
(513, '124', 'image_0409.jpg'),
(514, '125', 'image_0410.jpg'),
(515, '125', 'image_0411.jpg'),
(516, '126', 'image_0412.jpg'),
(517, '126', 'image_0413.jpg'),
(518, '127', 'image_0414.jpg'),
(519, '127', 'image_0415.jpg'),
(520, '128', 'image_0416.jpg'),
(521, '128', 'image_0417.jpg'),
(522, '129', 'image_0418.jpg'),
(523, '129', 'image_0419.jpg'),
(524, '130', 'image_0420.jpg'),
(525, '130', 'image_0421.jpg'),
(526, '131', 'image_0422.jpg'),
(527, '131', 'image_0423.jpg'),
(528, '132', 'image_0424.jpg'),
(529, '132', 'image_0425.jpg'),
(530, '133', 'image_0426.jpg'),
(531, '133', 'image_0427.jpg');

-- --------------------------------------------------------

--
-- 資料表結構 `product_specifications`
--

CREATE TABLE `product_specifications` (
  `id` int(5) UNSIGNED NOT NULL,
  `product_id` int(5) NOT NULL,
  `color` varchar(20) DEFAULT NULL,
  `size` varchar(30) DEFAULT NULL,
  `material` varchar(20) DEFAULT NULL,
  `style` varchar(20) DEFAULT NULL,
  `weight` varchar(20) DEFAULT NULL,
  `voltage` varchar(20) DEFAULT NULL,
  `power_consumption` varchar(20) DEFAULT NULL
) ENGINE=InnoDB DEFAULT CHARSET=utf8mb4 COLLATE=utf8mb4_unicode_ci;

--
-- 傾印資料表的資料 `product_specifications`
--

INSERT INTO `product_specifications` (`id`, `product_id`, `color`, `size`, `material`, `style`, `weight`, `voltage`, `power_consumption`) VALUES
(1, 1, '綠', '33mm', '尿素', NULL, NULL, NULL, NULL),
(2, 2, '綠', '34mm', '尿素', NULL, NULL, NULL, NULL),
(3, 3, '綠', '33mm', '尿素', NULL, NULL, NULL, NULL),
(4, 4, '綠', '34mm', '尿素', NULL, NULL, NULL, NULL),
(5, 5, '綠', '36mm', NULL, NULL, NULL, NULL, NULL),
(6, 6, '綠', '33mm', NULL, NULL, NULL, NULL, NULL),
(7, 7, '白', '34mm', NULL, NULL, NULL, NULL, NULL),
(8, 8, '綠', '34mm', '尿素', NULL, NULL, NULL, NULL),
(9, 9, '綠', '34mm', '尿素', NULL, NULL, NULL, NULL),
(10, 10, '綠', '33mm', '尿素', NULL, NULL, NULL, NULL),
(11, 11, '黑', '34mm', NULL, NULL, NULL, NULL, NULL),
(12, 12, '綠', '34mm', '尿素', NULL, NULL, NULL, NULL),
(13, 13, '綠', '34mm', NULL, NULL, NULL, NULL, NULL),
(14, 14, '綠', '36mm', NULL, NULL, NULL, NULL, NULL),
(15, 15, '灰', '34mm', NULL, NULL, NULL, NULL, NULL),
(16, 16, '灰', '34mm', NULL, NULL, NULL, NULL, NULL),
(17, 17, '白', '36mm', NULL, NULL, NULL, NULL, NULL),
(18, 18, '綠', '34mm', NULL, NULL, NULL, NULL, NULL),
(19, 19, '白', '34mm', NULL, NULL, NULL, NULL, NULL),
(20, 20, '白', '34mm', NULL, NULL, NULL, NULL, NULL),
(21, 21, '綠', '33mm', NULL, NULL, NULL, NULL, NULL),
(22, 22, '綠', '34mm', NULL, NULL, NULL, NULL, NULL),
(23, 23, '特殊', '24mm', NULL, NULL, NULL, NULL, NULL),
(24, 24, '特殊', '34mm', NULL, NULL, NULL, NULL, NULL),
(25, 25, '特殊', '34mm', NULL, NULL, NULL, NULL, NULL),
(26, 26, '特殊', '34mm', NULL, NULL, NULL, NULL, NULL),
(27, 27, '特殊', '34mm', NULL, NULL, NULL, NULL, NULL),
(28, 28, '特殊', '36mm', NULL, '電麻款', NULL, NULL, NULL),
(29, 29, '特殊', '34mm', NULL, NULL, NULL, NULL, NULL),
(30, 30, '特殊', '36mm', NULL, '電麻款', NULL, NULL, NULL),
(31, 31, '綠', '36mm', NULL, '電麻款', NULL, NULL, NULL),
(32, 32, '綠', '36mm', NULL, '電麻款', NULL, NULL, NULL),
(33, 33, '藍', '36mm', NULL, '電麻款', NULL, NULL, NULL),
(34, 34, '綠', '36mm', NULL, '電麻款', NULL, NULL, NULL),
(35, 35, '藍', '28mm', NULL, '電麻款', NULL, NULL, NULL),
(36, 36, '黑', '46.5cm', NULL, NULL, NULL, NULL, NULL),
(37, 37, '黑', '46.5cm', NULL, NULL, NULL, NULL, NULL),
(38, 38, '銀', '46.5cm', NULL, NULL, NULL, NULL, NULL),
(39, 39, '銀', '46.5cm', NULL, NULL, NULL, NULL, NULL),
(40, 40, '白', '46.5cm', NULL, NULL, NULL, NULL, NULL),
(41, 41, '白', '46.5cm', NULL, NULL, NULL, NULL, NULL),
(42, 42, '黑', '46.5cm', NULL, NULL, NULL, NULL, NULL),
(43, 43, '木', '46.5cm', NULL, NULL, NULL, NULL, NULL),
(44, 44, '特殊', '46.5cm', NULL, NULL, NULL, NULL, NULL),
(45, 45, '特殊', '45cm', NULL, NULL, NULL, NULL, NULL),
(46, 46, '特殊', '46.5cm', NULL, NULL, NULL, NULL, NULL),
(47, 47, '黑', '46.5cm', NULL, NULL, NULL, NULL, NULL),
(48, 48, '白', '46.5cm', NULL, NULL, NULL, NULL, NULL),
(49, 49, '透明', '46.5cm', NULL, NULL, NULL, NULL, NULL),
(50, 50, '綠', '46.5cm', NULL, NULL, NULL, NULL, NULL),
(51, 51, NULL, '46.5cm', NULL, NULL, NULL, NULL, NULL),
(52, 52, '黑', '46.5cm', NULL, NULL, NULL, NULL, NULL),
(53, 53, '黑', '46.5cm', NULL, NULL, NULL, NULL, NULL),
(54, 54, '黃', '46.5cm', NULL, NULL, NULL, NULL, NULL),
(55, 55, NULL, '60cm', NULL, NULL, NULL, NULL, NULL),
(56, 56, NULL, '45cm', NULL, NULL, NULL, NULL, NULL),
(57, 57, '橘', '47.5cm', NULL, NULL, NULL, NULL, NULL),
(58, 58, NULL, '46.5cm', NULL, NULL, NULL, NULL, NULL),
(59, 60, '特殊', '45cm', NULL, NULL, NULL, NULL, NULL),
(60, 66, '咖啡', '97*97*78', '鐵/塑料', '餐桌款', '68KG', '110V/60Hz', '180W'),
(61, 67, '木紋', '97*97*78', '鐵/塑料', '餐桌款', '68KG', '110V/60Hz', '180W'),
(62, 68, '白', '96.5*96.5*78', '鐵/塑料', '折疊款', '62.5KG', '110V/60Hz', '180W'),
(63, 69, '藍', '101*101*78', '鋼/塑料', '餐桌款', '70KG', '110V/60Hz', '180W'),
(64, 70, NULL, '101*101*78', '鐵/塑料', '餐桌款', '77KG', '110V/60Hz', '180W'),
(65, 71, NULL, NULL, NULL, '折疊款', NULL, NULL, NULL),
(66, 72, NULL, NULL, NULL, '台灣元素', NULL, NULL, NULL),
(67, 73, NULL, NULL, NULL, '台灣元素', NULL, NULL, NULL),
(68, 74, NULL, NULL, NULL, '台灣元素', NULL, NULL, NULL),
(69, 75, NULL, NULL, NULL, '台灣元素', NULL, NULL, NULL),
(70, 76, NULL, NULL, NULL, '台灣元素', NULL, NULL, NULL),
(71, 77, NULL, NULL, NULL, '台灣元素', NULL, NULL, NULL),
(72, 78, NULL, NULL, NULL, '台灣元素', NULL, NULL, NULL),
(73, 79, NULL, NULL, NULL, '台灣元素', NULL, NULL, NULL),
(74, 80, NULL, NULL, NULL, '台灣元素', NULL, NULL, NULL),
(75, 81, NULL, NULL, NULL, '台灣元素', NULL, NULL, NULL),
(76, 82, NULL, NULL, NULL, '台灣元素', NULL, NULL, NULL),
(77, 83, NULL, NULL, NULL, '台灣元素', NULL, NULL, NULL),
(78, 84, NULL, NULL, NULL, '台灣元素', NULL, NULL, NULL),
(79, 85, NULL, NULL, NULL, '台灣元素', NULL, NULL, NULL),
(80, 86, NULL, NULL, NULL, '台灣元素', NULL, NULL, NULL),
(81, 87, NULL, NULL, NULL, '台灣元素', NULL, NULL, NULL),
(82, 88, NULL, NULL, NULL, '台灣元素', NULL, NULL, NULL),
(83, 89, NULL, NULL, NULL, '台灣元素', NULL, NULL, NULL),
(84, 90, NULL, NULL, NULL, '台灣元素', NULL, NULL, NULL),
(85, 91, NULL, NULL, NULL, '台灣元素', NULL, NULL, NULL),
(86, 92, NULL, NULL, NULL, '策略', NULL, NULL, NULL),
(87, 93, NULL, NULL, NULL, '策略', NULL, NULL, NULL),
(88, 94, NULL, NULL, NULL, '派對', NULL, NULL, NULL),
(89, 95, NULL, NULL, NULL, '派對', NULL, NULL, NULL),
(90, 96, NULL, NULL, NULL, '派對', NULL, NULL, NULL),
(91, 97, NULL, NULL, NULL, '策略', NULL, NULL, NULL),
(92, 98, NULL, NULL, NULL, 'RPG', NULL, NULL, NULL),
(93, 99, NULL, NULL, NULL, 'RPG', NULL, NULL, NULL),
(94, 100, NULL, NULL, NULL, '派對', NULL, NULL, NULL),
(95, 101, NULL, NULL, NULL, '派對', NULL, NULL, NULL),
(96, 102, NULL, NULL, NULL, '派對', NULL, NULL, NULL),
(97, 103, NULL, NULL, NULL, '派對', NULL, NULL, NULL),
(98, 104, NULL, NULL, NULL, '派對', NULL, NULL, NULL),
(99, 105, NULL, NULL, NULL, '派對', NULL, NULL, NULL),
(100, 106, NULL, NULL, NULL, '派對', NULL, NULL, NULL),
(101, 107, NULL, NULL, NULL, '派對', NULL, NULL, NULL),
(102, 108, NULL, NULL, NULL, '派對', NULL, NULL, NULL),
(103, 109, NULL, NULL, NULL, '派對', NULL, NULL, NULL),
(104, 110, NULL, NULL, NULL, '派對', NULL, NULL, NULL),
(105, 111, NULL, NULL, NULL, '派對', NULL, NULL, NULL),
(106, 112, NULL, NULL, NULL, '派對', NULL, NULL, NULL),
(107, 113, NULL, NULL, NULL, '派對', NULL, NULL, NULL),
(108, 114, NULL, NULL, NULL, '派對', NULL, NULL, NULL),
(109, 115, NULL, NULL, NULL, '派對', NULL, NULL, NULL),
(110, 116, NULL, NULL, NULL, '派對', NULL, NULL, NULL),
(111, 117, NULL, NULL, NULL, '派對', NULL, NULL, NULL),
(112, 118, NULL, NULL, NULL, '派對', NULL, NULL, NULL),
(113, 119, NULL, NULL, NULL, '派對', NULL, NULL, NULL),
(114, 120, NULL, NULL, NULL, '派對', NULL, NULL, NULL),
(115, 121, NULL, NULL, NULL, '派對', NULL, NULL, NULL),
(116, 122, NULL, NULL, NULL, '家庭', NULL, NULL, NULL),
(117, 123, NULL, NULL, NULL, '家庭', NULL, NULL, NULL),
(118, 124, NULL, NULL, NULL, '家庭', NULL, NULL, NULL),
(119, 125, NULL, NULL, NULL, '家庭', NULL, NULL, NULL),
(120, 126, NULL, NULL, NULL, '家庭', NULL, NULL, NULL),
(121, 127, NULL, NULL, NULL, '家庭', NULL, NULL, NULL),
(122, 128, NULL, NULL, NULL, '家庭', NULL, NULL, NULL),
(123, 129, NULL, NULL, NULL, '家庭', NULL, NULL, NULL),
(124, 130, NULL, NULL, NULL, '家庭', NULL, NULL, NULL),
(125, 131, NULL, NULL, NULL, '家庭', NULL, NULL, NULL),
(126, 132, NULL, NULL, NULL, '家庭', NULL, NULL, NULL),
(127, 133, NULL, NULL, NULL, '家庭', NULL, NULL, NULL),
(128, 134, NULL, NULL, NULL, '家庭', NULL, NULL, NULL),
(129, 135, NULL, NULL, NULL, '家庭', NULL, NULL, NULL),
(130, 136, NULL, NULL, NULL, '家庭', NULL, NULL, NULL),
(131, 137, NULL, NULL, NULL, '家庭', NULL, NULL, NULL),
(132, 138, NULL, NULL, NULL, '家庭', NULL, NULL, NULL),
(133, 139, NULL, NULL, NULL, '家庭', NULL, NULL, NULL),
(134, 140, NULL, NULL, NULL, '家庭', NULL, NULL, NULL),
(135, 141, NULL, NULL, NULL, '家庭', NULL, NULL, NULL),
(136, 142, NULL, NULL, NULL, '親子', NULL, NULL, NULL),
(137, 143, NULL, NULL, NULL, '親子', NULL, NULL, NULL),
(138, 144, NULL, NULL, NULL, '親子', NULL, NULL, NULL),
(139, 145, NULL, NULL, NULL, '親子', NULL, NULL, NULL),
(140, 146, NULL, NULL, NULL, '親子', NULL, NULL, NULL),
(141, 147, NULL, NULL, NULL, '親子', NULL, NULL, NULL),
(142, 148, NULL, NULL, NULL, '親子', NULL, NULL, NULL),
(143, 149, NULL, NULL, NULL, '親子', NULL, NULL, NULL),
(144, 150, NULL, NULL, NULL, '親子', NULL, NULL, NULL),
(145, 151, NULL, NULL, NULL, '親子', NULL, NULL, NULL),
(146, 152, NULL, NULL, NULL, '親子', NULL, NULL, NULL),
(147, 153, NULL, NULL, NULL, '親子', NULL, NULL, NULL),
(148, 154, NULL, NULL, NULL, '親子', NULL, NULL, NULL),
(149, 155, NULL, NULL, NULL, '親子', NULL, NULL, NULL),
(150, 156, NULL, NULL, NULL, '親子', NULL, NULL, NULL),
(151, 157, NULL, NULL, NULL, '親子', NULL, NULL, NULL),
(152, 158, NULL, NULL, NULL, '親子', NULL, NULL, NULL),
(153, 159, NULL, NULL, NULL, '親子', NULL, NULL, NULL),
(154, 160, NULL, NULL, NULL, '親子', NULL, NULL, NULL),
(155, 161, NULL, NULL, NULL, '親子', NULL, NULL, NULL),
(156, 162, NULL, NULL, NULL, '策略', NULL, NULL, NULL),
(157, 163, NULL, NULL, NULL, '策略', NULL, NULL, NULL),
(158, 164, NULL, NULL, NULL, '策略', NULL, NULL, NULL),
(159, 165, NULL, NULL, NULL, '策略', NULL, NULL, NULL),
(160, 166, NULL, NULL, NULL, '策略', NULL, NULL, NULL),
(161, 167, NULL, NULL, NULL, '策略', NULL, NULL, NULL),
(162, 168, NULL, NULL, NULL, '策略', NULL, NULL, NULL),
(163, 169, NULL, NULL, NULL, '策略', NULL, NULL, NULL),
(164, 170, NULL, NULL, NULL, '策略', NULL, NULL, NULL),
(165, 171, NULL, NULL, NULL, '策略', NULL, NULL, NULL),
(166, 172, NULL, NULL, NULL, '策略', NULL, NULL, NULL),
(167, 173, NULL, NULL, NULL, '策略', NULL, NULL, NULL),
(168, 174, NULL, NULL, NULL, '策略', NULL, NULL, NULL),
(169, 175, NULL, NULL, NULL, '策略', NULL, NULL, NULL),
(170, 176, '木紋', '100*100*78', NULL, '折疊款', '70KG', '110V/60Hz', '9W/60W'),
(171, 177, '木紋', '100*100*78', NULL, '餐桌款', '70KG', '110V/60Hz', '9W/60W'),
(172, 178, '咖啡', '100*100*78', NULL, '折疊款', '70KG', '110V/60Hz', '9W/60W'),
(173, 179, '咖啡', '100*100*78', NULL, '餐桌款', '70KG', '110V/60Hz', '9W/60W'),
(174, 180, '灰', '100*100*78', NULL, '餐桌款', '70KG', '110V/60Hz', '9W/60W'),
(175, 181, '灰', '100*100*78', NULL, '折疊款', '70KG', '110V/60Hz', '9W/60W'),
(176, 182, '白', '96*96*78', NULL, '餐桌款', '70KG', '110V/60Hz', '9W/60W'),
(177, 183, '藍', '98*98*78', NULL, '折疊款', '70KG', '110V/60Hz', '9W/60W'),
(178, 184, '藍', '98*98*78', NULL, '餐桌款', '70KG', '110V/60Hz', '9W/60W'),
(179, 185, '木紋', '100*100*78', NULL, '餐桌款', NULL, '110V/60Hz', '9W/60W'),
(180, 186, '白', '100*100*78', NULL, '餐桌款', '70KG', '110V/60Hz', '9W/60W'),
(181, 187, '白', '100*100*78', NULL, '折疊款', '70KG', '110V/60Hz', '9W/60W'),
(182, 188, '藍', '100*100*78', NULL, '餐桌款', '70KG', '110V/60Hz', '9W/60W'),
(183, 189, '藍', '100*100*78', NULL, '餐桌款', '70KG', '110V/60Hz', '9W/60W'),
(184, 190, '黑', '94*94*79', NULL, '折疊款', NULL, '110V/60Hz', NULL),
(185, 191, '黑', '94*94*77.5', NULL, '餐桌款', '80KG', '110V/60Hz', NULL),
(186, 192, '白', '94*94*79', NULL, '折疊款', NULL, '110V/60Hz', NULL),
(187, 193, '白', '94*94*77.5', NULL, '餐桌款', '80KG', '110V/60Hz', NULL),
(188, 194, '木紋', '94*94*77.5', NULL, '餐桌款', '80KG', '110V/60Hz', NULL),
(189, 195, '木紋', '94*94*79', NULL, '折疊款', NULL, '110V/60Hz', NULL),
(190, 196, '銀', '94*94*79', NULL, '折疊款', NULL, '110V/60Hz', NULL),
(191, 197, '銀', '94*94*77.5', NULL, '餐桌款', '80KG', '110V/60Hz', NULL),
(192, 198, '木紋', '94*94*77.5', NULL, '餐桌款', '80KG', '110V/60Hz', NULL),
(193, 199, '木紋', '94*94*77.5', NULL, '餐桌款', '80KG', '110V/60Hz', NULL),
(194, 200, NULL, NULL, NULL, '策略', NULL, NULL, NULL),
(195, 202, NULL, NULL, NULL, '籌碼', NULL, NULL, NULL),
(196, 203, NULL, NULL, NULL, '籌碼', NULL, NULL, NULL),
(197, 204, NULL, NULL, NULL, '籌碼', NULL, NULL, NULL),
(198, 205, NULL, NULL, NULL, '麻將周邊', NULL, NULL, NULL),
(199, 206, NULL, NULL, NULL, '籌碼', NULL, NULL, NULL),
(200, 207, NULL, NULL, NULL, '骰子', NULL, NULL, NULL),
(201, 208, NULL, NULL, NULL, '骰子', NULL, NULL, NULL),
(202, 209, NULL, NULL, NULL, '麻將周邊', NULL, NULL, NULL),
(203, 210, NULL, NULL, NULL, '籌碼', NULL, NULL, NULL),
(204, 211, NULL, '47.5cm', NULL, NULL, NULL, NULL, NULL),
(205, 212, NULL, NULL, NULL, '麻將周邊', NULL, NULL, NULL),
(206, 213, '粉', '96*96*79', NULL, '折疊款', '80KG', '110V/60Hz', NULL),
(207, 214, '藍', '103*103*80', NULL, '折疊款', '80KG', '110V/60Hz', NULL),
(208, 215, '紅', '103*103*80', NULL, '折疊款', '80KG', '110V/60Hz', NULL),
(209, 216, NULL, NULL, NULL, '麻將周邊', NULL, NULL, NULL),
(210, 217, '灰', '36mm', NULL, '電麻款', NULL, NULL, NULL),
(211, 218, '黃', '36mm', NULL, '電麻款', NULL, NULL, NULL),
(212, 219, '綠', '36mm', NULL, '電麻款', NULL, NULL, NULL),
(213, 220, '黑', '46.5cm', NULL, NULL, NULL, NULL, NULL),
(214, 221, '黃', '46.5cm', NULL, NULL, NULL, NULL, NULL),
(215, 222, '橘', '46.5cm', NULL, NULL, NULL, NULL, NULL),
(216, 223, '藍', '46.5cm', NULL, NULL, NULL, NULL, NULL),
(217, 224, '粉', '46.5cm', NULL, NULL, NULL, NULL, NULL),
(218, 225, NULL, NULL, NULL, '籌碼', NULL, NULL, NULL),
(219, 226, NULL, NULL, NULL, '籌碼', NULL, NULL, NULL),
(220, 227, '藍', '103*103*79', NULL, '折疊款', NULL, NULL, NULL),
(221, 228, '黑', '96.5*96.5*76', NULL, '餐桌款', NULL, NULL, NULL),
(222, 229, '粉', '92*92*79', NULL, '折疊款', NULL, NULL, NULL),
(223, 230, '綠', '92*92*76', NULL, '餐桌款', NULL, NULL, NULL),
(224, 231, '咖啡', '100*100*77', NULL, '餐桌款', NULL, NULL, NULL),
(225, 232, '咖啡', '100*100*77', NULL, '餐桌款', NULL, NULL, NULL),
(226, 233, '咖啡', '103*103*76', NULL, NULL, NULL, NULL, NULL),
(227, 234, '咖啡', NULL, NULL, '餐桌款', NULL, '110V/60Hz', NULL),
(228, 235, NULL, NULL, NULL, NULL, NULL, NULL, NULL),
(229, 236, NULL, NULL, NULL, '籌碼', NULL, NULL, NULL),
(230, 237, '藍', '36mm', NULL, '電麻款', NULL, NULL, NULL),
(231, 238, '綠', '36mm', NULL, '電麻款', NULL, NULL, NULL),
(232, 239, NULL, '46.5cm', NULL, NULL, NULL, NULL, NULL),
(233, 240, '藍', '97*96*79', NULL, '餐桌款', '76KG', '110V/60Hz', NULL),
(234, 241, NULL, NULL, NULL, '麻將周邊', NULL, NULL, NULL),
(235, 242, NULL, NULL, NULL, '麻將周邊', NULL, NULL, NULL),
(236, 243, NULL, NULL, NULL, '籌碼', NULL, NULL, NULL),
(237, 244, '白', '96*96*76', NULL, '餐桌款', '76KG', '110V/60Hz', NULL),
(238, 245, '白', '97*96*79', NULL, '折疊款', '76KG', '110V/60Hz', NULL),
(239, 246, '木紋', '96*96*76', NULL, '餐桌款', '76KG', '110V/60Hz', NULL),
(240, 247, '白', '96*96*76', NULL, '餐桌款', '76KG', '110V/60Hz', NULL),
(241, 248, NULL, NULL, NULL, '麻將周邊', NULL, NULL, NULL),
(242, 249, '白', '98*98*79', '鐵/塑料', '折疊款', '73KG', '110V/60Hz', '220W'),
(243, 250, '木紋', '108.2*108.2*79.2', '木', '套裝款', NULL, NULL, '320W'),
(244, 251, '木紋', '100*100*78', '木', '套裝款', NULL, NULL, '320W'),
(245, 252, '白', '100*100*79.8', '木', '套裝款', NULL, NULL, '320W'),
(246, 253, '木紋', '102*102*79.5', '木', '套裝款', NULL, NULL, '320W'),
(247, 254, '木紋', '92.5*92.5*77', NULL, '折疊款', '91.25KG', NULL, NULL),
(248, 255, '白', '33mm', '尿素', NULL, NULL, NULL, NULL),
(249, 256, '特殊', '33mm', '尿素', NULL, NULL, NULL, NULL),
(250, 257, '白', '36mm', NULL, '電麻款', NULL, NULL, NULL),
(251, 258, '白', '47.3cm', NULL, NULL, NULL, NULL, NULL),
(252, 259, NULL, NULL, NULL, '麻將周邊', NULL, NULL, NULL),
(253, 260, NULL, NULL, NULL, '麻將周邊', NULL, NULL, NULL);

-- --------------------------------------------------------

--
-- 資料表結構 `rules_for_party`
--

CREATE TABLE `rules_for_party` (
  `id` int(20) UNSIGNED NOT NULL,
  `party_id` int(10) NOT NULL,
  `rule_id` int(10) NOT NULL,
  `valid` tinyint(1) NOT NULL
) ENGINE=InnoDB DEFAULT CHARSET=utf8mb4 COLLATE=utf8mb4_unicode_ci;

--
-- 傾印資料表的資料 `rules_for_party`
--

INSERT INTO `rules_for_party` (`id`, `party_id`, `rule_id`, `valid`) VALUES
(1, 22, 1, 1),
(2, 23, 1, 1),
(3, 24, 1, 1),
(4, 24, 6, 1),
(5, 1195, 1, 1),
(6, 1195, 2, 1),
(7, 1196, 1, 1),
(8, 1196, 2, 1),
(9, 1197, 1, 1),
(10, 1197, 2, 1),
(11, 1197, 3, 1),
(12, 1198, 1, 1),
(13, 1198, 2, 1),
(14, 160, 2, 1),
(15, 160, 1, 1),
(16, 161, 6, 1),
(17, 161, 7, 1),
(18, 162, 2, 1),
(19, 162, 3, 1),
(20, 163, 4, 1),
(21, 163, 3, 1),
(22, 164, 7, 1),
(23, 165, 2, 1),
(24, 165, 1, 1),
(25, 165, 3, 1),
(26, 165, 4, 1),
(27, 166, 8, 1),
(28, 166, 6, 1),
(29, 167, 2, 1),
(30, 167, 4, 1);

-- --------------------------------------------------------

--
-- 資料表結構 `rules_tags`
--

CREATE TABLE `rules_tags` (
  `id` int(11) NOT NULL,
  `name` varchar(20) NOT NULL
) ENGINE=InnoDB DEFAULT CHARSET=utf8mb4 COLLATE=utf8mb4_unicode_ci;

--
-- 傾印資料表的資料 `rules_tags`
--

INSERT INTO `rules_tags` (`id`, `name`) VALUES
(1, '八仙過海'),
(2, '不靠牌'),
(3, '換三張'),
(4, '哩咕'),
(5, '全紅'),
(6, '骰歸'),
(7, '咪機四張'),
(8, '咪雞八張');

-- --------------------------------------------------------

--
-- 資料表結構 `services_for_company`
--

CREATE TABLE `services_for_company` (
  `id` int(10) UNSIGNED NOT NULL,
  `company_id` int(10) NOT NULL,
  `services_id` int(10) NOT NULL,
  `vaild` tinyint(1) NOT NULL
) ENGINE=InnoDB DEFAULT CHARSET=utf8mb4 COLLATE=utf8mb4_unicode_ci;

--
-- 傾印資料表的資料 `services_for_company`
--

INSERT INTO `services_for_company` (`id`, `company_id`, `services_id`, `vaild`) VALUES
(1, 1, 1, 1),
(2, 1, 2, 1),
(3, 1, 3, 1),
(4, 1, 4, 1),
(5, 1, 5, 1),
(6, 2, 1, 1),
(7, 2, 2, 1),
(8, 2, 3, 1),
(9, 2, 4, 1),
(10, 2, 6, 1),
(11, 3, 1, 1),
(12, 3, 5, 1),
(13, 3, 7, 1),
(14, 3, 8, 1),
(15, 3, 9, 1),
(16, 4, 2, 1),
(17, 4, 3, 1),
(18, 4, 4, 1),
(19, 4, 10, 1),
(20, 4, 12, 1),
(21, 5, 1, 1),
(22, 5, 2, 1),
(23, 5, 3, 1),
(24, 5, 6, 1),
(25, 5, 8, 1),
(26, 6, 2, 1),
(27, 6, 4, 1),
(28, 6, 5, 1),
(29, 6, 9, 1),
(30, 6, 11, 1),
(31, 7, 1, 1),
(32, 7, 3, 1),
(33, 7, 6, 1),
(34, 7, 7, 1),
(35, 7, 10, 1),
(36, 8, 2, 1),
(37, 8, 5, 1),
(38, 8, 8, 1),
(39, 8, 9, 1),
(40, 8, 12, 1),
(41, 9, 1, 1),
(42, 9, 4, 1),
(43, 9, 7, 1),
(44, 9, 10, 1),
(45, 9, 11, 1),
(46, 10, 3, 1),
(47, 10, 5, 1),
(48, 10, 8, 1),
(49, 10, 9, 1),
(50, 10, 12, 1);

-- --------------------------------------------------------

--
-- 資料表結構 `services_tags`
--

CREATE TABLE `services_tags` (
  `id` int(10) UNSIGNED NOT NULL,
  `name` varchar(20) NOT NULL,
  `icon` text NOT NULL
) ENGINE=InnoDB DEFAULT CHARSET=utf8mb4 COLLATE=utf8mb4_unicode_ci;

--
-- 傾印資料表的資料 `services_tags`
--

INSERT INTO `services_tags` (`id`, `name`, `icon`) VALUES
(1, '禁菸環境', '<MdSmokeFree />'),
(2, '過山車', '<MdTerrain />'),
(3, '代訂服務', '<MdBooking />'),
(4, '無障礙空間', '<MdAccessibility />'),
(5, '電梯大樓', '<MdElevator />'),
(6, '免費飲品', '<MdLocalDrink />'),
(7, '免費點心', '<MdFastfood />'),
(8, '獨立包廂', '<MdMeetingRoom />'),
(9, '熱食簡餐', '<MdRestaurant />'),
(10, '免費停車', '<MdLocalParking />'),
(11, '停車場', '<MdLocalParking />'),
(12, '冷氣放送', '<MdAcUnit />');

-- --------------------------------------------------------

--
-- 資料表結構 `user`
--

CREATE TABLE `user` (
  `id` int(11) NOT NULL,
  `google_uid` varchar(200) NOT NULL,
  `line_uid` varchar(200) NOT NULL,
  `valid` varchar(10) NOT NULL DEFAULT '1',
  `username` varchar(50) NOT NULL,
  `account` varchar(50) NOT NULL,
  `password` varchar(255) NOT NULL,
  `city` varchar(20) NOT NULL,
  `address` varchar(100) NOT NULL,
  `phone` text DEFAULT NULL,
  `email` varchar(50) NOT NULL,
  `birth` varchar(100) NOT NULL,
  `gender` varchar(255) NOT NULL,
  `user_img` varchar(30) NOT NULL,
  `photo_url` varchar(200) NOT NULL,
  `line_access_token` varchar(200) NOT NULL,
  `first_edit_completed` tinyint(1) NOT NULL,
  `update_at` timestamp NOT NULL DEFAULT current_timestamp(),
  `created_at` timestamp NOT NULL DEFAULT current_timestamp()
) ENGINE=InnoDB DEFAULT CHARSET=utf8mb4 COLLATE=utf8mb4_general_ci;

--
-- 傾印資料表的資料 `user`
--

INSERT INTO `user` (`id`, `google_uid`, `line_uid`, `valid`, `username`, `account`, `password`, `city`, `address`, `phone`, `email`, `birth`, `gender`, `user_img`, `photo_url`, `line_access_token`, `first_edit_completed`, `update_at`, `created_at`) VALUES
(1, '0', '', '1', '李志宏', 'a1234567', 'b1234567', '台南市', '華興街672號', '0940156723', 'yb448941@gmail.com', '2002-02-17', '男', 'user1', '', '', 1, '0000-00-00 00:00:00', '2024-08-06 11:51:39'),
(2, '0', '', '1', '陳俊傑', 'cp21542', 'vc682810', '新北市', '大仁街12號', '0976535320', 'kmeng@gmail.com', '1997-07-12', '男', 'user2', '', '', 0, '0000-00-00 00:00:00', '2024-08-06 11:51:39'),
(3, '0', '', '1', '吳廷佑', 'pc7034343', 'yr996310', '台中市', '中央路93號', '0925683042', 'na29@gmail.com', '1978-09-02', '男', 'user3', '', '', 0, '0000-00-00 00:00:00', '2024-08-06 11:51:39'),
(4, '0', '', '1', '張佳玲', 'fm90546640', 'jni126721', '新北市', '東興街7段93號', '0915385603', 'shenna@gmail.com', '1984-01-25', '女', 'user4', '', '', 1, '0000-00-00 00:00:00', '2024-08-06 11:51:39'),
(5, '0', '', '1', '黃慧君', 'vi694724', 'ekd6832', '台中市', '中華路5號', '0920573000', 'xiagang@gmail.com', '1982-06-15', '女', 'user5', '', '', 0, '0000-00-00 00:00:00', '2024-08-06 11:51:39'),
(6, '0', '', '1', '劉美玲', 'no559453', 'go75547', '新竹市', '新生街8段649號', '0946597575', 'yanghan@gmail.com', '1994-09-19', '女', 'user6', '', '', 1, '0000-00-00 00:00:00', '2024-08-06 11:51:39'),
(7, '0', '', '1', '黃雅婷', 'jp735221', 'de338772', '基隆市', '光明巷751號', '0991158129', 'bgu@gmail.com', '1949-03-19', '女', 'user7', '', '', 0, '0000-00-00 00:00:00', '2024-08-06 11:51:39'),
(8, '0', '', '1', '張雅惠', 'tl80626', 'vh29307', '台南市', '和平路1段412號', '0940221205', 'chao12@gmail.com', '1986-04-20', '女', 'user8', '', '', 0, '0000-00-00 00:00:00', '2024-08-06 11:51:39'),
(9, '0', '', '1', '吳欣怡', 'og43494', 'zg37667', '基隆市', '復興巷44號', '0913250997', 'hanna@gmail.com', '1960-12-22', '女', 'user9', '', '', 0, '0000-00-00 00:00:00', '2024-08-06 11:51:39'),
(10, '0', '', '1', '王怡伶', 'gu11409', 'up8557149', '新竹市', '動物園路307號', '0986779271', 'ping30@gmail.com', '2001-02-03', '女', 'user10', '', '', 0, '0000-00-00 00:00:00', '2024-08-06 11:51:39'),
(11, '0', '', '1', '蔡欣怡', 'eh32583', 'wx60599996', '基隆市', '士林路95號', '0949690796', 'jingzhong@gmail.com', '1979-01-31', '女', 'user11', '', '', 0, '0000-00-00 00:00:00', '2024-08-06 11:51:39'),
(12, '0', '', '1', '黃家豪', 'ib54341', 'gs615653', '嘉義市', '成功街3號', '0966809273', 'yongxu@gmail.com', '1967-04-07', '男', 'user12', '', '', 0, '0000-00-00 00:00:00', '2024-08-06 11:51:39'),
(13, '0', '', '1', '蔡佳玲', 'ig547626', 'za16089', '新竹市', '大同街79號', '0995477601', 'gujing@gmail.com', '2003-01-09', '女', 'user13', '', '', 0, '0000-00-00 00:00:00', '2024-08-06 11:51:39'),
(14, '0', '', '1', '張冠宇', 'rs517898', 'xoj8177', '新北市', '華興街5號', '0991068901', 'vqiu@gmail.com', '1952-10-01', '男', 'user14', '', '', 0, '0000-00-00 00:00:00', '2024-08-06 11:51:39'),
(15, '0', '', '1', '林家豪', 'un80846', 'pb25445', '台南市', '東湖路18號', '0911064235', 'luping@gmail.com', '1936-11-06', '男', 'user15', '', '', 0, '0000-00-00 00:00:00', '2024-08-06 11:51:39'),
(16, '0', '', '1', '蔡志明', 'pe17088', 'an63580', '台南市', '劍南路8號', '0977112548', 'yongchang@gmail.com', '1944-12-17', '男', 'user16', '', '', 0, '0000-00-00 00:00:00', '2024-08-06 11:51:39'),
(17, '0', '', '1', '黃冠霖', 'ck96101', 'eg594303', '台南市', '府中街8號', '0969990330', 'xiulanliu@gmail.com', '1957-07-14', '男', 'user17', '', '', 0, '0000-00-00 00:00:00', '2024-08-06 11:51:39'),
(18, '0', '', '1', '劉怡伶', 'iz43601', 'po48975', '新北市', '正義街6號', '0936872454', 'fangmeng@gmail.com', '1993-09-19', '女', 'user18', '', '', 0, '0000-00-00 00:00:00', '2024-08-06 11:51:39'),
(19, '0', '', '1', '劉冠霖', 'rf91152', 'bzl98325', '高雄市', '水源街29號', '0936457577', 'vchang@gmail.com', '1936-05-15', '男', 'user19', '', '', 0, '0000-00-00 00:00:00', '2024-08-06 11:51:39'),
(20, '0', '', '1', '王俊傑', 'uu995672', 'fx121940', '嘉義市', '東湖街201號', '0996488015', 'dshi@gmail.com', '1968-03-17', '男', 'user20', '', '', 0, '0000-00-00 00:00:00', '2024-08-06 11:51:39'),
(21, '0', '', '1', '陳柏宇', 'vm554977', 'ct7470102', '台南市', '福安巷1號', '0941233320', 'cuilei@gmail.com', '1944-03-23', '男', 'user21', '', '', 0, '0000-00-00 00:00:00', '2024-08-06 11:51:39'),
(22, '0', '', '1', '楊名漢', 'boyu', 'a12345', '新北市', '三民街91號', '0944627636', 'chaoshen@gmail.com', '1949-09-19', '男', 'user22', '', '', 0, '0000-00-00 00:00:00', '2024-08-06 11:51:39'),
(23, '0', '', '1', '曾紹宗', 'gs191399', 'sm567828', '高雄市', '蘆洲街458號', '0982047815', 'wujie@gmail.com', '1976-07-13', '男', 'user23', '', '', 0, '0000-00-00 00:00:00', '2024-08-06 11:51:39'),
(24, '0', '', '1', '林冠霖', 'of715685', 'ma58613056', '基隆市', '劍南巷187號', '0956351329', 'zhoulei@gmail.com', '1990-09-15', '男', 'user24', '', '', 0, '0000-00-00 00:00:00', '2024-08-06 11:51:39'),
(25, '0', '', '1', '林玉婷', 'wx50967', 'tz86770', '台北市', '自由巷933號', '0941256452', 'mzhao@gmail.com', '1948-01-08', '女', 'user25', '', '', 0, '0000-00-00 00:00:00', '2024-08-06 11:51:39'),
(26, '0', '', '1', '吳家豪', 'ur96473', 'lu291563', '台中市', '新生巷65號', '0929776119', 'yongkong@gmail.com', '2002-04-18', '男', 'user26', '', '', 0, '0000-00-00 00:00:00', '2024-08-06 11:51:39'),
(27, '0', '', '1', '楊志明', 'bg355653', 'mo84487', '高雄市', '象山街281號', '0954831561', 'bdeng@gmail.com', '1971-01-30', '男', 'user27', '', '', 0, '0000-00-00 00:00:00', '2024-08-06 11:51:39'),
(28, '0', '', '1', '劉俊豪', 'bab9455', 'al7596912', '嘉義市', '明德街2段56號', '0992184730', 'gongxia@gmail.com', '1968-05-27', '男', 'user28', '', '', 0, '0000-00-00 00:00:00', '2024-08-06 11:51:39'),
(29, '0', '', '1', '黃雅惠', 'so76066', 'bn921737', '嘉義市', '動物園街369號', '0953471350', 'ixia@gmail.com', '1970-12-08', '女', 'user29', '', '', 0, '0000-00-00 00:00:00', '2024-08-06 11:51:39'),
(30, '0', '', '1', '蔡美玲', 'bs726895', 'vc85493', '台中市', '華興巷515號', '0927614292', 'fxie@gmail.com', '1949-10-15', '女', 'user30', '', '', 0, '0000-00-00 00:00:00', '2024-08-06 11:51:39'),
(31, '0', '', '1', '黃逸豪', 'qq8400640', 'hq783238', '新北市', '大坪路324號', '0992432626', 'pingguo@gmail.com', '1955-01-16', '男', 'user31', '', '', 0, '0000-00-00 00:00:00', '2024-08-06 11:51:39'),
(32, '0', '', '1', '吳冠宇', 'cb21065', 'dk47646', '高雄市', '民享路4段506號', '0946254774', 'oqiao@gmail.com', '1973-02-26', '男', 'user32', '', '', 0, '0000-00-00 00:00:00', '2024-08-06 11:51:39'),
(33, '0', '', '1', '楊昇達', 'uk42478', 'xd87614', '台中市', '廣慈巷483號', '0956353142', 'mintian@gmail.com', '2002-12-23', '男', 'user33', '', '', 0, '0000-00-00 00:00:00', '2024-08-06 11:51:39'),
(34, '0', '', '1', '楊志宏', 'rx84164', 'lc10832', '嘉義市', '關渡路4段17號', '0962067898', 'juanliu@gmail.com', '1999-03-10', '男', 'user34', '', '', 0, '0000-00-00 00:00:00', '2024-08-06 11:51:39'),
(35, '0', '', '1', '吳淑芬', 'yw67640', 'uf129332', '新竹市', '水源街2段2號', '0980078166', 'wei36@gmail.com', '1995-02-13', '女', 'user35', '', '', 0, '0000-00-00 00:00:00', '2024-08-06 11:51:39'),
(36, '0', '', '1', '吳威廷', 'zs19170', 'ygl78413', '基隆市', '長安巷21號', '0910858588', 'yan02@gmail.com', '1980-02-12', '男', 'user36', '', '', 0, '0000-00-00 00:00:00', '2024-08-06 11:51:39'),
(37, '0', '', '1', '王玉婷', 'ju791312', 'fa39254', '基隆市', '永和巷270號', '0962386127', 'hyi@gmail.com', '1992-03-19', '女', 'user37', '', '', 0, '0000-00-00 00:00:00', '2024-08-06 11:51:39'),
(38, '0', '', '1', '陳冠宇', 'xx62503', 'ap417436', '台南市', '自強街7段84號', '0941636464', 'skang@gmail.com', '1980-12-27', '男', 'user38', '', '', 0, '0000-00-00 00:00:00', '2024-08-06 11:51:39'),
(39, '0', '', '1', '王雅婷', 'aw62554', 'sf49358', '新竹市', '大橋頭巷517號', '0945876609', 'yuanli@gmail.com', '1964-09-07', '女', 'user39', '', '', 0, '0000-00-00 00:00:00', '2024-08-06 11:51:39'),
(40, '0', '', '1', '陳玉婷', 'ae77217', 'lc85565', '高雄市', '華興街91號', '0994011457', 'jieluo@gmail.com', '1963-10-07', '女', 'user40', '', '', 0, '0000-00-00 00:00:00', '2024-08-06 11:51:39'),
(41, '0', '', '1', '陳文芳', 'vg86859', 'hs90852', '台南市', '大同街6號', '0945341646', 'minsong@gmail.com', '1948-09-07', '女', 'user41', '', '', 0, '0000-00-00 00:00:00', '2024-08-06 11:51:39'),
(42, '0', '', '1', '劉雅婷', 'tc43041', 'wk27648', '高雄市', '學府街71號', '0966753431', 'jie11@gmail.com', '1979-04-25', '女', 'user42', '', '', 0, '0000-00-00 00:00:00', '2024-08-06 11:51:39'),
(43, '0', '', '1', '張偉哲', 'od432394', 'za95370', '嘉義市', '新生街768號', '0976686245', 'zhouguiying@gmail.com', '1999-02-14', '男', 'user43', '', '', 0, '0000-00-00 00:00:00', '2024-08-06 11:51:39'),
(44, '0', '', '1', '陳怡伶', 'av64857', 'av230214', '新北市', '自立路249號', '0973016148', 'xiawen@gmail.com', '1983-06-15', '女', 'user44', '', '', 0, '0000-00-00 00:00:00', '2024-08-06 11:51:39'),
(45, '0', '', '1', '陳淑芬', 'vx38564', 'zp67438', '新竹市', '廣慈巷55號', '0994431010', 'guiying13@gmail.com', '1951-06-19', '女', 'user45', '', '', 0, '0000-00-00 00:00:00', '2024-08-06 11:51:39'),
(46, '0', '', '1', '李志明', 'em76746', 'kt47918', '台中市', '新興路1號', '0967217834', 'etan@gmail.com', '1937-08-19', '男', 'user46', '', '', 0, '0000-00-00 00:00:00', '2024-08-06 11:51:39'),
(47, '0', '', '1', '李淑芬', 'jr21583232', 'hh5692', '台北市', '大仁路4段483號', '0988967589', 'cgao@gmail.com', '1975-12-26', '女', 'user47', '', '', 0, '0000-00-00 00:00:00', '2024-08-06 11:51:39'),
(48, '0', '', '1', '張威廷', 'mz71248', 'rr9923413', '新北市', '中山巷79號', '0997412998', 'xding@gmail.com', '1971-07-02', '男', 'user48', '', '', 0, '0000-00-00 00:00:00', '2024-08-06 11:51:39'),
(49, '0', '', '1', '吳怡伶', 'qe31554', 'hu86712', '嘉義市', '文化路1號', '0998612248', 'zhuming@gmail.com', '1979-05-05', '女', 'user49', '', '', 0, '0000-00-00 00:00:00', '2024-08-06 11:51:39'),
(50, '0', '', '1', '劉佳玲', 'ju90738', 'if43977583', '台北市', '南巷680號', '0911513458', 'z8259371@gmail.com', '1960-06-10', '女', 'user50', '', '', 1, '0000-00-00 00:00:00', '2024-08-06 11:51:39'),
(62, '', '', '1', 'admin', 'admin', 'admin', '', '', NULL, '', '', '男', '', '', '', 1, '2024-08-29 09:53:56', '2024-08-29 09:53:56'),
(100, '', '', '1', 'vic chen', 'qwer1234', 'asdf1234', '嘉義市', '建國路一百號五樓', '0988877744', 'd123469@gmail.com', '2000-09-14', '男', 'user100', '', '', 1, '2024-09-05 08:22:17', '2024-09-05 08:22:17');

-- --------------------------------------------------------

--
-- 資料表結構 `user_order`
--

CREATE TABLE `user_order` (
  `id` int(20) UNSIGNED NOT NULL,
  `numerical_order` varchar(30) NOT NULL,
  `user_id` int(10) NOT NULL,
  `delivery_method` varchar(20) NOT NULL,
  `delivery_address` varchar(1000) NOT NULL,
  `recipient` varchar(20) NOT NULL,
  `pay_method` varchar(20) NOT NULL,
  `pay_info` varchar(1000) NOT NULL,
  `total` int(10) NOT NULL,
  `coupons_id` int(20) NOT NULL,
  `discount_info` int(10) NOT NULL,
  `remark` varchar(1000) NOT NULL,
  `status_now` varchar(10) NOT NULL,
  `order_date` date NOT NULL,
  `transaction_id` text DEFAULT NULL,
  `reservation` text DEFAULT NULL,
  `confirm` text DEFAULT NULL,
  `return_code` varchar(255) DEFAULT NULL
) ENGINE=InnoDB DEFAULT CHARSET=utf8mb4 COLLATE=utf8mb4_unicode_ci;

--
-- 傾印資料表的資料 `user_order`
--

INSERT INTO `user_order` (`id`, `numerical_order`, `user_id`, `delivery_method`, `delivery_address`, `recipient`, `pay_method`, `pay_info`, `total`, `coupons_id`, `discount_info`, `remark`, `status_now`, `order_date`, `transaction_id`, `reservation`, `confirm`, `return_code`) VALUES
(1, '1ba8afa4-5aa8-11ef-a6b8-847b57', 42, '宅配', '{\"country\": \"台灣\", \"postcode\": \"320\", \"city\": \"桃園市\", \"address\": \"中壢區新生路二段421號\"}', '王小明', '信用卡', '{\"card_number\": \"1234567812345678\", \"cardholder\": \"王小明\", \"country\": \"台灣\", \"postcode\": \"320\", \"city\":', 6847, 39, 958, '備註內容', '訂單成立', '2024-05-10', NULL, NULL, NULL, NULL),
(2, '1ba8d679-5aa8-11ef-a6b8-847b57', 21, '自取', '{}', '王小明', 'ECpay', '{}', 2544, 33, 780, '備註內容', '已出貨', '2024-06-20', NULL, NULL, NULL, NULL),
(3, '1ba8d83a-5aa8-11ef-a6b8-847b57', 35, '宅配', '{\"country\": \"台灣\", \"postcode\": \"100\", \"city\": \"台北市\", \"address\": \"中山區南京東路一段234號\"}', '李大華', 'Linepay', '{}', 3186, 9, 267, '', '訂單完成', '2024-07-15', NULL, NULL, NULL, NULL),
(4, '4ffce2ac-5aa8-11ef-a6b8-847b57', 19, '宅配', '{\"country\": \"台灣\", \"postcode\": \"401\", \"city\": \"台中市\", \"address\": \"北屯區松竹路二段123號\"}', '陳美麗', '信用卡', '{\"card_number\": \"8765432187654321\", \"cardholder\": \"陳美麗\", \"country\": \"台灣\", \"postcode\": \"401\", \"city\":', 4112, 31, 222, '需要提前通知', '訂單成立', '2024-02-15', NULL, NULL, NULL, NULL),
(5, '4ffcf42e-5aa8-11ef-a6b8-847b57', 16, '自取', '{}', '林志豪', 'ECpay', '{}', 4755, 10, 742, '提早一小時通知', '已出貨', '2024-03-22', NULL, NULL, NULL, NULL),
(6, '4ffcf50e-5aa8-11ef-a6b8-847b57', 42, '宅配', '{\"country\": \"台灣\", \"postcode\": \"600\", \"city\": \"嘉義市\", \"address\": \"東區民族路200號\"}', '張小明', 'Linepay', '{}', 2146, 8, 454, '禮品包裝', '訂單完成', '2024-04-18', NULL, NULL, NULL, NULL),
(7, '4ffcf577-5aa8-11ef-a6b8-847b57', 9, '宅配', '{\"country\": \"台灣\", \"postcode\": \"700\", \"city\": \"台南市\", \"address\": \"中西區永華路200號\"}', '黃國華', '信用卡', '{\"card_number\": \"1111222233334444\", \"cardholder\": \"黃國華\", \"country\": \"台灣\", \"postcode\": \"700\", \"city\":', 9172, 2, 508, '', '訂單成立', '2024-05-25', NULL, NULL, NULL, NULL),
(8, '4ffcf605-5aa8-11ef-a6b8-847b57', 44, '自取', '{}', '李雪萍', 'ECpay', '{}', 2423, 11, 626, '', '評論完成', '2024-06-05', NULL, NULL, NULL, NULL),
(9, '4ffcf643-5aa8-11ef-a6b8-847b57', 4, '宅配', '{\"country\": \"台灣\", \"postcode\": \"500\", \"city\": \"彰化市\", \"address\": \"員林鎮中山路300號\"}', '楊玉芬', 'Linepay', '{}', 7335, 17, 662, '贈送生日卡', '已出貨', '2024-07-12', NULL, NULL, NULL, NULL),
(10, '4ffcf68a-5aa8-11ef-a6b8-847b57', 44, '宅配', '{\"country\": \"台灣\", \"postcode\": \"104\", \"city\": \"台北市\", \"address\": \"大同區延平北路四段111號\"}', '鄭凱文', '信用卡', '{\"card_number\": \"4444333322221111\", \"cardholder\": \"鄭凱文\", \"country\": \"台灣\", \"postcode\": \"104\", \"city\":', 6819, 31, 266, '', '訂單完成', '2024-08-01', NULL, NULL, NULL, NULL),
(11, '9d3eae9a-5aa8-11ef-a6b8-847b57', 24, '宅配', '{\"country\": \"台灣\", \"postcode\": \"302\", \"city\": \"新竹縣\", \"address\": \"竹北市文興路二段88號\"}', '吳志偉', '信用卡', '{\"card_number\": \"1234567812345678\", \"cardholder\": \"吳志偉\", \"country\": \"台灣\", \"postcode\": \"302\", \"city\":', 2833, 32, 665, '需要開發票', '訂單成立', '2024-01-05', NULL, NULL, NULL, NULL),
(12, '9d3ec504-5aa8-11ef-a6b8-847b57', 50, '自取', '{}', '趙麗英', 'ECpay', '{}', 2993, 7, 977, '攜帶身份證', '已出貨', '2024-02-10', NULL, NULL, NULL, NULL),
(13, '9d3ec5fb-5aa8-11ef-a6b8-847b57', 24, '宅配', '{\"country\": \"台灣\", \"postcode\": \"600\", \"city\": \"嘉義市\", \"address\": \"西區垂楊路58號\"}', '曾文雄', 'Linepay', '{}', 5157, 45, 228, '不需簽收', '訂單完成', '2024-03-14', NULL, NULL, NULL, NULL),
(14, '9d3ec696-5aa8-11ef-a6b8-847b57', 27, '宅配', '{\"country\": \"台灣\", \"postcode\": \"100\", \"city\": \"台北市\", \"address\": \"中正區忠孝東路一段100號\"}', '林國榮', '信用卡', '{\"card_number\": \"8765432187654321\", \"cardholder\": \"林國榮\", \"country\": \"台灣\", \"postcode\": \"100\", \"city\":', 5601, 50, 518, '請小心處理', '訂單成立', '2024-04-20', NULL, NULL, NULL, NULL),
(15, '9d3ec73e-5aa8-11ef-a6b8-847b57', 2, '自取', '{}', '王雅婷', 'ECpay', '{}', 9646, 36, 736, '', '評論完成', '2024-05-02', NULL, NULL, NULL, NULL),
(16, '9d3ec79e-5aa8-11ef-a6b8-847b57', 12, '宅配', '{\"country\": \"台灣\", \"postcode\": \"407\", \"city\": \"台中市\", \"address\": \"西屯區台灣大道三段789號\"}', '鄭中義', 'Linepay', '{}', 1874, 42, 847, '送到前聯繫', '已出貨', '2024-06-18', NULL, NULL, NULL, NULL),
(17, '9d3ec8da-5aa8-11ef-a6b8-847b57', 30, '宅配', '{\"country\": \"台灣\", \"postcode\": \"540\", \"city\": \"南投縣\", \"address\": \"南投市彰南路三段200號\"}', '李家豪', '信用卡', '{\"card_number\": \"4444333322221111\", \"cardholder\": \"李家豪\", \"country\": \"台灣\", \"postcode\": \"540\", \"city\":', 5529, 38, 422, '', '訂單成立', '2024-07-11', NULL, NULL, NULL, NULL),
(18, '9d3ec953-5aa8-11ef-a6b8-847b57', 6, '自取', '{}', '郭嘉玲', 'ECpay', '{}', 7762, 21, 820, '需要購物袋', '評論完成', '2024-08-01', NULL, NULL, NULL, NULL),
(19, '9d3ec9a1-5aa8-11ef-a6b8-847b57', 34, '宅配', '{\"country\": \"台灣\", \"postcode\": \"403\", \"city\": \"台中市\", \"address\": \"北區漢口路四段100號\"}', '楊秀娟', 'Linepay', '{}', 9766, 45, 620, '盡快送達', '已出貨', '2024-07-22', NULL, NULL, NULL, NULL),
(20, '9d3ec9ff-5aa8-11ef-a6b8-847b57', 49, '宅配', '{\"country\":\"台灣\",\"postCode\":\"222\",\"city\":\"台南市\",\"address\":\"華興街672號\"}', '陳建明', '信用卡', '{\"card_number\": \"1122334455667788\", \"cardholder\": \"陳建明\", \"country\": \"台灣\", \"postcode\": \"220\", \"city\":', 3051, 13, 676, '請輕放', '訂單完成', '2024-08-01', NULL, NULL, NULL, NULL),
(21, '9603c71d-1f80-473f-98cb-5373d8', 1, '自取', '{}', '李志宏', 'ECPay', '{}', 1390, 0, 0, '', '付款完成', '2024-08-19', NULL, NULL, NULL, 'RtnCode: 1'),
(25, 'f255f78a-2945-43a0-9e73-264a9b', 1, '自取', '{}', '李志宏', 'Linepay', '{}', 2070, 0, 0, '', '付款完成', '2024-08-19', '2024081902179054910', '{\"orderId\":\"f255f78a-2945-43a0-9e73-264a9b\",\"currency\":\"TWD\",\"amount\":2070,\"packages\":[{\"id\":\"bb4a4b5c-1b1a-4090-b72b-4434b30590be\",\"amount\":2070,\"products\":[{\"id\":2070,\"name\":\"25\",\"quantity\":1,\"price\":2070}]}],\"returnCode\":\"0000\",\"returnMessage\":\"Success.\",\"transactionId\":\"2024081902179054910\",\"paymentAccessToken\":\"590533041547\"}', '{\"returnCode\":\"0000\",\"returnMessage\":\"Success.\",\"info\":{\"transactionId\":\"2024081902179054910\",\"orderId\":\"f255f78a-2945-43a0-9e73-264a9b\",\"payInfo\":[{\"method\":\"CREDIT_CARD\",\"amount\":2070,\"maskedCreditCardNumber\":\"************1111\"}],\"packages\":[{\"id\":\"bb4a4b5c-1b1a-4090-b72b-4434b30590be\",\"amount\":2070,\"userFeeAmount\":0,\"products\":[{\"id\":\"2070\",\"name\":\"25\",\"quantity\":1,\"price\":2070}]}]}}', '0000'),
(77, 'df6d3159-207d-4a99-abfd-b6684f', 1, '自取', '{}', '李志宏', 'ECPay', '{\"creditNum1\":\"\",\"creditNum2\":\"\",\"creditNum3\":\"\",\"creditNum4\":\"\",\"expDate\":\"\",\"csc\":\"\",\"cardholder\":\"\",\"country\":\"\",\"postCode\":\"\",\"city\":\"\",\"address\":\"\",\"useDeliveryAddress\":false}', 1490, 0, 0, '', '付款完成', '2024-08-22', NULL, NULL, NULL, 'RtnCode: 1'),
(79, '402d399a-e365-4b98-ae82-9053db', 1, '自取', '{}', '李志宏', 'ECPay', '{\"creditNum1\":\"\",\"creditNum2\":\"\",\"creditNum3\":\"\",\"creditNum4\":\"\",\"expDate\":\"\",\"csc\":\"\",\"cardholder\":\"\",\"country\":\"\",\"postCode\":\"\",\"city\":\"\",\"address\":\"\",\"useDeliveryAddress\":false}', 10040, 0, 0, '', '付款完成', '2024-08-22', NULL, NULL, NULL, 'RtnCode: 1'),
(80, '0166906e-5eb6-4ece-ac1d-715a77', 1, '自取', '{}', '李志宏', 'ECPay', '{\"creditNum1\":\"\",\"creditNum2\":\"\",\"creditNum3\":\"\",\"creditNum4\":\"\",\"expDate\":\"\",\"csc\":\"\",\"cardholder\":\"\",\"country\":\"\",\"postCode\":\"\",\"city\":\"\",\"address\":\"\",\"useDeliveryAddress\":false}', 10040, 0, 0, '', '付款完成', '2024-08-22', NULL, NULL, NULL, 'RtnCode: 1'),
(81, 'ebfc3e56-7fdf-4801-b65e-8f1fc2', 1, '自取', '{}', '李志宏', 'ECPay', '{\"creditNum1\":\"\",\"creditNum2\":\"\",\"creditNum3\":\"\",\"creditNum4\":\"\",\"expDate\":\"\",\"csc\":\"\",\"cardholder\":\"\",\"country\":\"\",\"postCode\":\"\",\"city\":\"\",\"address\":\"\",\"useDeliveryAddress\":false}', 10040, 0, 0, '', '已出貨', '2024-08-22', NULL, NULL, NULL, 'RtnCode: 1'),
(82, '2e3bf115-be9f-447e-9a82-9f4342', 1, '自取', '{}', '李志宏', 'ECPay', '{\"creditNum1\":\"\",\"creditNum2\":\"\",\"creditNum3\":\"\",\"creditNum4\":\"\",\"expDate\":\"\",\"csc\":\"\",\"cardholder\":\"\",\"country\":\"\",\"postCode\":\"\",\"city\":\"\",\"address\":\"\",\"useDeliveryAddress\":false}', 10040, 0, 0, '', '付款完成', '2024-08-22', NULL, NULL, NULL, 'RtnCode: 1'),
(83, '45b7d2f0-cfa1-4b73-b091-12bcfe', 4, '7-11店到店', '{\"city\":\"雙連門市\",\"address\":\"台北市大同區民生西路176號\"}', '張佳玲', 'Linepay', '{\"creditNum1\":\"\",\"creditNum2\":\"\",\"creditNum3\":\"\",\"creditNum4\":\"\",\"expDate\":\"\",\"csc\":\"\",\"cardholder\":\"\",\"country\":\"\",\"postCode\":\"\",\"city\":\"\",\"address\":\"\",\"useDeliveryAddress\":false}', 6900, 0, 0, '', '已出貨', '2024-08-23', '2024082302181569010', '{\"orderId\":\"45b7d2f0-cfa1-4b73-b091-12bcfe\",\"currency\":\"TWD\",\"amount\":6900,\"packages\":[{\"id\":\"95cc945f-ac09-49d7-8ca5-6a0edac647fb\",\"amount\":6900,\"products\":[{\"id\":6900,\"name\":\"45b7d2f0-cfa1-4b73-b091-12bcfe\",\"quantity\":1,\"price\":6900}]}],\"returnCode\":\"0000\",\"returnMessage\":\"Success.\",\"transactionId\":\"2024082302181569010\",\"paymentAccessToken\":\"018342461730\"}', '{\"returnCode\":\"0000\",\"returnMessage\":\"Success.\",\"info\":{\"transactionId\":\"2024082302181569010\",\"orderId\":\"45b7d2f0-cfa1-4b73-b091-12bcfe\",\"payInfo\":[{\"method\":\"CREDIT_CARD\",\"amount\":6900,\"maskedCreditCardNumber\":\"************1111\"}],\"packages\":[{\"id\":\"95cc945f-ac09-49d7-8ca5-6a0edac647fb\",\"amount\":6900,\"userFeeAmount\":0,\"products\":[{\"id\":\"6900\",\"name\":\"45b7d2f0-cfa1-4b73-b091-12bcfe\",\"quantity\":1,\"price\":6900}]}]}}', '0000'),
(84, '212dfea8-9225-4dd5-bba4-0c3596', 4, '宅配', '{\"country\":\"台灣\",\"postCode\":\"222\",\"city\":\"基隆市\",\"address\":\"華興街672號\"}', '李志宏', 'ECPay', '{\"creditNum1\":\"\",\"creditNum2\":\"\",\"creditNum3\":\"\",\"creditNum4\":\"\",\"expDate\":\"\",\"csc\":\"\",\"cardholder\":\"\",\"country\":\"\",\"postCode\":\"\",\"city\":\"\",\"address\":\"\",\"useDeliveryAddress\":false}', 3700, 64, 20, '', '已出貨', '2024-08-23', NULL, NULL, NULL, 'RtnCode: 1'),
(85, '88beaa24-69fd-4bf0-9a97-b08708', 4, '宅配', '{\"country\":\"台灣\",\"postCode\":\"222\",\"city\":\"新北市\",\"address\":\"東興街7段93號\"}', '張佳玲', 'ECPay', '{\"creditNum1\":\"\",\"creditNum2\":\"\",\"creditNum3\":\"\",\"creditNum4\":\"\",\"expDate\":\"\",\"csc\":\"\",\"cardholder\":\"\",\"country\":\"\",\"postCode\":\"\",\"city\":\"\",\"address\":\"\",\"useDeliveryAddress\":false}', 7030, 53, 2000, '', '已出貨', '2024-08-23', NULL, NULL, NULL, 'RtnCode: 1'),
(91, '724d8f86-7a3b-475f-95fe-9b9c34', 17, '自取', '{}', '黃冠霖', 'ECPay', '{\"creditNum1\":\"\",\"creditNum2\":\"\",\"creditNum3\":\"\",\"creditNum4\":\"\",\"expDate\":\"\",\"csc\":\"\",\"cardholder\":\"\",\"country\":\"\",\"postCode\":\"\",\"city\":\"\",\"address\":\"\",\"useDeliveryAddress\":false}', 19980, 0, 0, '', '未付款', '2024-08-23', NULL, NULL, NULL, NULL),
(92, 'f2612444-5286-40c5-afe1-b06d80', 17, '自取', '{}', '黃冠霖', 'ECPay', '{\"creditNum1\":\"\",\"creditNum2\":\"\",\"creditNum3\":\"\",\"creditNum4\":\"\",\"expDate\":\"\",\"csc\":\"\",\"cardholder\":\"\",\"country\":\"\",\"postCode\":\"\",\"city\":\"\",\"address\":\"\",\"useDeliveryAddress\":false}', 19980, 0, 0, '', '未付款', '2024-08-23', NULL, NULL, NULL, NULL),
(93, '3cf2955c-9bcc-442a-8c90-91267e', 17, '自取', '{}', '黃冠霖', 'ECPay', '{\"creditNum1\":\"\",\"creditNum2\":\"\",\"creditNum3\":\"\",\"creditNum4\":\"\",\"expDate\":\"\",\"csc\":\"\",\"cardholder\":\"\",\"country\":\"\",\"postCode\":\"\",\"city\":\"\",\"address\":\"\",\"useDeliveryAddress\":false}', 19980, 0, 0, '', '未付款', '2024-08-23', NULL, NULL, NULL, NULL),
(94, 'f09dfb20-d1a2-4821-b17c-858bc3', 17, '自取', '{}', '黃冠霖', 'ECPay', '{\"creditNum1\":\"\",\"creditNum2\":\"\",\"creditNum3\":\"\",\"creditNum4\":\"\",\"expDate\":\"\",\"csc\":\"\",\"cardholder\":\"\",\"country\":\"\",\"postCode\":\"\",\"city\":\"\",\"address\":\"\",\"useDeliveryAddress\":false}', 19980, 0, 0, '', '未付款', '2024-08-23', NULL, NULL, NULL, NULL),
(95, 'ea5ea1e3-a8da-40bf-a718-ed1f53', 17, '自取', '{}', '黃冠霖', 'ECPay', '{\"creditNum1\":\"\",\"creditNum2\":\"\",\"creditNum3\":\"\",\"creditNum4\":\"\",\"expDate\":\"\",\"csc\":\"\",\"cardholder\":\"\",\"country\":\"\",\"postCode\":\"\",\"city\":\"\",\"address\":\"\",\"useDeliveryAddress\":false}', 19980, 0, 0, '', '已出貨', '2024-08-23', NULL, NULL, NULL, 'RtnCode: 1'),
(96, '0d10bb8c-35fc-477c-9db7-978591', 17, '自取', '{}', '黃冠霖', 'ECPay', '{\"creditNum1\":\"\",\"creditNum2\":\"\",\"creditNum3\":\"\",\"creditNum4\":\"\",\"expDate\":\"\",\"csc\":\"\",\"cardholder\":\"\",\"country\":\"\",\"postCode\":\"\",\"city\":\"\",\"address\":\"\",\"useDeliveryAddress\":false}', 19980, 0, 0, '', '未付款', '2024-08-23', NULL, NULL, NULL, NULL),
(97, '8fd99bea-0958-454c-b6b2-be9b89', 17, '自取', '{}', '黃冠霖', 'ECPay', '{\"creditNum1\":\"\",\"creditNum2\":\"\",\"creditNum3\":\"\",\"creditNum4\":\"\",\"expDate\":\"\",\"csc\":\"\",\"cardholder\":\"\",\"country\":\"\",\"postCode\":\"\",\"city\":\"\",\"address\":\"\",\"useDeliveryAddress\":false}', 19980, 0, 0, '', '未付款', '2024-08-23', NULL, NULL, NULL, NULL),
(98, 'cd86f9cf-5673-447c-8440-8d26bf', 17, '自取', '{}', '黃冠霖', 'ECPay', '{\"creditNum1\":\"\",\"creditNum2\":\"\",\"creditNum3\":\"\",\"creditNum4\":\"\",\"expDate\":\"\",\"csc\":\"\",\"cardholder\":\"\",\"country\":\"\",\"postCode\":\"\",\"city\":\"\",\"address\":\"\",\"useDeliveryAddress\":false}', 19980, 0, 0, '', '未付款', '2024-08-23', NULL, NULL, NULL, NULL),
(99, 'f75c8b9d-8e3f-4914-8d32-90e682', 17, '自取', '{}', '黃冠霖', 'ECPay', '{\"creditNum1\":\"\",\"creditNum2\":\"\",\"creditNum3\":\"\",\"creditNum4\":\"\",\"expDate\":\"\",\"csc\":\"\",\"cardholder\":\"\",\"country\":\"\",\"postCode\":\"\",\"city\":\"\",\"address\":\"\",\"useDeliveryAddress\":false}', 19980, 0, 0, '', '付款完成', '2024-08-23', NULL, NULL, NULL, 'RtnCode: 1'),
(100, '724ab332-3ad8-451e-8057-31ce0b', 1, '7-11店到店', '{\"city\":\"士東門市\",\"address\":\"台北市士林區士東路42號1樓\"}', '李志宏', 'ECPay', '{\"creditNum1\":\"\",\"creditNum2\":\"\",\"creditNum3\":\"\",\"creditNum4\":\"\",\"expDate\":\"\",\"csc\":\"\",\"cardholder\":\"\",\"country\":\"\",\"postCode\":\"\",\"city\":\"\",\"address\":\"\",\"useDeliveryAddress\":false}', 14000, 0, 0, '', '已評論', '2024-08-26', NULL, NULL, NULL, 'RtnCode: 1'),
(101, '43eeb20d-23b8-41a8-bd04-f00f38', 1, '自取', '{}', '李志宏', 'Linepay', '{\"creditNum1\":\"\",\"creditNum2\":\"\",\"creditNum3\":\"\",\"creditNum4\":\"\",\"expDate\":\"\",\"csc\":\"\",\"cardholder\":\"\",\"country\":\"\",\"postCode\":\"\",\"city\":\"\",\"address\":\"\",\"useDeliveryAddress\":false}', 8330, 0, 0, '', '已評論', '2024-08-26', '2024082602183236610', '{\"orderId\":\"43eeb20d-23b8-41a8-bd04-f00f38\",\"currency\":\"TWD\",\"amount\":8330,\"packages\":[{\"id\":\"8025979f-3df8-4289-a0ab-aad9b15d0796\",\"amount\":8330,\"products\":[{\"id\":8330,\"name\":\"43eeb20d-23b8-41a8-bd04-f00f38\",\"quantity\":1,\"price\":8330}]}],\"returnCode\":\"0000\",\"returnMessage\":\"Success.\",\"transactionId\":\"2024082602183236610\",\"paymentAccessToken\":\"879489170784\"}', '{\"returnCode\":\"0000\",\"returnMessage\":\"Success.\",\"info\":{\"transactionId\":\"2024082602183236610\",\"orderId\":\"43eeb20d-23b8-41a8-bd04-f00f38\",\"payInfo\":[{\"method\":\"CREDIT_CARD\",\"amount\":8330,\"maskedCreditCardNumber\":\"************1111\"}],\"packages\":[{\"id\":\"8025979f-3df8-4289-a0ab-aad9b15d0796\",\"amount\":8330,\"userFeeAmount\":0,\"products\":[{\"id\":\"8330\",\"name\":\"43eeb20d-23b8-41a8-bd04-f00f38\",\"quantity\":1,\"price\":8330}]}]}}', '0000'),
(102, '4987e110-8977-4f0f-ba6d-84d6af', 1, '自取', '{}', '李志宏', 'Linepay', '{\"creditNum1\":\"\",\"creditNum2\":\"\",\"creditNum3\":\"\",\"creditNum4\":\"\",\"expDate\":\"\",\"csc\":\"\",\"cardholder\":\"\",\"country\":\"\",\"postCode\":\"\",\"city\":\"\",\"address\":\"\",\"useDeliveryAddress\":false}', 10040, 0, 0, '', '已完成', '2024-08-26', '2024082602183237710', '{\"orderId\":\"4987e110-8977-4f0f-ba6d-84d6af\",\"currency\":\"TWD\",\"amount\":10040,\"packages\":[{\"id\":\"c7a158b2-27cc-47d0-a77d-1510794e1678\",\"amount\":10040,\"products\":[{\"id\":10040,\"name\":\"4987e110-8977-4f0f-ba6d-84d6af\",\"quantity\":1,\"price\":10040}]}],\"returnCode\":\"0000\",\"returnMessage\":\"Success.\",\"transactionId\":\"2024082602183237710\",\"paymentAccessToken\":\"468903433091\"}', '{\"returnCode\":\"0000\",\"returnMessage\":\"Success.\",\"info\":{\"transactionId\":\"2024082602183237710\",\"orderId\":\"4987e110-8977-4f0f-ba6d-84d6af\",\"payInfo\":[{\"method\":\"CREDIT_CARD\",\"amount\":10040,\"maskedCreditCardNumber\":\"************1111\"}],\"packages\":[{\"id\":\"c7a158b2-27cc-47d0-a77d-1510794e1678\",\"amount\":10040,\"userFeeAmount\":0,\"products\":[{\"id\":\"10040\",\"name\":\"4987e110-8977-4f0f-ba6d-84d6af\",\"quantity\":1,\"price\":10040}]}]}}', '0000'),
(103, 'cb715d10-7243-42f8-838e-b213cf', 1, '自取', '{}', '李志宏', 'Linepay', '{\"creditNum1\":\"\",\"creditNum2\":\"\",\"creditNum3\":\"\",\"creditNum4\":\"\",\"expDate\":\"\",\"csc\":\"\",\"cardholder\":\"\",\"country\":\"\",\"postCode\":\"\",\"city\":\"\",\"address\":\"\",\"useDeliveryAddress\":false}', 3080, 0, 0, '', '未付款', '2024-08-26', '2024082602183412710', '{\"orderId\":\"cb715d10-7243-42f8-838e-b213cf\",\"currency\":\"TWD\",\"amount\":3080,\"packages\":[{\"id\":\"ae6d6988-8325-4330-b91e-648f79438a98\",\"amount\":3080,\"products\":[{\"id\":3080,\"name\":\"cb715d10-7243-42f8-838e-b213cf\",\"quantity\":1,\"price\":3080}]}],\"returnCode\":\"0000\",\"returnMessage\":\"Success.\",\"transactionId\":\"2024082602183412710\",\"paymentAccessToken\":\"474381611836\"}', NULL, NULL),
(104, 'ce147635-639f-11ef-9935-847b57', 10, '自取', '{}', '王大強', 'Line pay', '{}', 25603, 0, 100, '', '付款完成', '2024-01-21', NULL, NULL, NULL, NULL),
(105, 'e00a16ba-639f-11ef-9935-847b57', 46, '自取', '{}', '王大強', 'Line pay', '{}', 8097, 0, 0, '', '付款完成', '2024-01-12', NULL, NULL, NULL, NULL),
(106, 'ff00dd67-639f-11ef-9935-847b57', 47, '自取', '{}', '王大強', 'Line pay', '{}', 2242, 0, 0, '', '付款完成', '2024-01-09', NULL, NULL, NULL, NULL),
(107, '021eb092-63a0-11ef-9935-847b57', 26, '自取', '{}', '王大強', 'Line pay', '{}', 15789, 0, 0, '', '付款完成', '2024-01-29', NULL, NULL, NULL, NULL),
(108, '0419a4b5-63a0-11ef-9935-847b57', 19, '自取', '{}', '王大強', 'Line pay', '{}', 25892, 0, 0, '', '付款完成', '2024-01-05', NULL, NULL, NULL, NULL),
(109, '05e62093-63a0-11ef-9935-847b57', 15, '自取', '{}', '王大強', 'Line pay', '{}', 7229, 0, 0, '', '已出貨', '2024-01-02', NULL, NULL, NULL, NULL),
(110, '07cbfd0c-63a0-11ef-9935-847b57', 4, '自取', '{}', '王大強', 'Line pay', '{}', 4701, 0, 0, '', '已出貨', '2024-01-10', NULL, NULL, NULL, NULL),
(111, '09a25acc-63a0-11ef-9935-847b57', 42, '自取', '{}', '王大強', 'Line pay', '{}', 10320, 0, 0, '', '已出貨', '2024-01-31', NULL, NULL, NULL, NULL),
(112, '0b80224b-63a0-11ef-9935-847b57', 14, '自取', '{}', '王大強', 'Line pay', '{}', 16612, 0, 0, '', '已出貨', '2024-01-24', NULL, NULL, NULL, NULL),
(113, '0d843782-63a0-11ef-9935-847b57', 19, '自取', '{}', '王大強', 'Line pay', '{}', 14113, 0, 0, '', '已出貨', '2024-01-03', NULL, NULL, NULL, NULL),
(114, '10b6d7f0-63a0-11ef-9935-847b57', 9, '自取', '{}', '王大強', 'Line pay', '{}', 24619, 0, 0, '', '已出貨', '2024-01-17', NULL, NULL, NULL, NULL),
(115, '7ee17f80-63a1-11ef-9935-847b57', 38, '自取', '{}', '王大強', 'Line pay', '{}', 7813, 0, 0, '', '付款完成', '2024-02-24', NULL, NULL, NULL, NULL),
(116, '82bde0a5-63a1-11ef-9935-847b57', 17, '自取', '{}', '王大強', 'Line pay', '{}', 15497, 0, 0, '', '已出貨', '2024-02-14', NULL, NULL, NULL, NULL),
(117, '867ee954-63a1-11ef-9935-847b57', 36, '自取', '{}', '王大強', 'Line pay', '{}', 21117, 0, 0, '', '已出貨', '2024-02-09', NULL, NULL, NULL, NULL),
(118, '88566cf3-63a1-11ef-9935-847b57', 24, '自取', '{}', '王大強', 'Line pay', '{}', 9515, 0, 0, '', '已出貨', '2024-02-29', NULL, NULL, NULL, NULL),
(119, '89feaf7b-63a1-11ef-9935-847b57', 14, '自取', '{}', '王大強', 'Line pay', '{}', 8017, 0, 0, '', '已出貨', '2024-02-09', NULL, NULL, NULL, NULL),
(120, '1387942c-63a2-11ef-9935-847b57', 37, '自取', '{}', '王大強', 'Line pay', '{}', 7214, 0, 0, '', '付款完成', '2024-05-24', NULL, NULL, NULL, NULL),
(121, '1cfa90d9-63a2-11ef-9935-847b57', 38, '自取', '{}', '王大強', 'Line pay', '{}', 18740, 0, 0, '', '付款完成', '2024-05-24', NULL, NULL, NULL, NULL),
(122, '1f6b7512-63a2-11ef-9935-847b57', 43, '自取', '{}', '王大強', 'Line pay', '{}', 2696, 0, 0, '', '付款完成', '2024-05-18', NULL, NULL, NULL, NULL),
(123, '213980e7-63a2-11ef-9935-847b57', 15, '自取', '{}', '王大強', 'Line pay', '{}', 13483, 0, 0, '', '付款完成', '2024-05-06', NULL, NULL, NULL, NULL),
(124, '23166276-63a2-11ef-9935-847b57', 41, '自取', '{}', '王大強', 'Line pay', '{}', 23877, 0, 0, '', '付款完成', '2024-05-15', NULL, NULL, NULL, NULL),
(125, '24b31898-63a2-11ef-9935-847b57', 40, '自取', '{}', '王大強', 'Line pay', '{}', 20628, 0, 0, '', '付款完成', '2024-05-30', NULL, NULL, NULL, NULL),
(126, '263559b0-63a2-11ef-9935-847b57', 25, '自取', '{}', '王大強', 'Line pay', '{}', 16788, 0, 0, '', '已出貨', '2024-05-06', NULL, NULL, NULL, NULL),
(127, '27bb3041-63a2-11ef-9935-847b57', 20, '自取', '{}', '王大強', 'Line pay', '{}', 18541, 0, 0, '', '已出貨', '2024-05-24', NULL, NULL, NULL, NULL),
(128, 'de3608b9-de96-43ae-82f8-7cefbe', 99, '7-11店到店', '{\"city\":\"永富門市\",\"address\":\"基隆市七堵區永富路99號101號103號1樓\"}', 'a86aaa', 'Linepay', '{\"creditNum1\":\"\",\"creditNum2\":\"\",\"creditNum3\":\"\",\"creditNum4\":\"\",\"expDate\":\"\",\"csc\":\"\",\"cardholder\":\"\",\"country\":\"\",\"postCode\":\"\",\"city\":\"\",\"address\":\"\",\"useDeliveryAddress\":false}', 12320, 0, 0, '', '已出貨', '2024-08-30', '2024083002185869810', '{\"orderId\":\"de3608b9-de96-43ae-82f8-7cefbe\",\"currency\":\"TWD\",\"amount\":12320,\"packages\":[{\"id\":\"332d12c9-051c-46b9-9451-92fe848e306a\",\"amount\":12320,\"products\":[{\"id\":12320,\"name\":\"de3608b9-de96-43ae-82f8-7cefbe\",\"quantity\":1,\"price\":12320}]}],\"returnCode\":\"0000\",\"returnMessage\":\"Success.\",\"transactionId\":\"2024083002185869810\",\"paymentAccessToken\":\"353468663615\"}', '{\"returnCode\":\"0000\",\"returnMessage\":\"Success.\",\"info\":{\"transactionId\":\"2024083002185869810\",\"orderId\":\"de3608b9-de96-43ae-82f8-7cefbe\",\"payInfo\":[{\"method\":\"CREDIT_CARD\",\"amount\":12320,\"maskedCreditCardNumber\":\"************1111\"}],\"packages\":[{\"id\":\"332d12c9-051c-46b9-9451-92fe848e306a\",\"amount\":12320,\"userFeeAmount\":0,\"products\":[{\"id\":\"12320\",\"name\":\"de3608b9-de96-43ae-82f8-7cefbe\",\"quantity\":1,\"price\":12320}]}]}}', '0000'),
(129, '486c8f51-3783-4f0e-80f2-3efd1c', 99, '自取', '{}', 'a86aaa', 'ECPay', '{\"creditNum1\":\"\",\"creditNum2\":\"\",\"creditNum3\":\"\",\"creditNum4\":\"\",\"expDate\":\"\",\"csc\":\"\",\"cardholder\":\"\",\"country\":\"\",\"postCode\":\"\",\"city\":\"\",\"address\":\"\",\"useDeliveryAddress\":false}', 2070, 0, 0, '', '已評論', '2024-08-30', NULL, NULL, NULL, 'RtnCode: 1'),
(130, '22f7f716-e7ba-4ede-ab72-5fb561', 99, '宅配', '{\"country\":\"台灣\",\"postCode\":\"222\",\"city\":\"彰化縣\",\"address\":\"華興街672號\"}', 'a86aaa', 'credit', '{\"country\":\"台灣\",\"postCode\":\"222\",\"city\":\"彰化縣\",\"address\":\"華興街672號\",\"creditNum1\":\"4123\",\"creditNum2\":\"5555\",\"creditNum3\":\"2222\",\"creditNum4\":\"2222\",\"expDate\":\"05/26\",\"csc\":\"444\",\"cardholder\":\"拱\"}', 6060, 0, 0, '111', '未付款', '2024-09-02', NULL, NULL, NULL, NULL),
(131, '79452d21-6aa6-45a4-a706-214c96', 99, '宅配', '{\"country\":\"台灣\",\"postCode\":\"777\",\"city\":\"彰化縣\",\"address\":\"華興街672號\"}', 'a86aaa', 'credit', '{\"country\":\"台灣\",\"postCode\":\"777\",\"city\":\"彰化縣\",\"address\":\"華興街672號\",\"creditNum1\":\"4123\",\"creditNum2\":\"1111\",\"creditNum3\":\"2222\",\"creditNum4\":\"5555\",\"expDate\":\"05/26\",\"csc\":\"445\",\"cardholder\":\"拱\"}', 6060, 0, 0, '444', '已出貨', '2024-09-02', NULL, NULL, NULL, NULL),
(132, 'e6526a0c-c8eb-484d-b373-4c2d6a', 1, '自取', '{}', '李志宏', 'Linepay', '{\"creditNum1\":\"\",\"creditNum2\":\"\",\"creditNum3\":\"\",\"creditNum4\":\"\",\"expDate\":\"\",\"csc\":\"\",\"cardholder\":\"\",\"country\":\"\",\"postCode\":\"\",\"city\":\"\",\"address\":\"\",\"useDeliveryAddress\":false}', 6160, 0, 0, '', '已出貨', '2024-09-03', '2024090302187872610', '{\"orderId\":\"e6526a0c-c8eb-484d-b373-4c2d6a\",\"currency\":\"TWD\",\"amount\":6160,\"packages\":[{\"id\":\"eaad575e-fa0a-4354-a889-f3754ba75c43\",\"amount\":6160,\"products\":[{\"id\":6160,\"name\":\"e6526a0c-c8eb-484d-b373-4c2d6a\",\"quantity\":1,\"price\":6160}]}],\"returnCode\":\"0000\",\"returnMessage\":\"Success.\",\"transactionId\":\"2024090302187872610\",\"paymentAccessToken\":\"846416730097\"}', '{\"returnCode\":\"0000\",\"returnMessage\":\"Success.\",\"info\":{\"transactionId\":\"2024090302187872610\",\"orderId\":\"e6526a0c-c8eb-484d-b373-4c2d6a\",\"payInfo\":[{\"method\":\"CREDIT_CARD\",\"amount\":6160,\"maskedCreditCardNumber\":\"************1111\"}],\"packages\":[{\"id\":\"eaad575e-fa0a-4354-a889-f3754ba75c43\",\"amount\":6160,\"userFeeAmount\":0,\"products\":[{\"id\":\"6160\",\"name\":\"e6526a0c-c8eb-484d-b373-4c2d6a\",\"quantity\":1,\"price\":6160}]}]}}', '0000'),
(133, 'afa7b6af-aeee-47a6-a663-2937f1', 99, '自取', '{}', 'a86aaa', 'Linepay', '{\"creditNum1\":\"\",\"creditNum2\":\"\",\"creditNum3\":\"\",\"creditNum4\":\"\",\"expDate\":\"\",\"csc\":\"\",\"cardholder\":\"\",\"country\":\"\",\"postCode\":\"\",\"city\":\"\",\"address\":\"\",\"useDeliveryAddress\":false}', 8750, 0, 0, '', '付款完成', '2024-09-04', '2024090402188479510', '{\"orderId\":\"afa7b6af-aeee-47a6-a663-2937f1\",\"currency\":\"TWD\",\"amount\":8750,\"packages\":[{\"id\":\"16b7d4f1-2091-4b8f-b290-b7a4b5d48825\",\"amount\":8750,\"products\":[{\"id\":8750,\"name\":\"afa7b6af-aeee-47a6-a663-2937f1\",\"quantity\":1,\"price\":8750}]}],\"returnCode\":\"0000\",\"returnMessage\":\"Success.\",\"transactionId\":\"2024090402188479510\",\"paymentAccessToken\":\"926931434373\"}', '{\"returnCode\":\"0000\",\"returnMessage\":\"Success.\",\"info\":{\"transactionId\":\"2024090402188479510\",\"orderId\":\"afa7b6af-aeee-47a6-a663-2937f1\",\"payInfo\":[{\"method\":\"CREDIT_CARD\",\"amount\":8750,\"maskedCreditCardNumber\":\"************1111\"}],\"packages\":[{\"id\":\"16b7d4f1-2091-4b8f-b290-b7a4b5d48825\",\"amount\":8750,\"userFeeAmount\":0,\"products\":[{\"id\":\"8750\",\"name\":\"afa7b6af-aeee-47a6-a663-2937f1\",\"quantity\":1,\"price\":8750}]}]}}', '0000'),
(134, 'f1d789d0-df7e-47ed-bd3e-6720f3', 1, '7-11店到店', '{\"city\":\"六工門市\",\"address\":\"基隆市七堵區工建路1之22號1之23號1樓\"}', '李志宏', 'Linepay', '{\"creditNum1\":\"\",\"creditNum2\":\"\",\"creditNum3\":\"\",\"creditNum4\":\"\",\"expDate\":\"\",\"csc\":\"\",\"cardholder\":\"\",\"country\":\"\",\"postCode\":\"\",\"city\":\"\",\"address\":\"\",\"useDeliveryAddress\":false}', 2640, 70, 3000, '', '已評論', '2024-09-05', '2024090502189069410', '{\"orderId\":\"f1d789d0-df7e-47ed-bd3e-6720f3\",\"currency\":\"TWD\",\"amount\":2640,\"packages\":[{\"id\":\"170ec9a3-00e1-46d7-8cb9-d70a65d97b66\",\"amount\":2640,\"products\":[{\"id\":2640,\"name\":\"f1d789d0-df7e-47ed-bd3e-6720f3\",\"quantity\":1,\"price\":2640}]}],\"returnCode\":\"0000\",\"returnMessage\":\"Success.\",\"transactionId\":\"2024090502189069410\",\"paymentAccessToken\":\"476292961473\"}', '{\"returnCode\":\"0000\",\"returnMessage\":\"Success.\",\"info\":{\"transactionId\":\"2024090502189069410\",\"orderId\":\"f1d789d0-df7e-47ed-bd3e-6720f3\",\"payInfo\":[{\"method\":\"CREDIT_CARD\",\"amount\":2640,\"maskedCreditCardNumber\":\"************1111\"}],\"packages\":[{\"id\":\"170ec9a3-00e1-46d7-8cb9-d70a65d97b66\",\"amount\":2640,\"userFeeAmount\":0,\"products\":[{\"id\":\"2640\",\"name\":\"f1d789d0-df7e-47ed-bd3e-6720f3\",\"quantity\":1,\"price\":2640}]}]}}', '0000'),
(135, 'b478bf2e-fa51-4651-9a15-3ab2ce', 1, '7-11店到店', '{\"city\":\"六工門市\",\"address\":\"基隆市七堵區工建路1之22號1之23號1樓\"}', '李志宏', 'ECPay', '{\"creditNum1\":\"\",\"creditNum2\":\"\",\"creditNum3\":\"\",\"creditNum4\":\"\",\"expDate\":\"\",\"csc\":\"\",\"cardholder\":\"\",\"country\":\"\",\"postCode\":\"\",\"city\":\"\",\"address\":\"\",\"useDeliveryAddress\":false}', 11204, 31, 20, '紀錄', '已出貨', '2024-09-05', NULL, NULL, NULL, 'RtnCode: 1'),
(136, 'deddda0a-a21e-4372-8cfd-b16d06', 1, '自取', '{}', '李志宏', 'Linepay', '{\"creditNum1\":\"\",\"creditNum2\":\"\",\"creditNum3\":\"\",\"creditNum4\":\"\",\"expDate\":\"\",\"csc\":\"\",\"cardholder\":\"\",\"country\":\"\",\"postCode\":\"\",\"city\":\"\",\"address\":\"\",\"useDeliveryAddress\":false}', 990, 0, 0, '', '已出貨', '2024-09-05', '2024090502189201410', '{\"orderId\":\"deddda0a-a21e-4372-8cfd-b16d06\",\"currency\":\"TWD\",\"amount\":990,\"packages\":[{\"id\":\"ba05ee98-c0a1-468f-aa92-b71ed7d5bf3c\",\"amount\":990,\"products\":[{\"id\":990,\"name\":\"deddda0a-a21e-4372-8cfd-b16d06\",\"quantity\":1,\"price\":990}]}],\"returnCode\":\"0000\",\"returnMessage\":\"Success.\",\"transactionId\":\"2024090502189201410\",\"paymentAccessToken\":\"618372609700\"}', '{\"returnCode\":\"0000\",\"returnMessage\":\"Success.\",\"info\":{\"transactionId\":\"2024090502189201410\",\"orderId\":\"deddda0a-a21e-4372-8cfd-b16d06\",\"payInfo\":[{\"method\":\"CREDIT_CARD\",\"amount\":990,\"maskedCreditCardNumber\":\"************1111\"}],\"packages\":[{\"id\":\"ba05ee98-c0a1-468f-aa92-b71ed7d5bf3c\",\"amount\":990,\"userFeeAmount\":0,\"products\":[{\"id\":\"990\",\"name\":\"deddda0a-a21e-4372-8cfd-b16d06\",\"quantity\":1,\"price\":990}]}]}}', '0000'),
(137, 'c3791269-42ef-4b23-8987-cad3cd', 1, '自取', '{}', '李志宏', 'ECPay', '{\"creditNum1\":\"\",\"creditNum2\":\"\",\"creditNum3\":\"\",\"creditNum4\":\"\",\"expDate\":\"\",\"csc\":\"\",\"cardholder\":\"\",\"country\":\"\",\"postCode\":\"\",\"city\":\"\",\"address\":\"\",\"useDeliveryAddress\":false}', 2280, 0, 0, '', '付款完成', '2024-09-05', NULL, NULL, NULL, 'RtnCode: 1'),
(138, '3839cbb4-fc16-4004-bf3a-5a1014', 1, '自取', '{}', '李志宏', 'Linepay', '{\"creditNum1\":\"\",\"creditNum2\":\"\",\"creditNum3\":\"\",\"creditNum4\":\"\",\"expDate\":\"\",\"csc\":\"\",\"cardholder\":\"\",\"country\":\"\",\"postCode\":\"\",\"city\":\"\",\"address\":\"\",\"useDeliveryAddress\":false}', 5640, 0, 0, '', '付款完成', '2024-09-05', '2024090502189219010', '{\"orderId\":\"3839cbb4-fc16-4004-bf3a-5a1014\",\"currency\":\"TWD\",\"amount\":5640,\"packages\":[{\"id\":\"29b756da-051e-478e-8431-32d1d50c2000\",\"amount\":5640,\"products\":[{\"id\":5640,\"name\":\"3839cbb4-fc16-4004-bf3a-5a1014\",\"quantity\":1,\"price\":5640}]}],\"returnCode\":\"0000\",\"returnMessage\":\"Success.\",\"transactionId\":\"2024090502189219010\",\"paymentAccessToken\":\"167960837844\"}', '{\"returnCode\":\"0000\",\"returnMessage\":\"Success.\",\"info\":{\"transactionId\":\"2024090502189219010\",\"orderId\":\"3839cbb4-fc16-4004-bf3a-5a1014\",\"payInfo\":[{\"method\":\"CREDIT_CARD\",\"amount\":5640,\"maskedCreditCardNumber\":\"************1111\"}],\"packages\":[{\"id\":\"29b756da-051e-478e-8431-32d1d50c2000\",\"amount\":5640,\"userFeeAmount\":0,\"products\":[{\"id\":\"5640\",\"name\":\"3839cbb4-fc16-4004-bf3a-5a1014\",\"quantity\":1,\"price\":5640}]}]}}', '0000'),
(139, '4f423da7-1b00-42f0-a452-a8d19e', 6, '7-11店到店', '{\"city\":\"鑫寧門市\",\"address\":\"台北市大同區民生西路214號216號1樓\"}', '劉美玲', 'ECPay', '{\"creditNum1\":\"\",\"creditNum2\":\"\",\"creditNum3\":\"\",\"creditNum4\":\"\",\"expDate\":\"\",\"csc\":\"\",\"cardholder\":\"\",\"country\":\"\",\"postCode\":\"\",\"city\":\"\",\"address\":\"\",\"useDeliveryAddress\":false}', 3213, 76, 10, '', '付款完成', '2024-09-05', NULL, NULL, NULL, 'RtnCode: 1'),
(140, '4c86583b-78cc-4bfe-842c-16cdef', 6, '自取', '{}', '劉美玲', 'ECPay', '{\"creditNum1\":\"\",\"creditNum2\":\"\",\"creditNum3\":\"\",\"creditNum4\":\"\",\"expDate\":\"\",\"csc\":\"\",\"cardholder\":\"\",\"country\":\"\",\"postCode\":\"\",\"city\":\"\",\"address\":\"\",\"useDeliveryAddress\":false}', 3570, 0, 0, '', '付款完成', '2024-09-05', NULL, NULL, NULL, 'RtnCode: 1'),
(141, '0ba3f21f-f707-4319-adac-a79ce8', 6, '自取', '{}', '劉美玲', 'Linepay', '{\"creditNum1\":\"\",\"creditNum2\":\"\",\"creditNum3\":\"\",\"creditNum4\":\"\",\"expDate\":\"\",\"csc\":\"\",\"cardholder\":\"\",\"country\":\"\",\"postCode\":\"\",\"city\":\"\",\"address\":\"\",\"useDeliveryAddress\":false}', 3570, 0, 0, '', '付款完成', '2024-09-05', '2024090502189271610', '{\"orderId\":\"0ba3f21f-f707-4319-adac-a79ce8\",\"currency\":\"TWD\",\"amount\":3570,\"packages\":[{\"id\":\"38050657-6c50-43d4-b1cd-fd2c70012a7f\",\"amount\":3570,\"products\":[{\"id\":3570,\"name\":\"0ba3f21f-f707-4319-adac-a79ce8\",\"quantity\":1,\"price\":3570}]}],\"returnCode\":\"0000\",\"returnMessage\":\"Success.\",\"transactionId\":\"2024090502189271610\",\"paymentAccessToken\":\"596412093301\"}', '{\"returnCode\":\"0000\",\"returnMessage\":\"Success.\",\"info\":{\"transactionId\":\"2024090502189271610\",\"orderId\":\"0ba3f21f-f707-4319-adac-a79ce8\",\"payInfo\":[{\"method\":\"CREDIT_CARD\",\"amount\":3570,\"maskedCreditCardNumber\":\"************1111\"}],\"packages\":[{\"id\":\"38050657-6c50-43d4-b1cd-fd2c70012a7f\",\"amount\":3570,\"userFeeAmount\":0,\"products\":[{\"id\":\"3570\",\"name\":\"0ba3f21f-f707-4319-adac-a79ce8\",\"quantity\":1,\"price\":3570}]}]}}', '0000'),
(142, '6a1f35db-b95b-41c6-9697-b6eedd', 6, '自取', '{}', '劉美玲', 'Linepay', '{\"creditNum1\":\"\",\"creditNum2\":\"\",\"creditNum3\":\"\",\"creditNum4\":\"\",\"expDate\":\"\",\"csc\":\"\",\"cardholder\":\"\",\"country\":\"\",\"postCode\":\"\",\"city\":\"\",\"address\":\"\",\"useDeliveryAddress\":false}', 2856, 17, 20, '', '付款完成', '2024-09-05', '2024090502189272310', '{\"orderId\":\"6a1f35db-b95b-41c6-9697-b6eedd\",\"currency\":\"TWD\",\"amount\":2856,\"packages\":[{\"id\":\"931d8e29-c077-46ac-9f58-a8c67fb6c4ba\",\"amount\":2856,\"products\":[{\"id\":2856,\"name\":\"6a1f35db-b95b-41c6-9697-b6eedd\",\"quantity\":1,\"price\":2856}]}],\"returnCode\":\"0000\",\"returnMessage\":\"Success.\",\"transactionId\":\"2024090502189272310\",\"paymentAccessToken\":\"618870464806\"}', '{\"returnCode\":\"0000\",\"returnMessage\":\"Success.\",\"info\":{\"transactionId\":\"2024090502189272310\",\"orderId\":\"6a1f35db-b95b-41c6-9697-b6eedd\",\"payInfo\":[{\"method\":\"CREDIT_CARD\",\"amount\":2856,\"maskedCreditCardNumber\":\"************1111\"}],\"packages\":[{\"id\":\"931d8e29-c077-46ac-9f58-a8c67fb6c4ba\",\"amount\":2856,\"userFeeAmount\":0,\"products\":[{\"id\":\"2856\",\"name\":\"6a1f35db-b95b-41c6-9697-b6eedd\",\"quantity\":1,\"price\":2856}]}]}}', '0000'),
(143, '66b69d7f-adb4-4193-94cd-12b1cc', 100, '自取', '{}', 'vic chen', 'Linepay', '{\"creditNum1\":\"\",\"creditNum2\":\"\",\"creditNum3\":\"\",\"creditNum4\":\"\",\"expDate\":\"\",\"csc\":\"\",\"cardholder\":\"\",\"country\":\"\",\"postCode\":\"\",\"city\":\"\",\"address\":\"\",\"useDeliveryAddress\":false}', 34400, 0, 0, '出貨順利', '付款完成', '2024-09-05', '2024090502189275410', '{\"orderId\":\"66b69d7f-adb4-4193-94cd-12b1cc\",\"currency\":\"TWD\",\"amount\":34400,\"packages\":[{\"id\":\"974347b3-ae8b-47c9-9b16-188429126207\",\"amount\":34400,\"products\":[{\"id\":34400,\"name\":\"66b69d7f-adb4-4193-94cd-12b1cc\",\"quantity\":1,\"price\":34400}]}],\"returnCode\":\"0000\",\"returnMessage\":\"Success.\",\"transactionId\":\"2024090502189275410\",\"paymentAccessToken\":\"241820974707\"}', '{\"returnCode\":\"0000\",\"returnMessage\":\"Success.\",\"info\":{\"transactionId\":\"2024090502189275410\",\"orderId\":\"66b69d7f-adb4-4193-94cd-12b1cc\",\"payInfo\":[{\"method\":\"CREDIT_CARD\",\"amount\":34400,\"maskedCreditCardNumber\":\"************1111\"}],\"packages\":[{\"id\":\"974347b3-ae8b-47c9-9b16-188429126207\",\"amount\":34400,\"userFeeAmount\":0,\"products\":[{\"id\":\"34400\",\"name\":\"66b69d7f-adb4-4193-94cd-12b1cc\",\"quantity\":1,\"price\":34400}]}]}}', '0000'),
(144, '2fd46787-3d8c-4a01-b9f6-9efb63', 100, '自取', '{}', 'vic chen', 'ECPay', '{\"creditNum1\":\"\",\"creditNum2\":\"\",\"creditNum3\":\"\",\"creditNum4\":\"\",\"expDate\":\"\",\"csc\":\"\",\"cardholder\":\"\",\"country\":\"\",\"postCode\":\"\",\"city\":\"\",\"address\":\"\",\"useDeliveryAddress\":false}', 440, 0, 0, '', '付款完成', '2024-09-05', NULL, NULL, NULL, 'RtnCode: 1');

--
-- 已傾印資料表的索引
--

--
-- 資料表索引 `booking_record`
--
ALTER TABLE `booking_record`
  ADD PRIMARY KEY (`id`);

--
-- 資料表索引 `brand`
--
ALTER TABLE `brand`
  ADD PRIMARY KEY (`id`);

--
-- 資料表索引 `cart`
--
ALTER TABLE `cart`
  ADD PRIMARY KEY (`id`);

--
-- 資料表索引 `chapter_progress`
--
ALTER TABLE `chapter_progress`
  ADD PRIMARY KEY (`id`);

--
-- 資料表索引 `comment`
--
ALTER TABLE `comment`
  ADD PRIMARY KEY (`id`);

--
-- 資料表索引 `company`
--
ALTER TABLE `company`
  ADD PRIMARY KEY (`id`);

--
-- 資料表索引 `company_photo`
--
ALTER TABLE `company_photo`
  ADD PRIMARY KEY (`id`);

--
-- 資料表索引 `coupons`
--
ALTER TABLE `coupons`
  ADD PRIMARY KEY (`id`),
  ADD UNIQUE KEY `discount_code` (`code`) USING BTREE;

--
-- 資料表索引 `coupons_for_user`
--
ALTER TABLE `coupons_for_user`
  ADD PRIMARY KEY (`id`);

--
-- 資料表索引 `course`
--
ALTER TABLE `course`
  ADD PRIMARY KEY (`id`);

--
-- 資料表索引 `course_category`
--
ALTER TABLE `course_category`
  ADD PRIMARY KEY (`id`);

--
-- 資料表索引 `course_chapter`
--
ALTER TABLE `course_chapter`
  ADD PRIMARY KEY (`id`);

--
-- 資料表索引 `course_intro`
--
ALTER TABLE `course_intro`
  ADD PRIMARY KEY (`id`);

--
-- 資料表索引 `credit_card`
--
ALTER TABLE `credit_card`
  ADD PRIMARY KEY (`id`);

--
-- 資料表索引 `favorite`
--
ALTER TABLE `favorite`
  ADD PRIMARY KEY (`id`);

--
-- 資料表索引 `mahjong_table`
--
ALTER TABLE `mahjong_table`
  ADD PRIMARY KEY (`id`),
  ADD KEY `room_id` (`company_id`);

--
-- 資料表索引 `order_detail`
--
ALTER TABLE `order_detail`
  ADD PRIMARY KEY (`id`);

--
-- 資料表索引 `order_status`
--
ALTER TABLE `order_status`
  ADD PRIMARY KEY (`id`);

--
-- 資料表索引 `party`
--
ALTER TABLE `party`
  ADD PRIMARY KEY (`id`);

--
-- 資料表索引 `product`
--
ALTER TABLE `product`
  ADD PRIMARY KEY (`id`);

--
-- 資料表索引 `product_category`
--
ALTER TABLE `product_category`
  ADD PRIMARY KEY (`id`);

--
-- 資料表索引 `product_images`
--
ALTER TABLE `product_images`
  ADD PRIMARY KEY (`id`);

--
-- 資料表索引 `product_specifications`
--
ALTER TABLE `product_specifications`
  ADD PRIMARY KEY (`id`);

--
-- 資料表索引 `rules_for_party`
--
ALTER TABLE `rules_for_party`
  ADD PRIMARY KEY (`id`);

--
-- 資料表索引 `rules_tags`
--
ALTER TABLE `rules_tags`
  ADD PRIMARY KEY (`id`);

--
-- 資料表索引 `services_for_company`
--
ALTER TABLE `services_for_company`
  ADD PRIMARY KEY (`id`);

--
-- 資料表索引 `services_tags`
--
ALTER TABLE `services_tags`
  ADD PRIMARY KEY (`id`);

--
-- 資料表索引 `user`
--
ALTER TABLE `user`
  ADD PRIMARY KEY (`id`);

--
-- 資料表索引 `user_order`
--
ALTER TABLE `user_order`
  ADD PRIMARY KEY (`id`);

--
-- 在傾印的資料表使用自動遞增(AUTO_INCREMENT)
--

--
-- 使用資料表自動遞增(AUTO_INCREMENT) `booking_record`
--
ALTER TABLE `booking_record`
  MODIFY `id` int(11) NOT NULL AUTO_INCREMENT, AUTO_INCREMENT=812;

--
-- 使用資料表自動遞增(AUTO_INCREMENT) `brand`
--
ALTER TABLE `brand`
  MODIFY `id` int(6) UNSIGNED NOT NULL AUTO_INCREMENT COMMENT 'AUTO_INCREMENT', AUTO_INCREMENT=17;

--
-- 使用資料表自動遞增(AUTO_INCREMENT) `cart`
--
ALTER TABLE `cart`
  MODIFY `id` int(20) UNSIGNED NOT NULL AUTO_INCREMENT, AUTO_INCREMENT=220;

--
-- 使用資料表自動遞增(AUTO_INCREMENT) `chapter_progress`
--
ALTER TABLE `chapter_progress`
  MODIFY `id` int(3) NOT NULL AUTO_INCREMENT, AUTO_INCREMENT=51;

--
-- 使用資料表自動遞增(AUTO_INCREMENT) `comment`
--
ALTER TABLE `comment`
  MODIFY `id` int(20) UNSIGNED NOT NULL AUTO_INCREMENT, AUTO_INCREMENT=899;

--
-- 使用資料表自動遞增(AUTO_INCREMENT) `company`
--
ALTER TABLE `company`
  MODIFY `id` int(11) NOT NULL AUTO_INCREMENT, AUTO_INCREMENT=152;

--
-- 使用資料表自動遞增(AUTO_INCREMENT) `company_photo`
--
ALTER TABLE `company_photo`
  MODIFY `id` int(11) NOT NULL AUTO_INCREMENT, AUTO_INCREMENT=392;

--
-- 使用資料表自動遞增(AUTO_INCREMENT) `coupons`
--
ALTER TABLE `coupons`
  MODIFY `id` int(11) NOT NULL AUTO_INCREMENT, AUTO_INCREMENT=78;

--
-- 使用資料表自動遞增(AUTO_INCREMENT) `coupons_for_user`
--
ALTER TABLE `coupons_for_user`
  MODIFY `id` int(10) UNSIGNED NOT NULL AUTO_INCREMENT, AUTO_INCREMENT=457;

--
-- 使用資料表自動遞增(AUTO_INCREMENT) `course`
--
ALTER TABLE `course`
  MODIFY `id` int(5) UNSIGNED NOT NULL AUTO_INCREMENT, AUTO_INCREMENT=91;

--
-- 使用資料表自動遞增(AUTO_INCREMENT) `course_category`
--
ALTER TABLE `course_category`
  MODIFY `id` int(11) NOT NULL AUTO_INCREMENT, AUTO_INCREMENT=6;

--
-- 使用資料表自動遞增(AUTO_INCREMENT) `course_chapter`
--
ALTER TABLE `course_chapter`
  MODIFY `id` int(3) NOT NULL AUTO_INCREMENT, AUTO_INCREMENT=51;

--
-- 使用資料表自動遞增(AUTO_INCREMENT) `course_intro`
--
ALTER TABLE `course_intro`
  MODIFY `id` int(255) NOT NULL AUTO_INCREMENT, AUTO_INCREMENT=51;

--
-- 使用資料表自動遞增(AUTO_INCREMENT) `credit_card`
--
ALTER TABLE `credit_card`
  MODIFY `id` int(20) UNSIGNED NOT NULL AUTO_INCREMENT, AUTO_INCREMENT=137;

--
-- 使用資料表自動遞增(AUTO_INCREMENT) `favorite`
--
ALTER TABLE `favorite`
  MODIFY `id` int(30) UNSIGNED NOT NULL AUTO_INCREMENT, AUTO_INCREMENT=887;

--
-- 使用資料表自動遞增(AUTO_INCREMENT) `mahjong_table`
--
ALTER TABLE `mahjong_table`
  MODIFY `id` int(11) NOT NULL AUTO_INCREMENT, AUTO_INCREMENT=1351;

--
-- 使用資料表自動遞增(AUTO_INCREMENT) `order_detail`
--
ALTER TABLE `order_detail`
  MODIFY `id` int(20) UNSIGNED NOT NULL AUTO_INCREMENT, AUTO_INCREMENT=253;

--
-- 使用資料表自動遞增(AUTO_INCREMENT) `order_status`
--
ALTER TABLE `order_status`
  MODIFY `id` int(20) UNSIGNED NOT NULL AUTO_INCREMENT, AUTO_INCREMENT=294;

--
-- 使用資料表自動遞增(AUTO_INCREMENT) `party`
--
ALTER TABLE `party`
  MODIFY `id` int(20) UNSIGNED NOT NULL AUTO_INCREMENT, AUTO_INCREMENT=168;

--
-- 使用資料表自動遞增(AUTO_INCREMENT) `product`
--
ALTER TABLE `product`
  MODIFY `id` int(5) UNSIGNED NOT NULL AUTO_INCREMENT, AUTO_INCREMENT=261;

--
-- 使用資料表自動遞增(AUTO_INCREMENT) `product_category`
--
ALTER TABLE `product_category`
  MODIFY `id` int(5) UNSIGNED NOT NULL AUTO_INCREMENT COMMENT 'AUTO_INCREMENT', AUTO_INCREMENT=6;

--
-- 使用資料表自動遞增(AUTO_INCREMENT) `product_images`
--
ALTER TABLE `product_images`
  MODIFY `id` int(6) UNSIGNED NOT NULL AUTO_INCREMENT, AUTO_INCREMENT=532;

--
-- 使用資料表自動遞增(AUTO_INCREMENT) `product_specifications`
--
ALTER TABLE `product_specifications`
  MODIFY `id` int(5) UNSIGNED NOT NULL AUTO_INCREMENT, AUTO_INCREMENT=254;

--
-- 使用資料表自動遞增(AUTO_INCREMENT) `rules_for_party`
--
ALTER TABLE `rules_for_party`
  MODIFY `id` int(20) UNSIGNED NOT NULL AUTO_INCREMENT, AUTO_INCREMENT=31;

--
-- 使用資料表自動遞增(AUTO_INCREMENT) `rules_tags`
--
ALTER TABLE `rules_tags`
  MODIFY `id` int(11) NOT NULL AUTO_INCREMENT, AUTO_INCREMENT=9;

--
-- 使用資料表自動遞增(AUTO_INCREMENT) `services_for_company`
--
ALTER TABLE `services_for_company`
  MODIFY `id` int(10) UNSIGNED NOT NULL AUTO_INCREMENT, AUTO_INCREMENT=51;

--
-- 使用資料表自動遞增(AUTO_INCREMENT) `services_tags`
--
ALTER TABLE `services_tags`
  MODIFY `id` int(10) UNSIGNED NOT NULL AUTO_INCREMENT, AUTO_INCREMENT=13;

--
-- 使用資料表自動遞增(AUTO_INCREMENT) `user`
--
ALTER TABLE `user`
  MODIFY `id` int(11) NOT NULL AUTO_INCREMENT, AUTO_INCREMENT=104;

--
-- 使用資料表自動遞增(AUTO_INCREMENT) `user_order`
--
ALTER TABLE `user_order`
  MODIFY `id` int(20) UNSIGNED NOT NULL AUTO_INCREMENT, AUTO_INCREMENT=145;
COMMIT;

/*!40101 SET CHARACTER_SET_CLIENT=@OLD_CHARACTER_SET_CLIENT */;
/*!40101 SET CHARACTER_SET_RESULTS=@OLD_CHARACTER_SET_RESULTS */;
/*!40101 SET COLLATION_CONNECTION=@OLD_COLLATION_CONNECTION */;
